pair_id,drug_a,drug_b,faers_coreports,faers_expected,obs_exp_ratio,min_detectable_ror,evidence_tier,n_anchor_drugs,both_pk_inert,excluded_clinical,name_defect_v1,faers_reports_a,faers_reports_b,rxcui_a,atc_a,drugbank_a,chembl_a,rxcui_b,atc_b,drugbank_b,chembl_b,n_ae_terms_tested,median_upper95_ror,p95_upper95_ror,max_upper95_ror,frac_terms_equiv_ror1.5,frac_terms_equiv_ror2.0,frac_terms_equiv_ror3.0,gold_d3r_testable,gold_d3r_flagged,label_screen,label_evidence,d3_mechanism_hypotheses,d3_hypothesis_types,knowledge_state,recommended_use,paper5_role,clinical_anchor_status,clinical_anchor_type,clinical_anchor_source,clinical_anchor_locator,clinical_anchor_summary,clinical_anchor_concordance
ADDI2-0001,hydrocodone,aspirin,19544.0,7120.118927125979,2.744897971513082,1.35,EXCLUDED_clinical,1,False,True,False,224891,643609,5489.0,N02AJ;R05DA,DB00956,CHEMBL1457,1191.0,A01AD;B01AC;N02AJ;N02BA,DB00945,CHEMBL25,449.0,1.5506822753978162,3.58931996726578,13.155977953378247,0.4543429844097995,0.7394209354120267,0.9086859688195992,True,False,no_label_signal,,2,pk_inhibitor;pk_inducer,POSITIVE_CONCERN_EXCLUDED,EXCLUDE_POSITIVE_CONCERN,not_used_in_paper5,NOT_ANCHORED,,,,,
ADDI2-0002,methotrexate,ustekinumab,14258.0,2480.7033181617503,5.74756356216166,1.4,EXCLUDED_clinical,1,False,True,False,501264,100604,6851.0,L01BA;L04AX,DB00563,CHEMBL34259,847083.0,L04AC,,CHEMBL1201835,381.0,3.967678713688992,31.682562879921903,100.0433952523859,0.2913385826771653,0.3569553805774278,0.4435695538057743,False,False,no_label_signal,,0,,POSITIVE_CONCERN_EXCLUDED,EXCLUDE_POSITIVE_CONCERN,not_used_in_paper5,NOT_ANCHORED,,,,,
ADDI2-0003,metformin,liraglutide,11556.0,1181.4828493389232,9.780929115023502,1.45,EXCLUDED_clinical,1,False,True,False,455082,52777,6809.0,A10BA;A10BD,DB00331,CHEMBL1431,475968.0,A10AE;A10BJ,,CHEMBL4084119,417.0,1.0473400780540674,2.6330147179714185,10.487508538923326,0.8081534772182254,0.9088729016786572,0.9544364508393284,False,False,label_explicit_INTERACTION,"hypoglycemia. in pediatric patients 10 years of age and older, the risk of hypoglycemia was higher with liraglutide injection regardless of insulin and/or metformin use. reduction in the dose of insul",0,,POSITIVE_CONCERN_EXCLUDED,EXCLUDE_POSITIVE_CONCERN,not_used_in_paper5,NOT_ANCHORED,,,,,
ADDI2-0004,hydroxychloroquine,ustekinumab,7416.0,765.8911182903868,9.6828384908731,1.55,EXCLUDED_clinical,1,False,True,False,154760,100604,5521.0,P01BA,DB01611,CHEMBL1535,847083.0,L04AC,,CHEMBL1201835,345.0,5.983958680775279,39.38156077145547,89.44595545761513,0.2985507246376812,0.336231884057971,0.3710144927536232,False,False,no_label_signal,,0,,POSITIVE_CONCERN_EXCLUDED,EXCLUDE_POSITIVE_CONCERN,not_used_in_paper5,NOT_ANCHORED,,,,,
ADDI2-0005,insulin lispro,liraglutide,2030.0,360.2873381434754,5.634391734276278,2.15,EXCLUDED_clinical,1,True,True,True,138775,52777,86009.0,A10AB;A10AC;A10AD,,CHEMBL1201538,475968.0,A10AE;A10BJ,,CHEMBL4084119,317.0,2.053924731796157,7.089411372443511,11.72125118380167,0.3186119873817035,0.4889589905362776,0.6908517350157729,False,False,label_explicit_INTERACTION,")] . nonetheless, caution should be exercised when oral medications are concomitantly administered with liraglutide injection. 7.2 concomitant use with an insulin secretagogue (e.g., sulfonylurea) or",0,,POSITIVE_CONCERN_EXCLUDED,EXCLUDE_POSITIVE_CONCERN,not_used_in_paper5,NOT_ANCHORED,,,,,
ADDI2-0006,cinacalcet,sevelamer,1987.0,38.25927700293799,51.93511628166458,2.15,EXCLUDED_clinical,1,False,True,False,49662,15661,407990.0,H05BX,DB01012,CHEMBL1201284,214824.0,V03AE,,CHEMBL5314349,309.0,2.844186281302238,6.171409909074587,11.942660485777973,0.1488673139158576,0.2880258899676375,0.5533980582524272,False,False,no_label_signal,,0,,POSITIVE_CONCERN_EXCLUDED,EXCLUDE_POSITIVE_CONCERN,not_used_in_paper5,NOT_ANCHORED,,,,,
ADDI2-0007,sitagliptin,liraglutide,1672.0,252.4438811869499,6.62325421451504,2.25,EXCLUDED_clinical,1,False,True,False,97236,52777,593411.0,A10BD;A10BH,DB01261,CHEMBL1422,475968.0,A10AE;A10BJ,,CHEMBL4084119,263.0,1.9321303426921723,7.57963811660732,13.369978769377967,0.376425855513308,0.5095057034220533,0.6768060836501901,False,False,no_label_signal,,0,,POSITIVE_CONCERN_EXCLUDED,EXCLUDE_POSITIVE_CONCERN,not_used_in_paper5,NOT_ANCHORED,,,,,
ADDI2-0008,hydrocodone,mupirocin,1310.0,159.40391389952322,8.218116907880505,2.5,EXCLUDED_clinical,1,False,True,False,224891,14409,5489.0,N02AJ;R05DA,DB00956,CHEMBL1457,42372.0,D06AX;R01AX,DB00410,CHEMBL719,340.0,2.7399666434730583,8.632047294641081,13.5465474906264,0.1794117647058823,0.35,0.5529411764705883,True,False,no_label_signal,,0,,POSITIVE_CONCERN_EXCLUDED,EXCLUDE_POSITIVE_CONCERN,not_used_in_paper5,NOT_ANCHORED,,,,,
ADDI2-0009,hydrocodone,chlorhexidine,893.0,219.18729586308928,4.074141233795747,2.9,EXCLUDED_clinical,1,False,True,False,224891,19813,5489.0,N02AJ;R05DA,DB00956,CHEMBL1457,2358.0,A01AB;B05CA;D08AC;D09AA;R02AA;S01AX;S02AA;S03AA,DB00878,CHEMBL790,355.0,3.871228721441226,11.64285259286702,21.115208336253332,0.3070422535211267,0.3464788732394366,0.4225352112676056,True,False,no_label_signal,,0,,POSITIVE_CONCERN_EXCLUDED,EXCLUDE_POSITIVE_CONCERN,not_used_in_paper5,NOT_ANCHORED,,,,,
ADDI2-0010,citalopram,mupirocin,509.0,100.6553023514929,5.056862262680895,3.75,EXCLUDED_clinical,1,False,True,False,142007,14409,2556.0,N06AB,DB00215,CHEMBL549,42372.0,D06AX;R01AX,DB00410,CHEMBL719,153.0,3.126060815094712,10.147989110770247,14.078138579934656,0.1437908496732026,0.3202614379084967,0.4836601307189542,True,False,no_label_signal,,0,,POSITIVE_CONCERN_EXCLUDED,EXCLUDE_POSITIVE_CONCERN,not_used_in_paper5,NOT_ANCHORED,,,,,
ADDI2-0011,atenolol,clotrimazole,498.0,107.88698602828777,4.615941350603912,3.8,EXCLUDED_clinical,1,True,True,False,138293,15859,1202.0,C07AB;C07FB,DB00335,CHEMBL24,2623.0,A01AB;D01AC;G01AF,DB00257,CHEMBL104,158.0,2.893641655511674,9.612716107420631,12.1396643257525,0.1582278481012658,0.310126582278481,0.5316455696202531,True,False,no_label_signal,,1,transporter_inhibitor,POSITIVE_CONCERN_EXCLUDED,EXCLUDE_POSITIVE_CONCERN,not_used_in_paper5,NOT_ANCHORED,,,,,
ADDI2-0012,chlorhexidine,citalopram,434.0,138.40540672427852,3.1357156506507304,4.1,EXCLUDED_clinical,1,False,True,False,19813,142007,2358.0,A01AB;B05CA;D08AC;D09AA;R02AA;S01AX;S02AA;S03AA,DB00878,CHEMBL790,2556.0,N06AB,DB00215,CHEMBL549,233.0,3.940297831073188,14.00243611730427,19.545539654632677,0.3090128755364807,0.3733905579399141,0.4377682403433476,True,False,no_label_signal,,0,,POSITIVE_CONCERN_EXCLUDED,EXCLUDE_POSITIVE_CONCERN,not_used_in_paper5,NOT_ANCHORED,,,,,
ADDI2-0013,atenolol,mupirocin,418.0,98.0227997781448,4.264314026390394,4.2,EXCLUDED_clinical,1,True,True,False,138293,14409,1202.0,C07AB;C07FB,DB00335,CHEMBL24,42372.0,D06AX;R01AX,DB00410,CHEMBL719,129.0,3.186092205908364,11.2581583466065,19.79916102463336,0.0852713178294573,0.2790697674418604,0.4806201550387597,True,False,no_label_signal,,0,,POSITIVE_CONCERN_EXCLUDED,EXCLUDE_POSITIVE_CONCERN,not_used_in_paper5,NOT_ANCHORED,,,,,
ADDI2-0014,dextromethorphan,mupirocin,407.0,46.235364259423,8.802785627822784,4.25,EXCLUDED_clinical,1,False,True,True,65230,14409,3289.0,N06AX;R05DA,DB00514,CHEMBL52440,42372.0,D06AX;R01AX,DB00410,CHEMBL719,159.0,3.546805903221318,8.886561095124264,11.65671664712382,0.0754716981132075,0.1320754716981132,0.3710691823899371,True,False,no_label_signal,,0,,POSITIVE_CONCERN_EXCLUDED,EXCLUDE_POSITIVE_CONCERN,not_used_in_paper5,NOT_ANCHORED,,,,,
ADDI2-0015,conjugated estrogens,methylphenidate,341.0,257.26121034061657,1.325501032777201,4.7,EXCLUDED_clinical,1,False,True,True,69479,75271,4099.0,G03CA;G03CC,,CHEMBL1201649,6901.0,N06BA,DB00422,CHEMBL796,93.0,3.4658951792698294,9.181196135731309,11.313919498098333,0.086021505376344,0.1505376344086021,0.3333333333333333,False,False,no_label_signal,,0,,POSITIVE_CONCERN_EXCLUDED,EXCLUDE_POSITIVE_CONCERN,not_used_in_paper5,NOT_ANCHORED,,,,,
ADDI2-0016,atenolol,chlorhexidine,324.0,134.78560149936726,2.40381759175902,4.85,EXCLUDED_clinical,1,True,True,False,138293,19813,1202.0,C07AB;C07FB,DB00335,CHEMBL24,2358.0,A01AB;B05CA;D08AC;D09AA;R02AA;S01AX;S02AA;S03AA,DB00878,CHEMBL790,179.0,2.956570684142899,11.279200809776098,17.954171485319844,0.329608938547486,0.3854748603351955,0.5027932960893855,True,False,no_label_signal,,0,,POSITIVE_CONCERN_EXCLUDED,EXCLUDE_POSITIVE_CONCERN,not_used_in_paper5,NOT_ANCHORED,,,,,
ADDI2-0017,hydrochlorothiazide,sevelamer,284.0,195.91797501792428,1.4495862361481493,5.25,EXCLUDED_clinical,1,False,True,False,254309,15661,5487.0,C03AA;C09DX;C09XA,DB00999,CHEMBL435,214824.0,V03AE,,CHEMBL5314349,60.0,3.4205740506025237,14.164752625767935,17.504713248986775,0.15,0.3,0.3833333333333333,False,False,no_label_signal,,0,,POSITIVE_CONCERN_EXCLUDED,EXCLUDE_POSITIVE_CONCERN,not_used_in_paper5,NOT_ANCHORED,,,,,
ADDI2-0018,metformin,sevelamer,214.0,350.592169003484,0.6103958357320679,6.3,EXCLUDED_clinical,1,False,True,False,455082,15661,6809.0,A10BA;A10BD,DB00331,CHEMBL1431,214824.0,V03AE,,CHEMBL5314349,36.0,5.400903378090736,15.02371077636544,16.67202632733041,0.1388888888888889,0.1944444444444444,0.25,False,False,no_label_signal,,0,,POSITIVE_CONCERN_EXCLUDED,EXCLUDE_POSITIVE_CONCERN,not_used_in_paper5,NOT_ANCHORED,,,,,
ADDI2-0019,spironolactone,sevelamer,213.0,108.96213123644918,1.9548075793211803,6.3,EXCLUDED_clinical,1,False,True,False,141437,15661,9997.0,C03DA,DB00421,CHEMBL1393,214824.0,V03AE,,CHEMBL5314349,50.0,3.5396642330757304,8.678680817560924,12.697258944924146,0.12,0.22,0.42,False,False,no_label_signal,,0,,POSITIVE_CONCERN_EXCLUDED,EXCLUDE_POSITIVE_CONCERN,not_used_in_paper5,NOT_ANCHORED,,,,,
ADDI2-0020,hydrocodone,zaleplon,158.0,18.07661845456457,8.74057282323747,7.75,EXCLUDED_clinical,1,False,True,False,224891,1634,5489.0,N02AJ;R05DA,DB00956,CHEMBL1457,74667.0,N05CF,DB00962,CHEMBL1521,27.0,3.2537929975748967,9.00768187945735,9.641762378020074,0.1481481481481481,0.2222222222222222,0.4814814814814814,True,False,no_label_signal,,0,,POSITIVE_CONCERN_EXCLUDED,EXCLUDE_POSITIVE_CONCERN,not_used_in_paper5,NOT_ANCHORED,,,,,
ADDI2-0021,ustekinumab,clotrimazole,120.0,78.48453893103672,1.5289635593762274,9.5,EXCLUDED_clinical,1,True,True,False,100604,15859,847083.0,L04AC,,CHEMBL1201835,2623.0,A01AB;D01AC;G01AF,DB00257,CHEMBL104,145.0,5.996618860401183,15.645829093883668,26.054850408573675,0.0,0.0206896551724137,0.0758620689655172,False,False,no_label_signal,,0,,POSITIVE_CONCERN_EXCLUDED,EXCLUDE_POSITIVE_CONCERN,not_used_in_paper5,NOT_ANCHORED,,,,,
ADDI2-0022,sevelamer,glimepiride,108.0,30.665509264668085,3.521872050709247,10.35,EXCLUDED_clinical,1,False,True,False,15661,39805,214824.0,V03AE,,CHEMBL5314349,25789.0,A10BB;A10BD,DB00222,CHEMBL1481,16.0,9.020340832809296,13.171854194869551,14.261794679189045,0.0,0.1875,0.25,False,False,no_label_signal,,0,,POSITIVE_CONCERN_EXCLUDED,EXCLUDE_POSITIVE_CONCERN,not_used_in_paper5,NOT_ANCHORED,,,,,
ADDI2-0023,sevelamer,clotrimazole,77.0,12.21766892170258,6.302347894140657,13.6,EXCLUDED_clinical,1,True,True,False,15661,15859,214824.0,V03AE,,CHEMBL5314349,2623.0,A01AB;D01AC;G01AF,DB00257,CHEMBL104,12.0,8.318883915949417,20.006679135512737,22.458023277350183,0.0,0.0833333333333333,0.1666666666666666,False,False,no_label_signal,,0,,POSITIVE_CONCERN_EXCLUDED,EXCLUDE_POSITIVE_CONCERN,not_used_in_paper5,NOT_ANCHORED,,,,,
ADDI2-0024,dextromethorphan,zolmitriptan,68.0,23.07757233352559,2.946583766144849,15.15,EXCLUDED_clinical,1,False,True,True,65230,7192,3289.0,N06AX;R05DA,DB00514,CHEMBL52440,135775.0,N02CC,DB00315,CHEMBL1185,15.0,4.781443796821136,10.63802868346018,12.92514386262676,0.0666666666666666,0.1333333333333333,0.2,True,False,no_label_signal,,2,pk_inhibitor;biological_process,POSITIVE_CONCERN_EXCLUDED,EXCLUDE_POSITIVE_CONCERN,not_used_in_paper5,NOT_ANCHORED,,,,,
ADDI2-0025,methotrexate,sevelamer,66.0,386.1704769763744,0.1709089739763763,15.55,EXCLUDED_clinical,1,False,True,False,501264,15661,6851.0,L01BA;L04AX,DB00563,CHEMBL34259,214824.0,V03AE,,CHEMBL5314349,13.0,3.733352388617929,5.973769973701349,6.977816624183872,0.0,0.0769230769230769,0.2307692307692307,False,False,no_label_signal,,0,,POSITIVE_CONCERN_EXCLUDED,EXCLUDE_POSITIVE_CONCERN,not_used_in_paper5,NOT_ANCHORED,,,,,
ADDI2-0026,nitrofurantoin,sevelamer,56.0,20.624201696380588,2.715256610869337,18.0,EXCLUDED_clinical,1,False,True,False,26771,15661,7454.0,J01XE,DB00698,CHEMBL572,214824.0,V03AE,,CHEMBL5314349,,,,,,,,False,False,no_label_signal,,0,,POSITIVE_CONCERN_EXCLUDED,EXCLUDE_POSITIVE_CONCERN,not_used_in_paper5,NOT_ANCHORED,,,,,
ADDI2-0027,hydrocodone,zopiclone,52.0,502.49459207052143,0.1034837007613052,19.25,EXCLUDED_clinical,1,False,True,False,224891,45422,5489.0,N02AJ;R05DA,DB00956,CHEMBL1457,40001.0,N05CF,DB01198,CHEMBL135400,16.0,4.7724527335841405,9.01530545154361,12.717437601241324,0.0,0.0,0.25,True,False,no_label_signal,,0,,POSITIVE_CONCERN_EXCLUDED,EXCLUDE_POSITIVE_CONCERN,not_used_in_paper5,NOT_ANCHORED,,,,,
ADDI2-0028,triamterene,sevelamer,29.0,16.341584788899368,1.7746136849407246,inf,EXCLUDED_clinical,1,False,True,False,21212,15661,10763.0,C03DB,DB00384,CHEMBL585,214824.0,V03AE,,CHEMBL5314349,,,,,,,,False,False,no_label_signal,,0,,POSITIVE_CONCERN_EXCLUDED,EXCLUDE_POSITIVE_CONCERN,not_used_in_paper5,NOT_ANCHORED,,,,,
ADDI2-0029,sevelamer,pemetrexed,1.0,29.011474636072624,0.0344691199790516,inf,EXCLUDED_clinical,1,False,True,False,15661,37658,214824.0,V03AE,,CHEMBL5314349,68446.0,L01BA,DB00642,CHEMBL225072,,,,,,,,False,False,no_label_signal,,0,,POSITIVE_CONCERN_EXCLUDED,EXCLUDE_POSITIVE_CONCERN,not_used_in_paper5,NOT_ANCHORED,,,,,
ADDI2-0030,ustekinumab,pemetrexed,1.0,186.3655190784401,0.0053657994512338,inf,EXCLUDED_clinical,1,False,True,False,100604,37658,847083.0,L04AC,,CHEMBL1201835,68446.0,L01BA,DB00642,CHEMBL225072,,,,,,,,False,False,no_label_signal,,0,,POSITIVE_CONCERN_EXCLUDED,EXCLUDE_POSITIVE_CONCERN,not_used_in_paper5,NOT_ANCHORED,,,,,
ADDI2-0031,dextromethorphan,naproxen,21095.0,545.3231625925575,38.68348430261213,1.3,T1_wellpowered,1,False,False,True,65230,169947,3289.0,N06AX;R05DA,DB00514,CHEMBL52440,7258.0,G02CC;M01AE;M02AA;N02CC,DB00788,CHEMBL154,447.0,0.9276588682569906,2.462822202459308,6.095935578791852,0.796420581655481,0.901565995525727,0.9821029082774048,False,False,no_label_signal,,0,,ANTI_DDI_SUPPORTED,DEFAULT_BENCHMARK,not_used_in_paper5,NOT_ANCHORED,,,,,
ADDI2-0032,atorvastatin,atenolol,20628.0,3461.880383253622,5.958611423949008,1.3,T1_wellpowered,1,False,False,False,508884,138293,83367.0,C10AA;C10BA;C10BX,DB01076,CHEMBL1487,1202.0,C07AB;C07FB,DB00335,CHEMBL24,441.0,1.1839864248384646,2.2153071378967675,3.4976675736692373,0.7755102040816326,0.927437641723356,0.9909297052154196,True,False,no_label_signal,,3,transporter_inhibitor;biological_process;pharmacogenetic,ANTI_DDI_SUPPORTED,DEFAULT_BENCHMARK,development,NOT_ANCHORED,,,,,
ADDI2-0033,hydrocodone,omeprazole,19319.0,5086.101090115761,3.798390880893855,1.35,T1_wellpowered,1,False,False,False,224891,459748,5489.0,N02AJ;R05DA,DB00956,CHEMBL1457,7646.0,A02BC;A02BD,DB00338,CHEMBL1503,450.0,1.4772250558608402,3.260779395667578,8.056369558582992,0.52,0.76,0.9333333333333332,True,False,no_label_signal,,2,pk_inhibitor;pk_inducer,ANTI_DDI_SUPPORTED,DEFAULT_BENCHMARK,confirmatory,NOT_ANCHORED,,,,,
ADDI2-0034,atenolol,omeprazole,17800.0,3127.613724228088,5.691239893888475,1.35,T1_wellpowered,1,False,False,False,138293,459748,1202.0,C07AB;C07FB,DB00335,CHEMBL24,7646.0,A02BC;A02BD,DB00338,CHEMBL1503,462.0,1.1929271814948637,1.891408208459567,3.57791040833007,0.7857142857142857,0.9588744588744588,0.9956709956709956,True,False,no_label_signal,,2,transporter_inhibitor;pharmacogenetic,ANTI_DDI_SUPPORTED,DEFAULT_BENCHMARK,confirmatory,NOT_ANCHORED,,,,,
ADDI2-0035,simvastatin,atenolol,16834.0,1845.5756416276104,9.12127339584636,1.35,T1_wellpowered,1,False,False,False,271293,138293,36567.0,A10BH;C10AA;C10BA,DB00641,CHEMBL1064,1202.0,C07AB;C07FB,DB00335,CHEMBL24,447.0,1.2532137567606048,2.120720336237017,4.162454710631351,0.7136465324384788,0.9261744966442952,0.9910514541387024,True,False,no_label_signal,,3,transporter_inhibitor;biological_process;pharmacogenetic,ANTI_DDI_SUPPORTED,DEFAULT_BENCHMARK,development,NOT_ANCHORED,,,,,
ADDI2-0036,metformin,atenolol,15737.0,3095.8714531638348,5.083221392773763,1.35,T1_wellpowered,1,False,False,False,455082,138293,6809.0,A10BA;A10BD,DB00331,CHEMBL1431,1202.0,C07AB;C07FB,DB00335,CHEMBL24,451.0,1.1735225986344788,2.4205755892292835,4.811389900451583,0.7871396895787139,0.8980044345898004,0.9866962305986696,True,False,no_label_signal,,2,transporter_inhibitor;pharmacogenetic,ANTI_DDI_SUPPORTED,DEFAULT_BENCHMARK,confirmatory,NOT_ANCHORED,,,,,
ADDI2-0037,atenolol,acetaminophen,15293.0,5352.885704728443,2.856963672228422,1.35,T1_wellpowered,1,False,False,False,138293,786855,1202.0,C07AB;C07FB,DB00335,CHEMBL24,161.0,N02AJ;N02BE,DB00316,CHEMBL112,420.0,1.4682964019952405,3.2604947272816247,13.073795943524985,0.5095238095238095,0.7404761904761905,0.930952380952381,True,False,no_label_signal,,2,transporter_inhibitor;pharmacogenetic,ANTI_DDI_SUPPORTED,DEFAULT_BENCHMARK,confirmatory,NOT_ANCHORED,,,,,
ADDI2-0038,hydrocodone,furosemide,14764.0,4485.567946794106,3.291444957500203,1.4,T1_wellpowered,1,False,False,False,224891,405464,5489.0,N02AJ;R05DA,DB00956,CHEMBL1457,4603.0,C03CA;C03CB,DB00695,CHEMBL35,448.0,1.6353637262484444,3.650132140276095,10.52270086663189,0.4352678571428571,0.6741071428571429,0.8995535714285714,True,False,no_label_signal,,1,pk_inhibitor,ANTI_DDI_SUPPORTED,DEFAULT_BENCHMARK,confirmatory,NOT_ANCHORED,,,,,
ADDI2-0039,atenolol,losartan,11233.0,1549.7112801069431,7.248446948921239,1.45,T1_wellpowered,1,False,False,False,138293,227802,1202.0,C07AB;C07FB,DB00335,CHEMBL24,52175.0,C09CA,DB00678,CHEMBL191,459.0,1.300664034822122,2.0793832942790687,5.822991063708691,0.7342047930283224,0.9281045751633988,0.9847494553376906,True,False,no_label_signal,,1,transporter_inhibitor,ANTI_DDI_SUPPORTED,DEFAULT_BENCHMARK,confirmatory,NOT_ANCHORED,,,,,
ADDI2-0040,hydrocodone,metformin,10018.0,5034.482056022127,1.989876990030525,1.45,T1_wellpowered,1,False,False,False,224891,455082,5489.0,N02AJ;R05DA,DB00956,CHEMBL1457,6809.0,A10BA;A10BD,DB00331,CHEMBL1431,455.0,1.610208095567697,3.673901590857041,7.019400114714327,0.4241758241758241,0.6637362637362637,0.8923076923076924,True,False,no_label_signal,,0,,ANTI_DDI_SUPPORTED,DEFAULT_BENCHMARK,development,NOT_ANCHORED,,,,,
ADDI2-0041,citalopram,lisinopril,9995.0,2311.85858472618,4.323361327563132,1.45,T1_wellpowered,1,False,False,False,142007,330947,2556.0,N06AB,DB00215,CHEMBL549,29046.0,C09AA,,CHEMBL419213,452.0,1.1580472380848512,2.2778277268710143,4.58153126079171,0.7588495575221239,0.913716814159292,0.9889380530973452,False,False,no_label_signal,,0,,ANTI_DDI_SUPPORTED,DEFAULT_BENCHMARK,not_used_in_paper5,NOT_ANCHORED,,,,,
ADDI2-0042,atenolol,pantoprazole,9591.0,2305.314749754963,4.16038634248076,1.5,T1_wellpowered,1,False,False,False,138293,338873,1202.0,C07AB;C07FB,DB00335,CHEMBL24,40790.0,A02BC,DB00213,CHEMBL1502,431.0,1.3624783628910817,3.094811569403824,6.555810863760931,0.6403712296983759,0.8167053364269141,0.9443155452436196,True,False,no_label_signal,,2,transporter_inhibitor;pharmacogenetic,ANTI_DDI_SUPPORTED,DEFAULT_BENCHMARK,confirmatory,NOT_ANCHORED,,,,,
ADDI2-0043,atenolol,clopidogrel,9388.0,1465.8248796583134,6.404584974835712,1.5,T1_wellpowered,1,False,False,False,138293,215471,1202.0,C07AB;C07FB,DB00335,CHEMBL24,32968.0,B01AC,DB00758,CHEMBL1771,449.0,1.211878066380328,2.335205917434172,4.308902691548202,0.6993318485523385,0.8864142538975501,0.9866369710467706,True,False,no_label_signal,,2,transporter_inhibitor;pharmacogenetic,ANTI_DDI_SUPPORTED,DEFAULT_BENCHMARK,confirmatory,NOT_ANCHORED,,,,,
ADDI2-0044,atenolol,rosuvastatin,7889.0,1557.9291676863725,5.063773221292008,1.55,T1_wellpowered,1,False,False,False,138293,229010,1202.0,C07AB;C07FB,DB00335,CHEMBL24,301542.0,C10AA;C10BA,DB01098,CHEMBL1496,447.0,1.2405046682148886,2.283536977416936,4.491792184423029,0.7449664429530202,0.9172259507829976,0.9798657718120806,True,False,no_label_signal,,2,transporter_inhibitor;pharmacogenetic,ANTI_DDI_SUPPORTED,DEFAULT_BENCHMARK,confirmatory,NOT_ANCHORED,,,,,
ADDI2-0045,acetaminophen,ustekinumab,7632.0,3894.063426482181,1.9599064432534408,1.55,T1_wellpowered,1,False,False,False,786855,100604,161.0,N02AJ;N02BE,DB00316,CHEMBL112,847083.0,L04AC,,CHEMBL1201835,363.0,5.248684664358674,80.61357403475046,257.0900990454098,0.3774104683195592,0.418732782369146,0.4573002754820937,False,False,no_label_signal,,0,,ANTI_DDI_SUPPORTED,DEFAULT_BENCHMARK,not_used_in_paper5,NOT_ANCHORED,,,,,
ADDI2-0046,diclofenac,ustekinumab,7295.0,852.9075536283286,8.553095782733495,1.55,T1_wellpowered,1,False,False,False,172343,100604,3355.0,D11AX;M01AB;M02AA;S01BC,DB00586,CHEMBL139,847083.0,L04AC,,CHEMBL1201835,302.0,10.501718307857374,43.55089356100107,81.83500357713669,0.2748344370860927,0.3013245033112582,0.3211920529801324,False,False,no_label_signal,,0,,ANTI_DDI_SUPPORTED,DEFAULT_BENCHMARK,not_used_in_paper5,NOT_ANCHORED,,,,,
ADDI2-0047,lidocaine,heparin,7146.0,392.69473905573807,18.197340807730345,1.55,T1_wellpowered,1,False,False,False,108365,73667,6387.0,C01BB;C05AD;D04AB;N01BB;R02AD;S01HA;S02DA,DB00281,CHEMBL79,5224.0,B01AB;C05BA;S01XA,,CHEMBL4650299,417.0,1.7743399279376757,4.503578886465574,12.284910362919714,0.3597122302158273,0.580335731414868,0.8345323741007195,False,False,no_label_signal,,0,,ANTI_DDI_SUPPORTED,DEFAULT_BENCHMARK,not_used_in_paper5,NOT_ANCHORED,,,,,
ADDI2-0048,aspirin,levetiracetam,6909.0,4234.5032316333045,1.6315963460335126,1.55,T1_wellpowered,1,False,False,False,643609,133748,1191.0,A01AD;B01AC;N02AJ;N02BA,DB00945,CHEMBL25,114477.0,N03AX,DB01202,CHEMBL1286,436.0,1.3527149518209252,2.653445239465272,4.277054553292808,0.5894495412844036,0.7798165137614679,0.9770642201834864,True,False,no_label_signal,,1,transporter_inhibitor,ANTI_DDI_SUPPORTED,DEFAULT_BENCHMARK,confirmatory,NOT_ANCHORED,,,,,
ADDI2-0049,hydrocodone,montelukast,6551.0,1927.2286093835892,3.399181585466029,1.6,T1_wellpowered,1,False,False,False,224891,174208,5489.0,N02AJ;R05DA,DB00956,CHEMBL1457,88249.0,R03DC,DB00471,CHEMBL787,437.0,1.5439691051424391,3.8828291490125193,7.178527880446815,0.4759725400457666,0.6864988558352403,0.8718535469107551,True,False,no_label_signal,,1,pk_inhibitor,ANTI_DDI_SUPPORTED,DEFAULT_BENCHMARK,confirmatory,NOT_ANCHORED,,,,,
ADDI2-0050,hydrocodone,naproxen,6529.0,1880.090010096625,3.4727060752077765,1.6,T1_wellpowered,1,False,False,False,224891,169947,5489.0,N02AJ;R05DA,DB00956,CHEMBL1457,7258.0,G02CC;M01AE;M02AA;N02CC,DB00788,CHEMBL154,422.0,1.5515794708768869,5.522381112101868,10.587247449211482,0.490521327014218,0.6184834123222749,0.7819905213270142,False,False,no_label_signal,,0,,ANTI_DDI_SUPPORTED,DEFAULT_BENCHMARK,not_used_in_paper5,NOT_ANCHORED,,,,,
ADDI2-0051,levetiracetam,omeprazole,6474.0,3024.824686629535,2.1402893293673064,1.6,T1_wellpowered,1,False,False,False,133748,459748,114477.0,N03AX,DB01202,CHEMBL1286,7646.0,A02BC;A02BD,DB00338,CHEMBL1503,440.0,1.3944298312577803,2.6291772018208173,5.21581846998446,0.5636363636363636,0.7954545454545454,0.9795454545454544,True,False,no_label_signal,,1,transporter_inhibitor,ANTI_DDI_SUPPORTED,DEFAULT_BENCHMARK,confirmatory,NOT_ANCHORED,,,,,
ADDI2-0052,hydrocodone,amoxicillin,6032.0,1480.9773026392652,4.072986121563314,1.6,T1_wellpowered,1,False,False,False,224891,133870,5489.0,N02AJ;R05DA,DB00956,CHEMBL1457,723.0,A02BD;J01CA,DB01060,CHEMBL1082,404.0,2.0969771831037693,6.161676536791058,16.669590401823505,0.2896039603960396,0.4752475247524752,0.7153465346534653,True,False,no_label_signal,,0,,ANTI_DDI_SUPPORTED,DEFAULT_BENCHMARK,development,NOT_ANCHORED,,,,,
ADDI2-0053,atenolol,tramadol,5775.0,1471.920266472195,3.923446216173892,1.6,T1_wellpowered,1,False,False,False,138293,216367,1202.0,C07AB;C07FB,DB00335,CHEMBL24,10689.0,N02AJ;N02AX,DB00193,CHEMBL1237044,437.0,1.2473542778789757,2.5480728541518043,27.61387250486663,0.6567505720823799,0.8718535469107551,0.9633867276887872,True,False,no_label_signal,,1,pharmacogenetic,ANTI_DDI_SUPPORTED,DEFAULT_BENCHMARK,development,NOT_ANCHORED,,,,,
ADDI2-0054,atenolol,lansoprazole,5712.0,1219.4515215650877,4.684073043485169,1.65,T1_wellpowered,1,False,False,False,138293,179255,1202.0,C07AB;C07FB,DB00335,CHEMBL24,17128.0,A02BC,DB00448,CHEMBL480,403.0,1.4252269126526669,4.148821189124104,14.72298511050172,0.5483870967741935,0.7146401985111662,0.8883374689826302,True,False,no_label_signal,,2,transporter_inhibitor;pharmacogenetic,ANTI_DDI_SUPPORTED,DEFAULT_BENCHMARK,confirmatory,NOT_ANCHORED,,,,,
ADDI2-0055,citalopram,montelukast,5568.0,1216.9448894474897,4.57539207262537,1.65,T1_wellpowered,1,False,False,False,142007,174208,2556.0,N06AB,DB00215,CHEMBL549,88249.0,R03DC,DB00471,CHEMBL787,421.0,1.4249643346076,5.467731703568141,40.61302325979229,0.5510688836104513,0.7458432304038005,0.8812351543942993,True,False,no_label_signal,,4,pk_inhibitor;transporter_inhibitor;metab_transporter;pharmacogenetic,ANTI_DDI_SUPPORTED,DEFAULT_BENCHMARK,confirmatory,NOT_ANCHORED,,,,,
ADDI2-0056,pantoprazole,ustekinumab,5444.0,1677.0471758104047,3.246181788159465,1.65,T1_wellpowered,1,False,False,False,338873,100604,40790.0,A02BC,DB00213,CHEMBL1502,847083.0,L04AC,,CHEMBL1201835,370.0,6.234363034638969,48.17575619901128,181.82208943508425,0.3054054054054054,0.3594594594594594,0.4027027027027027,False,False,no_label_signal,,0,,ANTI_DDI_SUPPORTED,DEFAULT_BENCHMARK,not_used_in_paper5,NOT_ANCHORED,,,,,
ADDI2-0057,hydrocodone,famotidine,5383.0,1304.6915529002897,4.125879398876888,1.65,T1_wellpowered,1,False,False,False,224891,117935,5489.0,N02AJ;R05DA,DB00956,CHEMBL1457,4278.0,A02BA,DB00927,CHEMBL902,431.0,1.8574012605520789,4.468024118126003,10.112424142543048,0.3248259860788863,0.5661252900232019,0.8329466357308585,True,False,no_label_signal,,0,,ANTI_DDI_SUPPORTED,DEFAULT_BENCHMARK,confirmatory,NOT_ANCHORED,,,,,
ADDI2-0058,naproxen,ustekinumab,5138.0,841.0499992252285,6.109030384320912,1.65,T1_wellpowered,1,False,False,False,169947,100604,7258.0,G02CC;M01AE;M02AA;N02CC,DB00788,CHEMBL154,847083.0,L04AC,,CHEMBL1201835,382.0,9.218265107269367,51.06213466562867,123.37546698697828,0.2303664921465968,0.2643979057591623,0.3141361256544502,False,False,no_label_signal,,0,,ANTI_DDI_SUPPORTED,DEFAULT_BENCHMARK,not_used_in_paper5,NOT_ANCHORED,,,,,
ADDI2-0059,heparin,albuterol,5069.0,1180.5737782407275,4.293674900651904,1.65,T1_wellpowered,1,False,False,False,73667,325782,5224.0,B01AB;C05BA;S01XA,,CHEMBL4650299,435.0,R03AC;R03CC,DB01001,CHEMBL714,411.0,2.0393260142985405,5.809374358576353,18.168644308977296,0.2992700729927007,0.4793187347931874,0.732360097323601,False,False,no_label_signal,,0,,ANTI_DDI_SUPPORTED,DEFAULT_BENCHMARK,not_used_in_paper5,NOT_ANCHORED,,,,,
ADDI2-0060,lisinopril,chlorpheniramine,5032.0,1128.1964968031452,4.460215941335275,1.65,T1_wellpowered,1,False,False,False,330947,69300,29046.0,C09AA,,CHEMBL419213,2400.0,R06AB,DB01114,CHEMBL505,438.0,1.9445847634653235,4.075233464436877,5.670210921877418,0.2465753424657534,0.5205479452054794,0.8333333333333334,False,False,no_label_signal,,0,,ANTI_DDI_SUPPORTED,DEFAULT_BENCHMARK,not_used_in_paper5,NOT_ANCHORED,,,,,
ADDI2-0061,citalopram,methotrexate,4984.0,3501.6225607549964,1.4233401554636385,1.7,T1_wellpowered,1,False,False,False,142007,501264,2556.0,N06AB,DB00215,CHEMBL549,6851.0,L01BA;L04AX,DB00563,CHEMBL34259,401.0,1.7613088593435793,5.210842838683821,15.75778561105877,0.3690773067331671,0.6034912718204489,0.8179551122194514,True,False,no_label_signal,,4,pk_inhibitor;transporter_inhibitor;metab_transporter;pharmacogenetic,ANTI_DDI_SUPPORTED,DEFAULT_BENCHMARK,confirmatory,NOT_ANCHORED,,,,,
ADDI2-0062,hydrocodone,methotrexate,4962.0,5545.384377606399,0.8947982073231486,1.7,T1_wellpowered,1,False,False,False,224891,501264,5489.0,N02AJ;R05DA,DB00956,CHEMBL1457,6851.0,L01BA;L04AX,DB00563,CHEMBL34259,438.0,1.557105105697863,3.46644065109114,6.438731729157528,0.4726027397260274,0.682648401826484,0.8926940639269406,True,False,no_label_signal,,1,pk_inhibitor,ANTI_DDI_SUPPORTED,DEFAULT_BENCHMARK,confirmatory,NOT_ANCHORED,,,,,
ADDI2-0063,furosemide,dextromethorphan,4852.0,1301.0462720579285,3.729306254669448,1.7,T1_wellpowered,1,False,False,True,405464,65230,4603.0,C03CA;C03CB,DB00695,CHEMBL35,3289.0,N06AX;R05DA,DB00514,CHEMBL52440,417.0,1.890894592093656,3.837123821095189,6.6881160391992935,0.3141486810551558,0.5611510791366906,0.8489208633093526,True,False,no_label_signal,,3,pk_inhibitor;transporter_inhibitor;metab_transporter,ANTI_DDI_SUPPORTED,DEFAULT_BENCHMARK,confirmatory,NOT_ANCHORED,,,,,
ADDI2-0064,atenolol,ramipril,4836.0,879.9874568187884,5.495532876664462,1.7,T1_wellpowered,1,False,False,False,138293,129355,1202.0,C07AB;C07FB,DB00335,CHEMBL24,35296.0,C09AA;C09BB,DB00178,CHEMBL1168,387.0,1.274024473486794,3.855175484419715,12.826613509545036,0.6098191214470284,0.7803617571059431,0.9069767441860463,True,False,no_label_signal,,1,transporter_inhibitor,ANTI_DDI_SUPPORTED,DEFAULT_BENCHMARK,confirmatory,NOT_ANCHORED,,,,,
ADDI2-0065,hydrocodone,diclofenac,4737.0,1906.596483668924,2.4845320132367186,1.7,T1_wellpowered,1,False,False,False,224891,172343,5489.0,N02AJ;R05DA,DB00956,CHEMBL1457,3355.0,D11AX;M01AB;M02AA;S01BC,DB00586,CHEMBL139,418.0,1.7798250353422351,5.275593062271123,10.402520356001467,0.430622009569378,0.562200956937799,0.777511961722488,True,False,no_label_signal,,1,pk_inhibitor,ANTI_DDI_SUPPORTED,DEFAULT_BENCHMARK,confirmatory,NOT_ANCHORED,,,,,
ADDI2-0066,fentanyl,heparin,4660.0,504.15604837033584,9.243169877785386,1.7,T1_wellpowered,1,False,False,False,139123,73667,4337.0,N01AH;N02AB,DB00813,CHEMBL596,5224.0,B01AB;C05BA;S01XA,,CHEMBL4650299,391.0,1.7137522838215251,4.094413352133833,9.44469145074932,0.4040920716112532,0.6010230179028133,0.8593350383631714,False,False,no_label_signal,,0,,ANTI_DDI_SUPPORTED,DEFAULT_BENCHMARK,not_used_in_paper5,NOT_ANCHORED,,,,,
ADDI2-0067,hydrocodone,meloxicam,4627.0,644.1095203672663,7.183560953053015,1.7,T1_wellpowered,1,False,False,False,224891,58223,5489.0,N02AJ;R05DA,DB00956,CHEMBL1457,41493.0,M01AC;N01BB,DB00814,CHEMBL599,425.0,1.4055366147244603,4.548042519316508,10.30347651625491,0.5364705882352941,0.7270588235294118,0.8870588235294118,True,False,no_label_signal,,1,pk_inhibitor,ANTI_DDI_SUPPORTED,DEFAULT_BENCHMARK,confirmatory,NOT_ANCHORED,,,,,
ADDI2-0068,atenolol,pravastatin,4299.0,572.347297781571,7.51117375178149,1.75,T1_wellpowered,1,False,False,False,138293,84133,1202.0,C07AB;C07FB,DB00335,CHEMBL24,42463.0,C10AA,DB00175,CHEMBL1144,429.0,1.4199333568607058,2.6224955417733264,5.24965004534254,0.5477855477855478,0.8065268065268065,0.9743589743589745,True,False,no_label_signal,,2,transporter_inhibitor;pharmacogenetic,ANTI_DDI_SUPPORTED,DEFAULT_BENCHMARK,development,NOT_ANCHORED,,,,,
ADDI2-0069,atenolol,ezetimibe,4294.0,641.8660007403372,6.689869840507583,1.75,T1_wellpowered,1,False,False,False,138293,94352,1202.0,C07AB;C07FB,DB00335,CHEMBL24,341248.0,C10AX;C10BA,DB00973,CHEMBL1138,414.0,1.5164606086961188,3.0716109156397176,5.785726895451317,0.4782608695652174,0.7439613526570048,0.9396135265700484,True,False,no_label_signal,,1,transporter_inhibitor,ANTI_DDI_SUPPORTED,DEFAULT_BENCHMARK,development,NOT_ANCHORED,,,,,
ADDI2-0070,celecoxib,ustekinumab,4200.0,653.0315489403463,6.431542253686224,1.75,T1_wellpowered,1,False,False,False,131955,100604,140587.0,C08CA;L01XX;M01AH;N02AJ,DB00482,CHEMBL118,847083.0,L04AC,,CHEMBL1201835,353.0,9.064814643371136,45.48529799859989,84.84028789573081,0.2294617563739376,0.2691218130311614,0.3172804532577903,False,False,no_label_signal,,0,,ANTI_DDI_SUPPORTED,DEFAULT_BENCHMARK,not_used_in_paper5,NOT_ANCHORED,,,,,
ADDI2-0071,levetiracetam,albuterol,4139.0,2143.420821971043,1.931025376619168,1.75,T1_wellpowered,1,False,False,False,133748,325782,114477.0,N03AX,DB01202,CHEMBL1286,435.0,R03AC;R03CC,DB01001,CHEMBL714,407.0,1.5118264714961338,3.268007855529615,5.329389002908074,0.4914004914004914,0.6805896805896806,0.918918918918919,True,False,no_label_signal,,0,,ANTI_DDI_SUPPORTED,DEFAULT_BENCHMARK,development,NOT_ANCHORED,,,,,
ADDI2-0072,ustekinumab,ibuprofen,4052.0,1460.9189972243505,2.773596624931657,1.75,T1_wellpowered,1,False,False,False,100604,295201,847083.0,L04AC,,CHEMBL1201835,5640.0,C01EB;G02CC;M01AE;M02AA;N02AJ;R02AX,DB01050,CHEMBL521,323.0,10.859331475614296,41.652098745730925,71.35675851440529,0.2074303405572755,0.2600619195046439,0.3003095975232198,False,False,no_label_signal,,0,,ANTI_DDI_SUPPORTED,DEFAULT_BENCHMARK,not_used_in_paper5,NOT_ANCHORED,,,,,
ADDI2-0073,citalopram,ramipril,4013.0,903.6204202704812,4.441024029535306,1.75,T1_wellpowered,1,False,False,False,142007,129355,2556.0,N06AB,DB00215,CHEMBL549,35296.0,C09AA;C09BB,DB00178,CHEMBL1168,362.0,1.5416283100464354,6.317766801733328,14.001246954546604,0.4861878453038674,0.6574585635359116,0.8149171270718232,True,False,no_label_signal,,3,pk_inhibitor;transporter_inhibitor;metab_transporter,ANTI_DDI_SUPPORTED,DEFAULT_BENCHMARK,confirmatory,NOT_ANCHORED,,,,,
ADDI2-0074,atenolol,venlafaxine,3908.0,1017.1132514699136,3.842246666585289,1.75,T1_wellpowered,1,False,False,False,138293,149512,1202.0,C07AB;C07FB,DB00335,CHEMBL24,39786.0,N06AX,DB00285,CHEMBL637,408.0,1.5107407760907765,3.5294380986550187,23.54705285254563,0.4926470588235294,0.6985294117647058,0.9142156862745098,True,False,no_label_signal,,1,transporter_inhibitor,ANTI_DDI_SUPPORTED,DEFAULT_BENCHMARK,confirmatory,NOT_ANCHORED,,,,,
ADDI2-0075,hydrocodone,insulin glargine,3862.0,2739.005956738237,1.4100005845182928,1.8,T1_wellpowered,1,False,False,True,224891,247587,5489.0,N02AJ;R05DA,DB00956,CHEMBL1457,274783.0,A10AE,,CHEMBL1201497,417.0,2.530418481011999,5.79639892038589,16.35405866787975,0.1966426858513189,0.3405275779376499,0.6258992805755396,False,False,no_label_signal,,0,,ANTI_DDI_SUPPORTED,DEFAULT_BENCHMARK,not_used_in_paper5,NOT_ANCHORED,,,,,
ADDI2-0076,ondansetron,levetiracetam,3799.0,873.357368334967,4.34988028696969,1.8,T1_wellpowered,1,False,False,False,132743,133748,26225.0,A04AA,DB00904,CHEMBL46,114477.0,N03AX,DB01202,CHEMBL1286,406.0,1.3840959018661103,3.499066536054832,21.706958461028695,0.5640394088669951,0.7364532019704434,0.9211822660098522,True,False,no_label_signal,,0,,ANTI_DDI_SUPPORTED,DEFAULT_BENCHMARK,confirmatory,NOT_ANCHORED,,,,,
ADDI2-0077,heparin,oxycodone,3774.0,1580.5415144937606,2.3877892262822296,1.8,T1_wellpowered,1,False,False,False,73667,436154,5224.0,B01AB;C05BA;S01XA,,CHEMBL4650299,7804.0,N02AA;N02AJ,DB00497,CHEMBL656,398.0,2.4584966117798546,5.994533271944315,13.33273660051862,0.2437185929648241,0.371859296482412,0.6432160804020101,False,False,no_label_signal,,0,,ANTI_DDI_SUPPORTED,DEFAULT_BENCHMARK,not_used_in_paper5,NOT_ANCHORED,,,,,
ADDI2-0078,allopurinol,citalopram,3755.0,1105.2523619092829,3.39741413763041,1.8,T1_wellpowered,1,False,False,False,158219,142007,519.0,M04AA,DB00437,CHEMBL1467,2556.0,N06AB,DB00215,CHEMBL549,403.0,1.5850575570815066,4.1518673226378136,10.703465793411755,0.4615384615384615,0.6997518610421837,0.8957816377171216,True,False,no_label_signal,,3,pk_inhibitor;transporter_inhibitor;metab_transporter,ANTI_DDI_SUPPORTED,DEFAULT_BENCHMARK,confirmatory,NOT_ANCHORED,,,,,
ADDI2-0079,ramipril,ustekinumab,3735.0,640.1644197884013,5.834438598187884,1.8,T1_wellpowered,1,False,False,False,129355,100604,35296.0,C09AA;C09BB,DB00178,CHEMBL1168,847083.0,L04AC,,CHEMBL1201835,317.0,13.242409287988597,47.40753634006478,112.69905092931045,0.1608832807570978,0.195583596214511,0.2429022082018927,False,False,no_label_signal,,0,,ANTI_DDI_SUPPORTED,DEFAULT_BENCHMARK,not_used_in_paper5,NOT_ANCHORED,,,,,
ADDI2-0080,citalopram,zopiclone,3704.0,317.2992673613374,11.67352206893664,1.8,T1_wellpowered,1,False,False,False,142007,45422,2556.0,N06AB,DB00215,CHEMBL549,40001.0,N05CF,DB01198,CHEMBL135400,370.0,1.411265524342836,5.503212357070728,43.59524638003161,0.5405405405405406,0.7054054054054054,0.8567567567567568,True,False,no_label_signal,,1,pk_inhibitor,ANTI_DDI_SUPPORTED,DEFAULT_BENCHMARK,confirmatory,NOT_ANCHORED,,,,,
ADDI2-0081,salmeterol,citalopram,3703.0,869.7962149830964,4.257319054983429,1.8,T1_wellpowered,1,False,False,False,124513,142007,36117.0,R03AC;R03AK,DB00938,CHEMBL1263,2556.0,N06AB,DB00215,CHEMBL549,405.0,1.6391962764646124,7.791943914473591,60.86425086668067,0.454320987654321,0.6345679012345679,0.8271604938271605,True,False,no_label_signal,,3,pk_inhibitor;biological_process;pharmacogenetic,ANTI_DDI_SUPPORTED,DEFAULT_BENCHMARK,confirmatory,NOT_ANCHORED,,,,,
ADDI2-0082,metformin,levetiracetam,3662.0,2994.125625431197,1.2230615739353352,1.8,T1_wellpowered,1,False,False,False,455082,133748,6809.0,A10BA;A10BD,DB00331,CHEMBL1431,114477.0,N03AX,DB01202,CHEMBL1286,390.0,1.5493445989456351,3.9264471743588687,6.926150850350953,0.4871794871794871,0.6743589743589744,0.8794871794871795,True,False,no_label_signal,,1,transporter_inhibitor,ANTI_DDI_SUPPORTED,DEFAULT_BENCHMARK,confirmatory,NOT_ANCHORED,,,,,
ADDI2-0083,chlorpheniramine,hydrochlorothiazide,3630.0,866.9379776988795,4.1871507459335655,1.8,T1_wellpowered,1,False,False,False,69300,254309,2400.0,R06AB,DB01114,CHEMBL505,5487.0,C03AA;C09DX;C09XA,DB00999,CHEMBL435,421.0,1.80449551960454,3.2614213982201274,5.555921028384087,0.3230403800475059,0.6080760095011877,0.9049881235154394,True,False,no_label_signal,,2,transporter_inhibitor;pharmacogenetic,ANTI_DDI_SUPPORTED,DEFAULT_BENCHMARK,confirmatory,NOT_ANCHORED,,,,,
ADDI2-0084,hydrocodone,warfarin,3627.0,1491.4537761254785,2.431855454094109,1.8,T1_wellpowered,1,False,False,False,224891,134817,5489.0,N02AJ;R05DA,DB00956,CHEMBL1457,11289.0,B01AA,DB00682,CHEMBL1464,417.0,2.31305529928282,5.507733657211676,14.359698970763612,0.1918465227817745,0.3836930455635491,0.657074340527578,True,False,no_label_signal,,1,pk_inhibitor,ANTI_DDI_SUPPORTED,DEFAULT_BENCHMARK,confirmatory,NOT_ANCHORED,,,,,
ADDI2-0085,conjugated estrogens,gabapentin,3523.0,1253.105544240066,2.8114152205243736,1.8,T1_wellpowered,1,False,False,True,69479,366641,4099.0,G03CA;G03CC,,CHEMBL1201649,25480.0,N02BF,DB00996,CHEMBL940,436.0,2.2570273366327536,4.565941756050634,7.801198860366514,0.2041284403669724,0.3990825688073394,0.7385321100917431,False,False,no_label_signal,,0,,ANTI_DDI_SUPPORTED,DEFAULT_BENCHMARK,not_used_in_paper5,NOT_ANCHORED,,,,,
ADDI2-0086,hydrocodone,salmeterol,3505.0,1377.4626644022023,2.5445335765387997,1.8,T1_wellpowered,1,False,False,False,224891,124513,5489.0,N02AJ;R05DA,DB00956,CHEMBL1457,36117.0,R03AC;R03AK,DB00938,CHEMBL1263,429.0,2.1016832363552918,4.787164106460449,9.00673341547793,0.3006993006993007,0.4638694638694638,0.7645687645687645,True,False,no_label_signal,,1,pk_inhibitor,ANTI_DDI_SUPPORTED,DEFAULT_BENCHMARK,confirmatory,NOT_ANCHORED,,,,,
ADDI2-0087,famotidine,heparin,3487.0,427.3746509531534,8.159117514862217,1.85,T1_wellpowered,1,False,False,False,117935,73667,4278.0,A02BA,DB00927,CHEMBL902,5224.0,B01AB;C05BA;S01XA,,CHEMBL4650299,428.0,2.186103899964281,4.231382534495032,7.693208696969773,0.25,0.4439252336448598,0.7686915887850467,False,False,no_label_signal,,0,,ANTI_DDI_SUPPORTED,DEFAULT_BENCHMARK,not_used_in_paper5,NOT_ANCHORED,,,,,
ADDI2-0088,hydrocodone,cephalexin,3383.0,277.6542043896338,12.184220323394117,1.85,T1_wellpowered,1,False,False,False,224891,25098,5489.0,N02AJ;R05DA,DB00956,CHEMBL1457,2231.0,J01DB,,CHEMBL1200544,386.0,2.1757140081759445,6.099659329501021,10.115898448880971,0.3212435233160621,0.4637305699481865,0.7020725388601037,False,False,no_label_signal,,0,,ANTI_DDI_SUPPORTED,DEFAULT_BENCHMARK,not_used_in_paper5,NOT_ANCHORED,,,,,
ADDI2-0089,atenolol,montelukast,3322.0,1185.117350527521,2.8030979366906634,1.85,T1_wellpowered,1,False,False,False,138293,174208,1202.0,C07AB;C07FB,DB00335,CHEMBL24,88249.0,R03DC,DB00471,CHEMBL787,426.0,1.4096181252987643,2.8655269809202064,8.159226289629741,0.5422535211267606,0.7699530516431925,0.960093896713615,True,False,no_label_signal,,2,transporter_inhibitor;pharmacogenetic,ANTI_DDI_SUPPORTED,DEFAULT_BENCHMARK,confirmatory,NOT_ANCHORED,,,,,
ADDI2-0090,hydrocodone,nitroglycerin,3304.0,607.3699549525729,5.439847613565271,1.85,T1_wellpowered,1,False,False,True,224891,54902,5489.0,N02AJ;R05DA,DB00956,CHEMBL1457,4917.0,C01DA;C05AE,DB00727,CHEMBL730,419.0,1.9711445347063543,5.27701862807033,10.422764252008944,0.3054892601431981,0.5083532219570406,0.747016706443914,True,False,no_label_signal,,0,,ANTI_DDI_SUPPORTED,DEFAULT_BENCHMARK,confirmatory,NOT_ANCHORED,,,,,
ADDI2-0091,levetiracetam,acyclovir,3265.0,819.6504595132714,3.983405318821925,1.85,T1_wellpowered,1,False,False,False,133748,124580,114477.0,N03AX,DB01202,CHEMBL1286,281.0,D06BB;J05AB;S01AD,DB00787,CHEMBL184,392.0,1.530063483291476,4.084627987186341,32.41842515402416,0.4872448979591837,0.6836734693877551,0.8724489795918368,False,False,no_label_signal,,0,,ANTI_DDI_SUPPORTED,DEFAULT_BENCHMARK,not_used_in_paper5,NOT_ANCHORED,,,,,
ADDI2-0092,atenolol,famotidine,3258.0,802.2984864900761,4.060832788371837,1.85,T1_wellpowered,1,False,False,False,138293,117935,1202.0,C07AB;C07FB,DB00335,CHEMBL24,4278.0,A02BA,DB00927,CHEMBL902,417.0,1.8304683566879028,4.07238315142999,7.856181644049034,0.3213429256594724,0.592326139088729,0.8465227817745803,True,False,no_label_signal,,2,transporter_inhibitor;biological_process,ANTI_DDI_SUPPORTED,DEFAULT_BENCHMARK,confirmatory,NOT_ANCHORED,,,,,
ADDI2-0093,ondansetron,atenolol,3166.0,903.0356382087776,3.5059524409024885,1.85,T1_wellpowered,1,False,False,False,132743,138293,26225.0,A04AA,DB00904,CHEMBL46,1202.0,C07AB;C07FB,DB00335,CHEMBL24,418.0,1.257222046565741,3.3092737949279325,49.96997605281645,0.6267942583732058,0.8277511961722488,0.937799043062201,True,False,no_label_signal,,2,biological_process;pharmacogenetic,ANTI_DDI_SUPPORTED,DEFAULT_BENCHMARK,confirmatory,NOT_ANCHORED,,,,,
ADDI2-0094,amoxicillin,citalopram,3145.0,935.16033907935,3.363059647179007,1.9,T1_wellpowered,1,False,False,False,133870,142007,723.0,A02BD;J01CA,DB01060,CHEMBL1082,2556.0,N06AB,DB00215,CHEMBL549,391.0,1.890493767408429,4.764604238651964,7.556142570467573,0.3043478260869565,0.5370843989769821,0.7672634271099744,True,False,no_label_signal,,3,pk_inhibitor;transporter_inhibitor;metab_transporter,ANTI_DDI_SUPPORTED,DEFAULT_BENCHMARK,confirmatory,NOT_ANCHORED,,,,,
ADDI2-0095,ustekinumab,tramadol,3130.0,1070.7777435457233,2.923108944752124,1.9,T1_wellpowered,1,False,False,False,100604,216367,847083.0,L04AC,,CHEMBL1201835,10689.0,N02AJ;N02AX,DB00193,CHEMBL1237044,310.0,8.984706287987962,36.643253695308616,165.72302683277275,0.2354838709677419,0.2709677419354839,0.3032258064516129,False,False,no_label_signal,,0,,ANTI_DDI_SUPPORTED,DEFAULT_BENCHMARK,not_used_in_paper5,NOT_ANCHORED,,,,,
ADDI2-0096,famotidine,levetiracetam,2898.0,775.9309435117808,3.734868449612231,1.9,T1_wellpowered,1,False,False,False,117935,133748,4278.0,A02BA,DB00927,CHEMBL902,114477.0,N03AX,DB01202,CHEMBL1286,413.0,1.542306790417646,3.673560740342087,43.52361309669296,0.486682808716707,0.6949152542372882,0.8619854721549637,True,False,no_label_signal,,1,transporter_inhibitor,ANTI_DDI_SUPPORTED,DEFAULT_BENCHMARK,development,NOT_ANCHORED,,,,,
ADDI2-0097,citalopram,famotidine,2896.0,823.8450331614489,3.5152242028901943,1.9,T1_wellpowered,1,False,False,False,142007,117935,2556.0,N06AB,DB00215,CHEMBL549,4278.0,A02BA,DB00927,CHEMBL902,423.0,1.6820189048473049,3.535408557475771,6.900172571678019,0.3806146572104019,0.6193853427895981,0.8770685579196218,True,False,no_label_signal,,4,pk_inhibitor;transporter_inhibitor;metab_transporter;biological_process,ANTI_DDI_SUPPORTED,DEFAULT_BENCHMARK,development,NOT_ANCHORED,,,,,
ADDI2-0098,allopurinol,chlorpheniramine,2864.0,539.36769793259,5.309921248487413,1.9,T1_wellpowered,1,False,False,False,158219,69300,519.0,M04AA,DB00437,CHEMBL1467,2400.0,R06AB,DB01114,CHEMBL505,411.0,1.6078014396852425,6.280826032936371,20.301790184280645,0.4525547445255474,0.6690997566909975,0.8394160583941606,True,False,no_label_signal,,3,pk_inhibitor;transporter_inhibitor;metab_transporter,ANTI_DDI_SUPPORTED,DEFAULT_BENCHMARK,confirmatory,NOT_ANCHORED,,,,,
ADDI2-0099,citalopram,acyclovir,2852.0,870.2642492156976,3.277165530550392,1.95,T1_wellpowered,1,False,False,False,142007,124580,2556.0,N06AB,DB00215,CHEMBL549,281.0,D06BB;J05AB;S01AD,DB00787,CHEMBL184,397.0,1.5258694302753413,3.708284096520712,10.32195451492304,0.491183879093199,0.707808564231738,0.8967254408060453,False,False,no_label_signal,,0,,ANTI_DDI_SUPPORTED,DEFAULT_BENCHMARK,not_used_in_paper5,NOT_ANCHORED,,,,,
ADDI2-0100,levetiracetam,quetiapine,2849.0,1274.590019024944,2.235228549945396,1.95,T1_wellpowered,1,False,False,False,133748,193727,114477.0,N03AX,DB01202,CHEMBL1286,51272.0,N05AH,DB01224,CHEMBL716,393.0,1.3433621504130684,3.5522348173013545,17.78488915143611,0.5521628498727735,0.7251908396946565,0.9033078880407124,True,False,no_label_signal,,0,,ANTI_DDI_SUPPORTED,DEFAULT_BENCHMARK,confirmatory,NOT_ANCHORED,,,,,
ADDI2-0101,metformin,dextromethorphan,2765.0,1460.2597014301298,1.8934988052413215,1.95,T1_wellpowered,1,False,False,True,455082,65230,6809.0,A10BA;A10BD,DB00331,CHEMBL1431,3289.0,N06AX;R05DA,DB00514,CHEMBL52440,414.0,2.4883303798421235,5.247764578167708,8.834805870271948,0.1642512077294686,0.3381642512077294,0.6666666666666666,True,False,no_label_signal,,2,transporter_inhibitor;pharmacogenetic,ANTI_DDI_SUPPORTED,DEFAULT_BENCHMARK,confirmatory,NOT_ANCHORED,,,,,
ADDI2-0102,ustekinumab,quetiapine,2765.0,958.7347420072484,2.884009391597802,1.95,T1_wellpowered,1,False,False,False,100604,193727,847083.0,L04AC,,CHEMBL1201835,51272.0,N05AH,DB01224,CHEMBL716,241.0,17.292782823245393,57.9142421935066,126.12722473595402,0.0746887966804979,0.0912863070539419,0.1369294605809128,False,False,no_label_signal,,0,,ANTI_DDI_SUPPORTED,DEFAULT_BENCHMARK,not_used_in_paper5,NOT_ANCHORED,,,,,
ADDI2-0103,atenolol,irbesartan,2752.0,369.9069843803612,7.439708132599692,1.95,T1_wellpowered,1,False,False,False,138293,54375,1202.0,C07AB;C07FB,DB00335,CHEMBL24,83818.0,C09CA,DB01029,CHEMBL1513,392.0,1.7041317033894687,3.9875477646570463,11.483162606211884,0.4005102040816326,0.6224489795918368,0.8469387755102041,True,False,no_label_signal,,1,pharmacogenetic,ANTI_DDI_SUPPORTED,DEFAULT_BENCHMARK,confirmatory,NOT_ANCHORED,,,,,
ADDI2-0104,atenolol,acyclovir,2750.0,847.5036710640072,3.244823702707369,1.95,T1_wellpowered,1,False,False,False,138293,124580,1202.0,C07AB;C07FB,DB00335,CHEMBL24,281.0,D06BB;J05AB;S01AD,DB00787,CHEMBL184,409.0,1.4853658024165093,3.13164165112474,6.049457186211216,0.511002444987775,0.7359413202933985,0.9290953545232272,False,False,no_label_signal,,0,,ANTI_DDI_SUPPORTED,DEFAULT_BENCHMARK,not_used_in_paper5,NOT_ANCHORED,,,,,
ADDI2-0105,levetiracetam,ibuprofen,2726.0,1942.218938021972,1.40354928408651,1.95,T1_wellpowered,1,False,False,False,133748,295201,114477.0,N03AX,DB01202,CHEMBL1286,5640.0,C01EB;G02CC;M01AE;M02AA;N02AJ;R02AX,DB01050,CHEMBL521,395.0,1.641235884179359,3.984530403808205,7.03619250722363,0.4354430379746835,0.640506329113924,0.850632911392405,True,False,no_label_signal,,1,transporter_inhibitor,ANTI_DDI_SUPPORTED,DEFAULT_BENCHMARK,confirmatory,NOT_ANCHORED,,,,,
ADDI2-0106,hydrocodone,glipizide,2700.0,703.660583489005,3.83707722637016,1.95,T1_wellpowered,1,False,False,False,224891,63606,5489.0,N02AJ;R05DA,DB00956,CHEMBL1457,4821.0,A10BB,DB01067,CHEMBL1073,418.0,2.3721383129413303,5.736901306968048,10.263230711318233,0.1913875598086124,0.361244019138756,0.6124401913875598,True,False,no_label_signal,,0,,ANTI_DDI_SUPPORTED,DEFAULT_BENCHMARK,confirmatory,NOT_ANCHORED,,,,,
ADDI2-0107,hydrocodone,levofloxacin,2624.0,730.2113082692712,3.5934803669630098,1.95,T1_wellpowered,1,False,False,False,224891,66006,5489.0,N02AJ;R05DA,DB00956,CHEMBL1457,82122.0,J01MA;S01AE,,CHEMBL5315124,384.0,1.7650911870512975,5.898906529788085,17.237162891684275,0.3932291666666667,0.5729166666666666,0.7916666666666666,False,False,no_label_signal,,0,,ANTI_DDI_SUPPORTED,DEFAULT_BENCHMARK,not_used_in_paper5,NOT_ANCHORED,,,,,
ADDI2-0108,hydrocodone,triamcinolone,2598.0,649.4307281253112,4.000426662131549,2.0,T1_wellpowered,1,False,False,False,224891,58704,5489.0,N02AJ;R05DA,DB00956,CHEMBL1457,10759.0,A01AC;C05AA;D07AB;D07XB;H02AB;R01AD;R03BA;S01BA,DB00620,CHEMBL1451,414.0,2.157300816283244,6.258145464213277,12.199807479991636,0.3719806763285024,0.4710144927536231,0.678743961352657,True,False,no_label_signal,,2,pk_inhibitor;pk_inducer,ANTI_DDI_SUPPORTED,DEFAULT_BENCHMARK,confirmatory,NOT_ANCHORED,,,,,
ADDI2-0109,chlorpheniramine,amoxicillin,2585.0,456.3620912926755,5.664361806822776,2.0,T1_wellpowered,1,False,False,False,69300,133870,2400.0,R06AB,DB01114,CHEMBL505,723.0,A02BD;J01CA,DB01060,CHEMBL1082,398.0,2.2401961278518656,5.403539706049413,13.00434713005877,0.185929648241206,0.4221105527638191,0.7060301507537688,True,False,no_label_signal,,3,pk_inhibitor;transporter_inhibitor;metab_transporter,ANTI_DDI_SUPPORTED,DEFAULT_BENCHMARK,confirmatory,NOT_ANCHORED,,,,,
ADDI2-0110,lisinopril,liraglutide,2584.0,859.2038457688254,3.0074353283274786,2.0,T1_wellpowered,1,False,False,False,330947,52777,29046.0,C09AA,,CHEMBL419213,475968.0,A10AE;A10BJ,,CHEMBL4084119,341.0,1.2916689593942872,3.811880666821515,9.662155110335798,0.5894428152492669,0.7331378299120235,0.9002932551319648,False,False,no_label_signal,,0,,ANTI_DDI_SUPPORTED,DEFAULT_BENCHMARK,not_used_in_paper5,HUMAN_NONINTERACTION_ANCHOR,regulatory_clinical_pharmacology,DailyMed liraglutide prescribing information; in-vivo oral-drug interaction studies,https://dailymed.nlm.nih.gov/dailymed/drugInfo.cfm?setid=22c86976-9657-4dd0-8fff-0c3f3f08357c,Human clinical-pharmacology study; tested oral-drug absorption not affected to a clinically relevant degree,CONCORDANT
ADDI2-0111,amlodipine,sevelamer,2545.0,360.15352148392105,7.06643097508522,2.0,T1_wellpowered,1,False,False,False,467493,15661,17767.0,C08CA;C09BB;C09DB;C09DX;C09XA;C10BX,DB00381,CHEMBL1491,214824.0,V03AE,,CHEMBL5314349,377.0,1.80850697048219,5.994796999876439,9.578627560208018,0.4217506631299735,0.5596816976127321,0.7612732095490716,False,False,no_label_signal,,0,,ANTI_DDI_SUPPORTED,DEFAULT_BENCHMARK,not_used_in_paper5,NOT_ANCHORED,,,,,
ADDI2-0112,allopurinol,heparin,2526.0,573.3564242943738,4.405636516777034,2.0,T1_wellpowered,1,False,False,False,158219,73667,519.0,M04AA,DB00437,CHEMBL1467,5224.0,B01AB;C05BA;S01XA,,CHEMBL4650299,367.0,2.3598727167131464,12.975778535059924,34.76740522961157,0.2070844686648501,0.4059945504087193,0.6321525885558583,False,False,no_label_signal,,0,,ANTI_DDI_SUPPORTED,DEFAULT_BENCHMARK,not_used_in_paper5,NOT_ANCHORED,,,,,
ADDI2-0113,ustekinumab,doxycycline,2517.0,355.4989828849292,7.080189033381068,2.0,T1_wellpowered,1,False,False,False,100604,71834,847083.0,L04AC,,CHEMBL1201835,3640.0,A01AB;J01AA,,CHEMBL1200699,267.0,11.80232840709614,42.42018038368848,115.72285020462805,0.1048689138576779,0.1273408239700374,0.1835205992509363,False,False,no_label_signal,,0,,ANTI_DDI_SUPPORTED,DEFAULT_BENCHMARK,not_used_in_paper5,NOT_ANCHORED,,,,,
ADDI2-0114,azithromycin,heparin,2497.0,345.5670217907551,7.225805249182495,2.0,T1_wellpowered,1,False,False,False,95360,73667,18631.0,J01FA;S01AA,DB00207,CHEMBL529,5224.0,B01AB;C05BA;S01XA,,CHEMBL4650299,413.0,2.1428089128423307,4.4182168243271365,7.339312588645333,0.261501210653753,0.4673123486682808,0.7602905569007264,False,False,no_label_signal,,0,,ANTI_DDI_SUPPORTED,DEFAULT_BENCHMARK,not_used_in_paper5,NOT_ANCHORED,,,,,
ADDI2-0115,metoclopramide,heparin,2495.0,289.5500857290784,8.616816650969607,2.0,T1_wellpowered,1,False,False,False,79902,73667,6915.0,A03FA,DB01233,CHEMBL86,5224.0,B01AB;C05BA;S01XA,,CHEMBL4650299,406.0,2.2564930440708943,5.3699065708674425,19.825962667071032,0.2192118226600985,0.4113300492610837,0.7192118226600985,False,False,no_label_signal,,0,,ANTI_DDI_SUPPORTED,DEFAULT_BENCHMARK,not_used_in_paper5,NOT_ANCHORED,,,,,
ADDI2-0116,fluconazole,heparin,2466.0,256.76905302019446,9.603961112112888,2.0,T1_wellpowered,1,False,False,False,70856,73667,4450.0,D01AC;J02AC,DB00196,CHEMBL106,5224.0,B01AB;C05BA;S01XA,,CHEMBL4650299,410.0,2.0394870439028203,4.556004010101477,10.185152008536107,0.2707317073170732,0.4780487804878048,0.7926829268292683,False,False,no_label_signal,,0,,ANTI_DDI_SUPPORTED,DEFAULT_BENCHMARK,not_used_in_paper5,NOT_ANCHORED,,,,,
ADDI2-0117,levetiracetam,clopidogrel,2466.0,1417.6505391056678,1.7394978042724754,2.0,T1_wellpowered,1,False,False,False,133748,215471,114477.0,N03AX,DB01202,CHEMBL1286,32968.0,B01AC,DB00758,CHEMBL1771,404.0,1.762334053907426,4.0518067027201,8.915663617916215,0.3762376237623762,0.5891089108910891,0.8514851485148515,True,False,no_label_signal,,0,,ANTI_DDI_SUPPORTED,DEFAULT_BENCHMARK,confirmatory,NOT_ANCHORED,,,,,
ADDI2-0118,metronidazole,heparin,2371.0,247.83997225580248,9.566656977966511,2.05,T1_wellpowered,1,False,False,False,68392,73667,6922.0,A01AB;A02BD;D06BX;G01AF;J01RA;J01XD;P01AB,DB00916,CHEMBL137,5224.0,B01AB;C05BA;S01XA,,CHEMBL4650299,387.0,2.2647137522884173,11.7490523461204,63.95014001628205,0.2816537467700258,0.4470284237726098,0.648578811369509,False,False,no_label_signal,,0,,ANTI_DDI_SUPPORTED,DEFAULT_BENCHMARK,not_used_in_paper5,NOT_ANCHORED,,,,,
ADDI2-0119,aspirin,sevelamer,2359.0,495.83212541951417,4.757658649092361,2.05,T1_wellpowered,1,False,False,False,643609,15661,1191.0,A01AD;B01AC;N02AJ;N02BA,DB00945,CHEMBL25,214824.0,V03AE,,CHEMBL5314349,383.0,1.7694464355893371,5.69642066463933,11.14824105105303,0.4177545691906005,0.5535248041775457,0.741514360313316,False,False,no_label_signal,,0,,ANTI_DDI_SUPPORTED,DEFAULT_BENCHMARK,not_used_in_paper5,NOT_ANCHORED,,,,,
ADDI2-0120,lorazepam,ustekinumab,2341.0,916.0950555560338,2.555411674587748,2.05,T1_wellpowered,1,False,False,False,185111,100604,6470.0,N05BA,DB00186,CHEMBL580,847083.0,L04AC,,CHEMBL1201835,263.0,14.561397526103132,47.48235996597011,90.53192603990358,0.1444866920152091,0.1596958174904943,0.1901140684410646,False,False,no_label_signal,,0,,ANTI_DDI_SUPPORTED,DEFAULT_BENCHMARK,not_used_in_paper5,NOT_ANCHORED,,,,,
ADDI2-0121,ustekinumab,lansoprazole,2316.0,887.1143215891916,2.6107119946514654,2.05,T1_wellpowered,1,False,False,False,100604,179255,847083.0,L04AC,,CHEMBL1201835,17128.0,A02BC,DB00448,CHEMBL480,282.0,12.757870089769405,48.20123352903221,94.57942652912098,0.1560283687943262,0.1843971631205673,0.226950354609929,False,False,no_label_signal,,0,,ANTI_DDI_SUPPORTED,DEFAULT_BENCHMARK,not_used_in_paper5,NOT_ANCHORED,,,,,
ADDI2-0122,hydrochlorothiazide,levetiracetam,2245.0,1673.1777870313094,1.34175819055264,2.05,T1_wellpowered,1,False,False,False,254309,133748,5487.0,C03AA;C09DX;C09XA,DB00999,CHEMBL435,114477.0,N03AX,DB01202,CHEMBL1286,414.0,1.702550234030198,3.8179950765561306,7.646948097659303,0.4251207729468599,0.6400966183574879,0.857487922705314,True,False,no_label_signal,,1,transporter_inhibitor,ANTI_DDI_SUPPORTED,DEFAULT_BENCHMARK,confirmatory,NOT_ANCHORED,,,,,
ADDI2-0123,dextromethorphan,hydrochlorothiazide,2239.0,816.0225726594215,2.743796648545013,2.05,T1_wellpowered,1,False,False,True,65230,254309,3289.0,N06AX;R05DA,DB00514,CHEMBL52440,5487.0,C03AA;C09DX;C09XA,DB00999,CHEMBL435,410.0,2.2458606940607706,5.243973409191012,10.50736291301362,0.1853658536585365,0.3926829268292683,0.6926829268292682,True,False,no_label_signal,,2,transporter_inhibitor;pharmacogenetic,ANTI_DDI_SUPPORTED,DEFAULT_BENCHMARK,confirmatory,NOT_ANCHORED,,,,,
ADDI2-0124,atenolol,prednisolone,2230.0,1336.644857103855,1.66835639859626,2.05,T1_wellpowered,1,False,False,False,138293,196482,1202.0,C07AB;C07FB,DB00335,CHEMBL24,8638.0,A01AC;A07EA;C05AA;D07AA;D07XA;H02AB;R01AD;S01BA;S01CB;S02BA;S03BA,DB00860,CHEMBL131,398.0,1.5264285919483775,3.6696317135291054,7.801260175306629,0.4899497487437186,0.6834170854271356,0.914572864321608,True,False,no_label_signal,,2,transporter_inhibitor;biological_process,ANTI_DDI_SUPPORTED,DEFAULT_BENCHMARK,confirmatory,NOT_ANCHORED,,,,,
ADDI2-0125,famotidine,dextromethorphan,2166.0,378.4279050548304,5.72367938798321,2.1,T1_wellpowered,1,False,False,True,117935,65230,4278.0,A02BA,DB00927,CHEMBL902,3289.0,N06AX;R05DA,DB00514,CHEMBL52440,412.0,2.24474455746581,4.793811837483911,7.198539782182111,0.174757281553398,0.4174757281553398,0.7087378640776699,True,False,no_label_signal,,4,pk_inhibitor;transporter_inhibitor;metab_transporter;biological_process,ANTI_DDI_SUPPORTED,DEFAULT_BENCHMARK,confirmatory,NOT_ANCHORED,,,,,
ADDI2-0126,furosemide,sevelamer,2152.0,312.36678931012136,6.889336746562611,2.1,T1_wellpowered,1,False,False,False,405464,15661,4603.0,C03CA;C03CB,DB00695,CHEMBL35,214824.0,V03AE,,CHEMBL5314349,367.0,1.7222680293145816,6.194027650956059,13.321640569652237,0.4005449591280653,0.5749318801089919,0.7874659400544959,False,False,no_label_signal,,0,,ANTI_DDI_SUPPORTED,DEFAULT_BENCHMARK,not_used_in_paper5,NOT_ANCHORED,,,,,
ADDI2-0127,heparin,acyclovir,2144.0,451.4549032580985,4.749090074173515,2.1,T1_wellpowered,1,False,False,False,73667,124580,5224.0,B01AB;C05BA;S01XA,,CHEMBL4650299,281.0,D06BB;J05AB;S01AD,DB00787,CHEMBL184,412.0,2.1744073247182096,5.212066543417577,8.861909601336698,0.2694174757281553,0.4587378640776699,0.6990291262135923,False,False,no_label_signal,,0,,ANTI_DDI_SUPPORTED,DEFAULT_BENCHMARK,not_used_in_paper5,NOT_ANCHORED,,,,,
ADDI2-0128,metformin,heparin,2132.0,1649.13308945659,1.2928004499033614,2.1,T1_wellpowered,1,False,False,False,455082,73667,6809.0,A10BA;A10BD,DB00331,CHEMBL1431,5224.0,B01AB;C05BA;S01XA,,CHEMBL4650299,393.0,2.1956548169872367,5.349824879853984,8.667496487153466,0.2519083969465648,0.4249363867684478,0.7506361323155216,False,False,no_label_signal,,0,,ANTI_DDI_SUPPORTED,DEFAULT_BENCHMARK,not_used_in_paper5,NOT_ANCHORED,,,,,
ADDI2-0129,levetiracetam,bisoprolol,2128.0,952.0130212767004,2.2352635441332915,2.1,T1_wellpowered,1,False,False,False,133748,144698,114477.0,N03AX,DB01202,CHEMBL1286,19484.0,C07AB,DB00612,CHEMBL645,316.0,1.627316509392966,4.786341082588773,11.786286718836372,0.439873417721519,0.629746835443038,0.8227848101265823,True,False,no_label_signal,,0,,ANTI_DDI_SUPPORTED,DEFAULT_BENCHMARK,confirmatory,NOT_ANCHORED,,,,,
ADDI2-0130,conjugated estrogens,pregabalin,2122.0,920.6048886358242,2.305006226009112,2.1,T1_wellpowered,1,False,False,True,69479,269356,4099.0,G03CA;G03CC,,CHEMBL1201649,187832.0,N02BF,DB00230,CHEMBL1059,412.0,2.02521767043258,5.191827447254885,16.299293056010637,0.2766990291262136,0.4927184466019417,0.7621359223300971,False,False,no_label_signal,,0,,ANTI_DDI_SUPPORTED,DEFAULT_BENCHMARK,not_used_in_paper5,NOT_ANCHORED,,,,,
ADDI2-0131,hydrochlorothiazide,heparin,2119.0,921.56883121419,2.299339917136916,2.1,T1_wellpowered,1,False,False,False,254309,73667,5487.0,C03AA;C09DX;C09XA,DB00999,CHEMBL435,5224.0,B01AB;C05BA;S01XA,,CHEMBL4650299,372.0,2.3973017095771967,6.35253987605424,13.207657022142788,0.2016129032258064,0.3817204301075269,0.6478494623655914,False,False,no_label_signal,,0,,ANTI_DDI_SUPPORTED,DEFAULT_BENCHMARK,not_used_in_paper5,NOT_ANCHORED,,,,,
ADDI2-0132,allopurinol,levetiracetam,2113.0,1040.9718739262344,2.029833901304553,2.1,T1_wellpowered,1,False,False,False,158219,133748,519.0,M04AA,DB00437,CHEMBL1467,114477.0,N03AX,DB01202,CHEMBL1286,351.0,1.8575985260188883,5.506242851415616,21.929398492893377,0.3703703703703703,0.5498575498575499,0.7407407407407407,True,False,no_label_signal,,0,,ANTI_DDI_SUPPORTED,DEFAULT_BENCHMARK,confirmatory,NOT_ANCHORED,,,,,
ADDI2-0133,amoxicillin,levetiracetam,2110.0,880.772250883301,2.395624973293541,2.1,T1_wellpowered,1,False,False,False,133870,133748,723.0,A02BD;J01CA,DB01060,CHEMBL1082,114477.0,N03AX,DB01202,CHEMBL1286,387.0,1.8312231025924128,4.763298459485314,10.164632318635215,0.3695090439276486,0.5529715762273901,0.8165374677002584,True,False,no_label_signal,,1,transporter_inhibitor,ANTI_DDI_SUPPORTED,DEFAULT_BENCHMARK,development,NOT_ANCHORED,,,,,
ADDI2-0134,ciprofloxacin,heparin,2105.0,384.2729924256865,5.477876513549362,2.1,T1_wellpowered,1,False,False,False,106041,73667,2551.0,J01MA;S01AE;S02AA;S03AA,DB00537,CHEMBL8,5224.0,B01AB;C05BA;S01XA,,CHEMBL4650299,403.0,2.344981500503532,5.119516511032842,9.481407165268788,0.2332506203473945,0.4044665012406948,0.6898263027295285,False,False,no_label_signal,,0,,ANTI_DDI_SUPPORTED,DEFAULT_BENCHMARK,not_used_in_paper5,NOT_ANCHORED,,,,,
ADDI2-0135,conjugated estrogens,oxycodone,2079.0,1490.687063210284,1.3946589135366538,2.1,T1_wellpowered,1,False,False,True,69479,436154,4099.0,G03CA;G03CC,,CHEMBL1201649,7804.0,N02AA;N02AJ,DB00497,CHEMBL656,417.0,3.327213880383459,7.220811313626768,14.276465445944782,0.1103117505995203,0.1798561151079136,0.4268585131894484,False,False,no_label_signal,,0,,ANTI_DDI_SUPPORTED,DEFAULT_BENCHMARK,not_used_in_paper5,NOT_ANCHORED,,,,,
ADDI2-0136,amoxicillin,heparin,2071.0,485.12014688683297,4.269045541172123,2.1,T1_wellpowered,1,False,False,False,133870,73667,723.0,A02BD;J01CA,DB01060,CHEMBL1082,5224.0,B01AB;C05BA;S01XA,,CHEMBL4650299,399.0,2.495304043479346,5.993998384134298,13.47036069140224,0.1904761904761904,0.3558897243107769,0.6441102756892231,False,False,no_label_signal,,0,,ANTI_DDI_SUPPORTED,DEFAULT_BENCHMARK,not_used_in_paper5,NOT_ANCHORED,,,,,
ADDI2-0137,levetiracetam,rosuvastatin,2043.0,1506.72781933805,1.3559184172344745,2.15,T1_wellpowered,1,False,False,False,133748,229010,114477.0,N03AX,DB01202,CHEMBL1286,301542.0,C10AA;C10BA,DB01098,CHEMBL1496,376.0,1.7348003475506282,4.269267962107426,9.395020204649832,0.4148936170212766,0.574468085106383,0.824468085106383,True,False,no_label_signal,,0,,ANTI_DDI_SUPPORTED,DEFAULT_BENCHMARK,confirmatory,NOT_ANCHORED,,,,,
ADDI2-0138,metformin,ustekinumab,2028.0,2252.153411048241,0.9004715176379076,2.15,T1_wellpowered,1,False,False,False,455082,100604,6809.0,A10BA;A10BD,DB00331,CHEMBL1431,847083.0,L04AC,,CHEMBL1201835,380.0,2.6452389402351435,16.65353437424179,105.70401371865093,0.2184210526315789,0.3578947368421052,0.5736842105263158,False,False,no_label_signal,,0,,ANTI_DDI_SUPPORTED,DEFAULT_BENCHMARK,not_used_in_paper5,NOT_ANCHORED,,,,,
ADDI2-0139,hydrocodone,isosorbide,2020.0,476.5412585978112,4.238877460356122,2.15,T1_wellpowered,1,False,False,True,224891,43076,5489.0,N02AJ;R05DA,DB00956,CHEMBL1457,6057.0,C01DA,DB01020,CHEMBL1311,420.0,2.2063939285545957,6.372136933634944,13.190895841193324,0.2309523809523809,0.4333333333333333,0.680952380952381,True,False,no_label_signal,,0,,ANTI_DDI_SUPPORTED,DEFAULT_BENCHMARK,confirmatory,NOT_ANCHORED,,,,,
ADDI2-0140,heparin,tramadol,2018.0,784.0740331774361,2.5737365537054155,2.15,T1_wellpowered,1,False,False,False,73667,216367,5224.0,B01AB;C05BA;S01XA,,CHEMBL4650299,10689.0,N02AJ;N02AX,DB00193,CHEMBL1237044,386.0,2.0728197025237955,5.220601951109972,14.023122850912973,0.2901554404145077,0.4766839378238341,0.7227979274611399,False,False,no_label_signal,,0,,ANTI_DDI_SUPPORTED,DEFAULT_BENCHMARK,not_used_in_paper5,NOT_ANCHORED,,,,,
ADDI2-0141,levetiracetam,prednisolone,2013.0,1292.7160185108892,1.5571865523247892,2.15,T1_wellpowered,1,False,False,False,133748,196482,114477.0,N03AX,DB01202,CHEMBL1286,8638.0,A01AC;A07EA;C05AA;D07AA;D07XA;H02AB;R01AD;S01BA;S01CB;S02BA;S03BA,DB00860,CHEMBL131,338.0,1.602273712044762,4.684772912146512,9.388910437822584,0.4497041420118343,0.6331360946745562,0.8047337278106509,True,False,no_label_signal,,1,transporter_inhibitor,ANTI_DDI_SUPPORTED,DEFAULT_BENCHMARK,development,NOT_ANCHORED,,,,,
ADDI2-0142,metoprolol,sevelamer,2002.0,281.50560012199577,7.111759052510485,2.15,T1_wellpowered,1,False,False,False,365405,15661,6918.0,C07AB;C07FB,DB00264,CHEMBL13,214824.0,V03AE,,CHEMBL5314349,341.0,1.904744896023864,6.268977588740113,13.38253991015603,0.3665689149560117,0.5278592375366569,0.750733137829912,False,False,label_explicit_NONinteraction,named with an explicit no-interaction statement,0,,ANTI_DDI_SUPPORTED,DEFAULT_BENCHMARK,not_used_in_paper5,HUMAN_NONINTERACTION_ANCHOR,human_crossover_pk,Burke et al. 2001; sevelamer-metoprolol,https://doi.org/10.1177/00912700122009881,Human crossover PK study; exposure ratios approximately bioequivalent,CONCORDANT
ADDI2-0143,montelukast,levetiracetam,1999.0,1146.1684640462993,1.7440717160747592,2.15,T1_wellpowered,1,False,False,False,174208,133748,88249.0,R03DC,DB00471,CHEMBL787,114477.0,N03AX,DB01202,CHEMBL1286,377.0,1.6392447680966438,4.611761107515762,8.94764882199988,0.4456233421750663,0.623342175066313,0.8275862068965517,True,False,no_label_signal,,0,,ANTI_DDI_SUPPORTED,DEFAULT_BENCHMARK,confirmatory,NOT_ANCHORED,,,,,
ADDI2-0144,amoxicillin,dextromethorphan,1997.0,429.5598732326295,4.648944476521248,2.15,T1_wellpowered,1,False,False,True,133870,65230,723.0,A02BD;J01CA,DB01060,CHEMBL1082,3289.0,N06AX;R05DA,DB00514,CHEMBL52440,393.0,2.576702458937585,5.82412480379493,8.844512446071729,0.1399491094147582,0.3129770992366412,0.5954198473282443,True,False,no_label_signal,,3,pk_inhibitor;transporter_inhibitor;metab_transporter,ANTI_DDI_SUPPORTED,DEFAULT_BENCHMARK,confirmatory,NOT_ANCHORED,,,,,
ADDI2-0145,hydrocodone,insulin lispro,1990.0,1535.2403464089343,1.2962139802114956,2.15,T1_wellpowered,1,False,False,True,224891,138775,5489.0,N02AJ;R05DA,DB00956,CHEMBL1457,86009.0,A10AB;A10AC;A10AD,,CHEMBL1201538,410.0,3.04175070952103,7.02403869514208,18.342442714449675,0.1902439024390244,0.2707317073170732,0.4902439024390244,False,False,no_label_signal,,0,,ANTI_DDI_SUPPORTED,DEFAULT_BENCHMARK,not_used_in_paper5,NOT_ANCHORED,,,,,
ADDI2-0146,ustekinumab,diphenhydramine,1986.0,1007.2487678059086,1.971707549790412,2.15,T1_wellpowered,1,False,False,False,100604,203530,847083.0,L04AC,,CHEMBL1201835,3498.0,D04AA;M01AE;R06AA,DB01075,CHEMBL657,321.0,8.789435727917216,34.58252830915509,104.32095792929957,0.1401869158878504,0.1651090342679127,0.2149532710280373,False,False,no_label_signal,,0,,ANTI_DDI_SUPPORTED,DEFAULT_BENCHMARK,not_used_in_paper5,NOT_ANCHORED,,,,,
ADDI2-0147,pantoprazole,sevelamer,1954.0,261.0655224480811,7.484711047544005,2.15,T1_wellpowered,1,False,False,False,338873,15661,40790.0,A02BC,DB00213,CHEMBL1502,214824.0,V03AE,,CHEMBL5314349,313.0,1.6008125248676262,6.120712885500047,15.112393081379835,0.476038338658147,0.6134185303514377,0.7795527156549521,False,False,no_label_signal,,0,,ANTI_DDI_SUPPORTED,DEFAULT_BENCHMARK,not_used_in_paper5,NOT_ANCHORED,,,,,
ADDI2-0148,acetaminophen,sevelamer,1952.0,606.1878983155484,3.2201236702747487,2.15,T1_wellpowered,1,False,False,False,786855,15661,161.0,N02AJ;N02BE,DB00316,CHEMBL112,214824.0,V03AE,,CHEMBL5314349,324.0,1.9410687350982243,6.934942597372951,16.622088794695703,0.3919753086419753,0.5185185185185185,0.7160493827160493,False,False,no_label_signal,,0,,ANTI_DDI_SUPPORTED,DEFAULT_BENCHMARK,not_used_in_paper5,NOT_ANCHORED,,,,,
ADDI2-0149,atenolol,conjugated estrogens,1940.0,472.6577906715055,4.10444943104363,2.15,T1_wellpowered,2,False,False,True,138293,69479,1202.0,C07AB;C07FB,DB00335,CHEMBL24,4099.0,G03CA;G03CC,,CHEMBL1201649,420.0,2.4378307245696336,5.3593880748857465,21.60462072064141,0.1738095238095238,0.3666666666666666,0.6857142857142857,False,False,no_label_signal,,0,,ANTI_DDI_SUPPORTED,DEFAULT_BENCHMARK,not_used_in_paper5,NOT_ANCHORED,,,,,
ADDI2-0150,atorvastatin,sevelamer,1940.0,392.0408746800993,4.948463604931544,2.15,T1_wellpowered,1,False,False,False,508884,15661,83367.0,C10AA;C10BA;C10BX,DB01076,CHEMBL1487,214824.0,V03AE,,CHEMBL5314349,293.0,1.877913829616124,4.894337207899378,6.737348824243488,0.3583617747440273,0.5392491467576792,0.757679180887372,False,False,no_label_signal,,0,,ANTI_DDI_SUPPORTED,DEFAULT_BENCHMARK,not_used_in_paper5,NOT_ANCHORED,,,,,
ADDI2-0151,acetaminophen,liraglutide,1930.0,2042.831154421793,0.9447672637175298,2.15,T1_wellpowered,1,False,False,False,786855,52777,161.0,N02AJ;N02BE,DB00316,CHEMBL112,475968.0,A10AE;A10BJ,,CHEMBL4084119,351.0,1.8367952632967848,5.904716014425573,11.432851735752688,0.3732193732193732,0.5356125356125356,0.7492877492877493,False,False,no_label_signal,,0,,ANTI_DDI_SUPPORTED,DEFAULT_BENCHMARK,not_used_in_paper5,HUMAN_NONINTERACTION_ANCHOR,regulatory_clinical_pharmacology,DailyMed liraglutide prescribing information; in-vivo oral-drug interaction studies,https://dailymed.nlm.nih.gov/dailymed/drugInfo.cfm?setid=22c86976-9657-4dd0-8fff-0c3f3f08357c,Human clinical-pharmacology study; tested oral-drug absorption not affected to a clinically relevant degree,CONCORDANT
ADDI2-0152,metoprolol,liraglutide,1927.0,948.663626692968,2.0312784698170656,2.15,T1_wellpowered,1,False,False,False,365405,52777,6918.0,C07AB;C07FB,DB00264,CHEMBL13,475968.0,A10AE;A10BJ,,CHEMBL4084119,313.0,1.7059847171188514,4.391712902569741,6.605231733381607,0.4057507987220447,0.6230031948881789,0.8210862619808307,False,False,no_label_signal,,0,,ANTI_DDI_SUPPORTED,DEFAULT_BENCHMARK,not_used_in_paper5,NOT_ANCHORED,,,,,
ADDI2-0153,omeprazole,sevelamer,1856.0,354.1868246052662,5.240172335796152,2.2,T1_wellpowered,1,False,False,False,459748,15661,7646.0,A02BC;A02BD,DB00338,CHEMBL1503,214824.0,V03AE,,CHEMBL5314349,255.0,1.693221572376877,5.804503095632145,33.571780086708934,0.4235294117647059,0.611764705882353,0.8,False,False,no_label_signal,,0,,ANTI_DDI_SUPPORTED,DEFAULT_BENCHMARK,not_used_in_paper5,NOT_ANCHORED,,,,,
ADDI2-0154,furosemide,dalteparin,1833.0,282.2490540532231,6.494264457851309,2.2,T1_wellpowered,1,False,False,False,405464,14151,4603.0,C03CA;C03CB,DB00695,CHEMBL35,67109.0,B01AB,,CHEMBL1201460,344.0,1.7706509221894633,4.9320226629094295,15.303968110209157,0.4127906976744186,0.5930232558139535,0.8168604651162791,False,False,no_label_signal,,0,,ANTI_DDI_SUPPORTED,DEFAULT_BENCHMARK,not_used_in_paper5,NOT_ANCHORED,,,,,
ADDI2-0155,atenolol,hydralazine,1831.0,251.56396092692185,7.278467047717925,2.2,T1_wellpowered,1,False,False,False,138293,36979,1202.0,C07AB;C07FB,DB00335,CHEMBL24,5470.0,C02DB,DB01275,CHEMBL276832,362.0,1.9168709769103605,5.2057704653264985,28.0115694443079,0.3149171270718232,0.5386740331491713,0.8066298342541437,True,False,no_label_signal,,0,,ANTI_DDI_SUPPORTED,DEFAULT_BENCHMARK,development,NOT_ANCHORED,,,,,
ADDI2-0156,alprazolam,heparin,1820.0,757.8919680302234,2.4013976618992503,2.2,T1_wellpowered,1,False,False,False,209142,73667,596.0,N05BA,DB00404,CHEMBL661,5224.0,B01AB;C05BA;S01XA,,CHEMBL4650299,397.0,2.8700068051807617,6.3610471370954125,13.347106688557712,0.1360201511335012,0.2821158690176322,0.5289672544080605,False,False,no_label_signal,,0,,ANTI_DDI_SUPPORTED,DEFAULT_BENCHMARK,not_used_in_paper5,NOT_ANCHORED,,,,,
ADDI2-0157,atenolol,pioglitazone,1819.0,334.239447477258,5.442206219909954,2.2,T1_wellpowered,1,False,False,False,138293,49132,1202.0,C07AB;C07FB,DB00335,CHEMBL24,33738.0,A10BD;A10BG,DB01132,CHEMBL595,386.0,2.106724824428318,5.27631628461688,8.410149271380769,0.3031088082901554,0.466321243523316,0.7409326424870466,True,False,no_label_signal,,3,transporter_inhibitor;biological_process;pharmacogenetic,ANTI_DDI_SUPPORTED,DEFAULT_BENCHMARK,development,NOT_ANCHORED,,,,,
ADDI2-0158,atenolol,perindopril,1785.0,283.08173671789586,6.305599296851975,2.2,T1_wellpowered,1,False,False,False,138293,41612,1202.0,C07AB;C07FB,DB00335,CHEMBL24,54552.0,C09AA;C09BB,DB00790,CHEMBL1581,292.0,1.849432604545998,7.2351064910934,24.366478782572564,0.3664383561643836,0.5616438356164384,0.7431506849315068,True,False,no_label_signal,,1,transporter_inhibitor,ANTI_DDI_SUPPORTED,DEFAULT_BENCHMARK,confirmatory,NOT_ANCHORED,,,,,
ADDI2-0159,atenolol,fenofibrate,1774.0,245.21686729148504,7.234412622567587,2.25,T1_wellpowered,1,False,False,False,138293,36046,1202.0,C07AB;C07FB,DB00335,CHEMBL24,8703.0,C10AB;C10BA,DB01039,CHEMBL672,322.0,1.8319664115501533,5.381167004909178,12.626116261556534,0.3540372670807453,0.5527950310559007,0.7888198757763976,True,False,no_label_signal,,1,biological_process,ANTI_DDI_SUPPORTED,DEFAULT_BENCHMARK,confirmatory,NOT_ANCHORED,,,,,
ADDI2-0160,pantoprazole,liraglutide,1769.0,879.7813088718713,2.010726963804629,2.25,T1_wellpowered,1,False,False,False,338873,52777,40790.0,A02BC,DB00213,CHEMBL1502,475968.0,A10AE;A10BJ,,CHEMBL4084119,268.0,1.4292586294908132,8.51429078451725,77.04693238156005,0.5223880597014925,0.6716417910447762,0.7985074626865671,False,False,no_label_signal,,0,,ANTI_DDI_SUPPORTED,DEFAULT_BENCHMARK,not_used_in_paper5,NOT_ANCHORED,,,,,
ADDI2-0161,carvedilol,sevelamer,1761.0,106.77498437544196,16.49262709145408,2.25,T1_wellpowered,1,False,False,False,138598,15661,20352.0,C07AG,DB01136,CHEMBL723,214824.0,V03AE,,CHEMBL5314349,266.0,1.6892688280677193,4.9092153263603375,8.92579395709008,0.4210526315789473,0.5827067669172933,0.7744360902255639,False,False,no_label_signal,,0,,ANTI_DDI_SUPPORTED,DEFAULT_BENCHMARK,not_used_in_paper5,NOT_ANCHORED,,,,,
ADDI2-0162,atenolol,finasteride,1759.0,410.2208931516351,4.287933719040972,2.25,T1_wellpowered,1,False,False,False,138293,60301,1202.0,C07AB;C07FB,DB00335,CHEMBL24,25025.0,D11AX;G04CB,DB01216,CHEMBL710,344.0,1.749872217497185,3.70656038245604,7.071475992450502,0.3866279069767442,0.5872093023255814,0.8691860465116279,True,False,no_label_signal,,1,pharmacogenetic,ANTI_DDI_SUPPORTED,DEFAULT_BENCHMARK,confirmatory,NOT_ANCHORED,,,,,
ADDI2-0163,azithromycin,atenolol,1741.0,648.7233109059538,2.683732757450418,2.25,T1_wellpowered,1,False,False,False,95360,138293,18631.0,J01FA;S01AA,DB00207,CHEMBL529,1202.0,C07AB;C07FB,DB00335,CHEMBL24,396.0,2.1736931949028566,6.407738105874465,12.349823700782606,0.2449494949494949,0.4393939393939394,0.6843434343434344,True,False,no_label_signal,,1,transporter_inhibitor,ANTI_DDI_SUPPORTED,DEFAULT_BENCHMARK,confirmatory,NOT_ANCHORED,,,,,
ADDI2-0164,hydrocodone,fenofibrate,1736.0,398.7697605956148,4.353389277579766,2.25,T1_wellpowered,1,False,False,False,224891,36046,5489.0,N02AJ;R05DA,DB00956,CHEMBL1457,8703.0,C10AB;C10BA,DB01039,CHEMBL672,366.0,2.2113382319259185,6.332156990812746,10.888024521854293,0.2404371584699453,0.4316939890710382,0.6584699453551912,True,False,no_label_signal,,1,pk_inhibitor,ANTI_DDI_SUPPORTED,DEFAULT_BENCHMARK,confirmatory,NOT_ANCHORED,,,,,
ADDI2-0165,hydrocodone,sitagliptin,1725.0,1075.7026144724853,1.6036030560787695,2.25,T1_wellpowered,1,False,False,False,224891,97236,5489.0,N02AJ;R05DA,DB00956,CHEMBL1457,593411.0,A10BD;A10BH,DB01261,CHEMBL1422,334.0,2.1283370405808286,6.368271162958699,13.095064025089895,0.2634730538922156,0.467065868263473,0.6856287425149701,True,False,no_label_signal,,0,,ANTI_DDI_SUPPORTED,DEFAULT_BENCHMARK,confirmatory,NOT_ANCHORED,,,,,
ADDI2-0166,ramipril,levetiracetam,1708.0,851.0666655188571,2.0068933130622724,2.25,T1_wellpowered,1,False,False,False,129355,133748,35296.0,C09AA;C09BB,DB00178,CHEMBL1168,114477.0,N03AX,DB01202,CHEMBL1286,273.0,1.5640645965834798,5.738216892625224,9.779891782992172,0.4688644688644688,0.6227106227106227,0.7582417582417582,True,False,no_label_signal,,0,,ANTI_DDI_SUPPORTED,DEFAULT_BENCHMARK,confirmatory,NOT_ANCHORED,,,,,
ADDI2-0167,hydrocodone,conjugated estrogens,1702.0,768.6324195867147,2.2143224207419547,2.25,T1_wellpowered,2,False,False,True,224891,69479,5489.0,N02AJ;R05DA,DB00956,CHEMBL1457,4099.0,G03CA;G03CC,,CHEMBL1201649,402.0,4.041425795413847,7.828657321177448,13.726203368701077,0.0696517412935323,0.1044776119402985,0.3383084577114428,False,False,no_label_signal,,0,,ANTI_DDI_SUPPORTED,DEFAULT_BENCHMARK,not_used_in_paper5,NOT_ANCHORED,,,,,
ADDI2-0168,hydroxychloroquine,heparin,1676.0,560.8216473609193,2.9884723742152604,2.25,EXCLUDED_label,1,False,False,False,154760,73667,5521.0,P01BA,DB01611,CHEMBL1535,5224.0,B01AB;C05BA;S01XA,,CHEMBL4650299,304.0,1.17053196740232,4.430226314058484,10.62940012885077,0.618421052631579,0.7236842105263158,0.875,False,False,label_explicit_INTERACTION,"nhibitors drugs such as nsaids (including salicylic acid, ibuprofen, indomethacin, and celecoxib), dextran, phenylbutazone, thienopyridines, dipyridamole, hydroxychloroquine, glycoprotein iib/iiia ant",0,,POSITIVE_CONCERN_EXCLUDED,EXCLUDE_POSITIVE_CONCERN,not_used_in_paper5,NOT_ANCHORED,,,,,
ADDI2-0169,levofloxacin,heparin,1654.0,239.19354908054305,6.914902205172151,2.3,T1_wellpowered,1,False,False,False,66006,73667,82122.0,J01MA;S01AE,,CHEMBL5315124,5224.0,B01AB;C05BA;S01XA,,CHEMBL4650299,387.0,2.0745917687489355,4.968439216915234,14.680791590809552,0.2842377260981912,0.483204134366925,0.7235142118863049,False,False,no_label_signal,,0,,ANTI_DDI_SUPPORTED,DEFAULT_BENCHMARK,not_used_in_paper5,NOT_ANCHORED,,,,,
ADDI2-0170,hydrocodone,nitrofurantoin,1644.0,296.1622721218777,5.551010897577985,2.3,T1_wellpowered,1,False,False,False,224891,26771,5489.0,N02AJ;R05DA,DB00956,CHEMBL1457,7454.0,J01XE,DB00698,CHEMBL572,399.0,2.1547610036377924,7.819631487862539,14.530285230824813,0.2957393483709273,0.4636591478696741,0.6791979949874687,True,False,no_label_signal,,0,,ANTI_DDI_SUPPORTED,DEFAULT_BENCHMARK,development,NOT_ANCHORED,,,,,
ADDI2-0171,omeprazole,ustekinumab,1644.0,2275.244958980155,0.7225595615589887,2.3,T1_wellpowered,1,False,False,False,459748,100604,7646.0,A02BC;A02BD,DB00338,CHEMBL1503,847083.0,L04AC,,CHEMBL1201835,327.0,1.293736530532312,13.108444580242896,22.01305900614896,0.5657492354740061,0.691131498470948,0.7981651376146789,False,False,no_label_signal,,0,,ANTI_DDI_SUPPORTED,DEFAULT_BENCHMARK,not_used_in_paper5,HUMAN_NONINTERACTION_ANCHOR,regulatory_clinical_pharmacology,FDA WEZLANA prescribing information; ustekinumab CYP450 substrates,https://www.accessdata.fda.gov/drugsatfda_docs/label/2026/761285s006lbl761331s006lbl.pdf,Phase 1 human CYP-probe study; no clinically significant exposure change,CONCORDANT
ADDI2-0172,ranitidine,heparin,1641.0,1010.1167567328256,1.6245646743924298,2.3,T1_wellpowered,1,False,False,False,278744,73667,9143.0,A02BA,DB00863,CHEMBL1790041,5224.0,B01AB;C05BA;S01XA,,CHEMBL4650299,362.0,2.542876016595561,7.615060542350526,18.773787408396483,0.1574585635359116,0.3425414364640884,0.6187845303867403,False,False,no_label_signal,,0,,ANTI_DDI_SUPPORTED,DEFAULT_BENCHMARK,not_used_in_paper5,NOT_ANCHORED,,,,,
ADDI2-0173,ondansetron,dalteparin,1594.0,92.40422375892064,17.250293711234345,2.3,T1_wellpowered,1,False,False,False,132743,14151,26225.0,A04AA,DB00904,CHEMBL46,67109.0,B01AB,,CHEMBL1201460,251.0,2.179425796557278,22.38152218928431,49.94401614462674,0.3187250996015936,0.4701195219123506,0.6374501992031872,False,False,no_label_signal,,0,,ANTI_DDI_SUPPORTED,DEFAULT_BENCHMARK,not_used_in_paper5,NOT_ANCHORED,,,,,
ADDI2-0174,isosorbide,citalopram,1587.0,300.91108363473586,5.273983200719841,2.3,T1_wellpowered,1,False,False,True,43076,142007,6057.0,C01DA,DB01020,CHEMBL1311,2556.0,N06AB,DB00215,CHEMBL549,362.0,2.40360244676604,7.68130304643385,26.147818172159827,0.223756906077348,0.3756906077348066,0.6077348066298343,True,False,no_label_signal,,1,pk_inhibitor,ANTI_DDI_SUPPORTED,DEFAULT_BENCHMARK,confirmatory,NOT_ANCHORED,,,,,
ADDI2-0175,levetiracetam,olanzapine,1575.0,724.7373311705321,2.1732011478644244,2.3,T1_wellpowered,1,False,False,False,133748,110154,114477.0,N03AX,DB01202,CHEMBL1286,61381.0,N05AH,DB00334,CHEMBL715,294.0,1.7218629319981136,4.988118349491391,38.83206858518077,0.3945578231292517,0.5884353741496599,0.7959183673469388,True,False,no_label_signal,,0,,ANTI_DDI_SUPPORTED,DEFAULT_BENCHMARK,confirmatory,NOT_ANCHORED,,,,,
ADDI2-0176,aspirin,ustekinumab,1542.0,3185.1538947516,0.4841210349493194,2.35,T1_wellpowered,1,False,False,False,643609,100604,1191.0,A01AD;B01AC;N02AJ;N02BA,DB00945,CHEMBL25,847083.0,L04AC,,CHEMBL1201835,355.0,2.0959510054238644,14.844589313459798,127.9439573621206,0.3859154929577464,0.4873239436619718,0.6422535211267606,False,False,no_label_signal,,0,,ANTI_DDI_SUPPORTED,DEFAULT_BENCHMARK,not_used_in_paper5,NOT_ANCHORED,,,,,
ADDI2-0177,atenolol,cyclosporine,1509.0,777.9985738793791,1.9395922443348277,2.35,T1_wellpowered,1,False,False,False,138293,114363,1202.0,C07AB;C07FB,DB00335,CHEMBL24,3008.0,L04AD;S01XA,DB00091,CHEMBL160,355.0,2.0631979361345367,10.626096490092989,30.560657104103505,0.3070422535211267,0.4845070422535211,0.6985915492957746,True,False,no_label_signal,,2,transporter_inhibitor;pharmacogenetic,ANTI_DDI_SUPPORTED,DEFAULT_BENCHMARK,confirmatory,NOT_ANCHORED,,,,,
ADDI2-0178,hydrocodone,finasteride,1508.0,667.0980229061801,2.2605373546611207,2.35,T1_wellpowered,1,False,False,False,224891,60301,5489.0,N02AJ;R05DA,DB00956,CHEMBL1457,25025.0,D11AX;G04CB,DB01216,CHEMBL710,354.0,2.74558587833357,6.551969995109111,8.713275415068244,0.1468926553672316,0.2768361581920904,0.5621468926553672,True,False,no_label_signal,,0,,ANTI_DDI_SUPPORTED,DEFAULT_BENCHMARK,confirmatory,NOT_ANCHORED,,,,,
ADDI2-0179,chlorpheniramine,insulin glargine,1499.0,844.0227167915115,1.776018548053227,2.35,T1_wellpowered,1,False,False,True,69300,247587,2400.0,R06AB,DB01114,CHEMBL505,274783.0,A10AE,,CHEMBL1201497,357.0,2.198286366758591,7.425024326708275,20.30784748604953,0.2857142857142857,0.453781512605042,0.6498599439775911,False,False,no_label_signal,,0,,ANTI_DDI_SUPPORTED,DEFAULT_BENCHMARK,not_used_in_paper5,NOT_ANCHORED,,,,,
ADDI2-0180,citalopram,enalapril,1495.0,464.4226848660076,3.2190503365082788,2.35,T1_wellpowered,1,False,False,False,142007,66483,2556.0,N06AB,DB00215,CHEMBL549,3827.0,C09AA,DB00584,CHEMBL578,348.0,1.8619850863901413,5.009083971026047,11.734229142067946,0.3477011494252873,0.5431034482758621,0.7471264367816092,True,False,no_label_signal,,4,pk_inhibitor;transporter_inhibitor;metab_transporter;pharmacogenetic,ANTI_DDI_SUPPORTED,DEFAULT_BENCHMARK,confirmatory,NOT_ANCHORED,,,,,
ADDI2-0181,chlorpheniramine,nitroglycerin,1494.0,187.1606150455701,7.982448655857639,2.35,T1_wellpowered,1,False,False,True,69300,54902,2400.0,R06AB,DB01114,CHEMBL505,4917.0,C01DA;C05AE,DB00727,CHEMBL730,411.0,2.280452958326551,5.685432221103885,16.327958702274124,0.2287104622871046,0.4209245742092457,0.6982968369829684,True,False,no_label_signal,,0,,ANTI_DDI_SUPPORTED,DEFAULT_BENCHMARK,development,NOT_ANCHORED,,,,,
ADDI2-0182,hydrocodone,glimepiride,1442.0,440.3548332827068,3.274631935456104,2.4,T1_wellpowered,1,False,False,False,224891,39805,5489.0,N02AJ;R05DA,DB00956,CHEMBL1457,25789.0,A10BB;A10BD,DB00222,CHEMBL1481,299.0,2.363464266047078,6.981000362101736,16.084967787568566,0.2140468227424749,0.4147157190635451,0.6254180602006689,True,False,no_label_signal,,0,,ANTI_DDI_SUPPORTED,DEFAULT_BENCHMARK,confirmatory,NOT_ANCHORED,,,,,
ADDI2-0183,methotrexate,heparin,1439.0,1816.4881251145248,0.792187947779331,2.4,T1_wellpowered,1,False,False,False,501264,73667,6851.0,L01BA;L04AX,DB00563,CHEMBL34259,5224.0,B01AB;C05BA;S01XA,,CHEMBL4650299,374.0,2.2451363594926708,6.755508980315562,13.235474850862856,0.3422459893048128,0.4598930481283422,0.6764705882352942,False,False,no_label_signal,,0,,ANTI_DDI_SUPPORTED,DEFAULT_BENCHMARK,not_used_in_paper5,NOT_ANCHORED,,,,,
ADDI2-0184,atorvastatin,ustekinumab,1419.0,2518.413904368604,0.5634498751529725,2.4,T1_wellpowered,1,False,False,False,508884,100604,83367.0,C10AA;C10BA;C10BX,DB01076,CHEMBL1487,847083.0,L04AC,,CHEMBL1201835,242.0,1.673716141663526,29.787342481795577,95.7899512253824,0.4628099173553719,0.5578512396694215,0.6818181818181818,False,False,no_label_signal,,0,,ANTI_DDI_SUPPORTED,DEFAULT_BENCHMARK,not_used_in_paper5,NOT_ANCHORED,,,,,
ADDI2-0185,lamotrigine,atenolol,1415.0,906.3146297760665,1.5612679675595884,2.4,T1_wellpowered,1,False,False,False,133225,138293,28439.0,N03AX,DB00555,CHEMBL741,1202.0,C07AB;C07FB,DB00335,CHEMBL24,319.0,1.86380806384624,4.58246537712192,22.797625229712708,0.3542319749216301,0.5360501567398119,0.8150470219435737,True,False,no_label_signal,,1,transporter_inhibitor,ANTI_DDI_SUPPORTED,DEFAULT_BENCHMARK,confirmatory,NOT_ANCHORED,,,,,
ADDI2-0186,atenolol,doxycycline,1406.0,488.6785897191515,2.8771467168390625,2.4,T1_wellpowered,1,False,False,False,138293,71834,1202.0,C07AB;C07FB,DB00335,CHEMBL24,3640.0,A01AB;J01AA,,CHEMBL1200699,356.0,2.163086081596348,7.354914123132946,31.44831056407852,0.3202247191011236,0.4578651685393258,0.6797752808988764,False,False,no_label_signal,,0,,ANTI_DDI_SUPPORTED,DEFAULT_BENCHMARK,not_used_in_paper5,NOT_ANCHORED,,,,,
ADDI2-0187,amlodipine,ustekinumab,1389.0,2313.574157165468,0.6003697766497216,2.45,T1_wellpowered,1,False,False,False,467493,100604,17767.0,C08CA;C09BB;C09DB;C09DX;C09XA;C10BX,DB00381,CHEMBL1491,847083.0,L04AC,,CHEMBL1201835,284.0,1.6833811565364951,20.508879972295684,159.27479187188084,0.454225352112676,0.5950704225352113,0.6795774647887324,False,False,no_label_signal,,0,,ANTI_DDI_SUPPORTED,DEFAULT_BENCHMARK,not_used_in_paper5,NOT_ANCHORED,,,,,
ADDI2-0188,allopurinol,dextromethorphan,1375.0,507.6905474190887,2.7083427237122937,2.45,T1_wellpowered,1,False,False,True,158219,65230,519.0,M04AA,DB00437,CHEMBL1467,3289.0,N06AX;R05DA,DB00514,CHEMBL52440,303.0,2.1652588001948536,5.549382950960528,8.307605425945408,0.2343234323432343,0.4389438943894389,0.7128712871287128,True,False,no_label_signal,,3,pk_inhibitor;transporter_inhibitor;metab_transporter,ANTI_DDI_SUPPORTED,DEFAULT_BENCHMARK,confirmatory,NOT_ANCHORED,,,,,
ADDI2-0189,dextromethorphan,acyclovir,1369.0,399.7502727072606,3.424638063980826,2.45,T1_wellpowered,1,False,False,True,65230,124580,3289.0,N06AX;R05DA,DB00514,CHEMBL52440,281.0,D06BB;J05AB;S01AD,DB00787,CHEMBL184,286.0,2.2785939848752363,5.699573749204703,7.659456948361332,0.2377622377622377,0.4090909090909091,0.6783216783216783,False,False,no_label_signal,,0,,ANTI_DDI_SUPPORTED,DEFAULT_BENCHMARK,not_used_in_paper5,NOT_ANCHORED,,,,,
ADDI2-0190,hydrocodone,lactulose,1354.0,432.7657511163473,3.1287133894197248,2.45,T1_wellpowered,2,False,False,False,224891,39119,5489.0,N02AJ;R05DA,DB00956,CHEMBL1457,6218.0,A06AD,DB00581,CHEMBL296306,391.0,2.788283587022552,8.14356030557576,13.92756134651015,0.1508951406649616,0.2813299232736573,0.5524296675191815,True,False,no_label_signal,,0,,ANTI_DDI_SUPPORTED,DEFAULT_BENCHMARK,confirmatory,NOT_ANCHORED,,,,,
ADDI2-0191,fluconazole,atenolol,1347.0,482.0253661656068,2.794458745428801,2.45,T1_wellpowered,1,False,False,False,70856,138293,4450.0,D01AC;J02AC,DB00196,CHEMBL106,1202.0,C07AB;C07FB,DB00335,CHEMBL24,373.0,2.26333712613512,6.117220626284739,13.36344083529912,0.1983914209115281,0.3994638069705093,0.6353887399463807,True,False,no_label_signal,,1,transporter_inhibitor,ANTI_DDI_SUPPORTED,DEFAULT_BENCHMARK,confirmatory,NOT_ANCHORED,,,,,
ADDI2-0192,atenolol,triamcinolone,1329.0,399.3566825023397,3.3278521638165244,2.45,T1_wellpowered,1,False,False,False,138293,58704,1202.0,C07AB;C07FB,DB00335,CHEMBL24,10759.0,A01AC;C05AA;D07AB;D07XB;H02AB;R01AD;R03BA;S01BA,DB00620,CHEMBL1451,291.0,1.599459474126873,4.996395828733471,77.66614796772181,0.4467353951890034,0.6460481099656358,0.7869415807560137,True,False,no_label_signal,,1,biological_process,ANTI_DDI_SUPPORTED,DEFAULT_BENCHMARK,confirmatory,NOT_ANCHORED,,,,,
ADDI2-0193,atenolol,gemfibrozil,1296.0,104.1113837049572,12.448206467726466,2.5,T1_wellpowered,1,False,False,False,138293,15304,1202.0,C07AB;C07FB,DB00335,CHEMBL24,4719.0,C10AB,DB01241,CHEMBL457,332.0,2.0866804166485844,4.709576224531058,8.704478252623915,0.253012048192771,0.4608433734939759,0.7319277108433735,True,False,no_label_signal,,3,transporter_inhibitor;biological_process;pharmacogenetic,ANTI_DDI_SUPPORTED,DEFAULT_BENCHMARK,confirmatory,NOT_ANCHORED,,,,,
ADDI2-0194,allopurinol,sevelamer,1230.0,121.89087326583392,10.090993419314271,2.55,T1_wellpowered,1,False,False,False,158219,15661,519.0,M04AA,DB00437,CHEMBL1467,214824.0,V03AE,,CHEMBL5314349,223.0,1.892374557850255,5.218816690369756,9.262743179407977,0.3228699551569506,0.5426008968609866,0.8071748878923767,False,False,no_label_signal,,0,,ANTI_DDI_SUPPORTED,DEFAULT_BENCHMARK,not_used_in_paper5,NOT_ANCHORED,,,,,
ADDI2-0195,ustekinumab,meloxicam,1223.0,288.1395617744972,4.244470951743655,2.55,T1_wellpowered,1,False,False,False,100604,58223,847083.0,L04AC,,CHEMBL1201835,41493.0,M01AC;N01BB,DB00814,CHEMBL599,291.0,11.191318209991202,40.55404143041461,91.09740240195084,0.0549828178694158,0.0824742268041237,0.1512027491408934,False,False,no_label_signal,,0,,ANTI_DDI_SUPPORTED,DEFAULT_BENCHMARK,not_used_in_paper5,NOT_ANCHORED,,,,,
ADDI2-0196,liraglutide,clopidogrel,1210.0,559.4053182281591,2.1630112560111368,2.55,T1_wellpowered,1,False,False,False,52777,215471,475968.0,A10AE;A10BJ,,CHEMBL4084119,32968.0,B01AC,DB00758,CHEMBL1771,216.0,1.8736055486908516,7.1718031634037285,16.509704367440637,0.3796296296296296,0.5138888888888888,0.6851851851851852,False,False,no_label_signal,,0,,ANTI_DDI_SUPPORTED,DEFAULT_BENCHMARK,not_used_in_paper5,NOT_ANCHORED,,,,,
ADDI2-0197,lamotrigine,ustekinumab,1208.0,659.3166466414887,1.8322000607044653,2.55,T1_wellpowered,1,False,False,False,133225,100604,28439.0,N03AX,DB00555,CHEMBL741,847083.0,L04AC,,CHEMBL1201835,244.0,9.551073952448576,63.74219469818114,199.95124192695025,0.0450819672131147,0.0532786885245901,0.0860655737704918,False,False,no_label_signal,,0,,ANTI_DDI_SUPPORTED,DEFAULT_BENCHMARK,not_used_in_paper5,NOT_ANCHORED,,,,,
ADDI2-0198,ranitidine,ustekinumab,1199.0,1379.4750185883663,0.8691712309708598,2.55,T1_wellpowered,1,False,False,False,278744,100604,9143.0,A02BA,DB00863,CHEMBL1790041,847083.0,L04AC,,CHEMBL1201835,262.0,9.107107470294254,79.58246594149269,191.83156684541416,0.0534351145038167,0.0687022900763358,0.0954198473282442,False,False,no_label_signal,,0,,ANTI_DDI_SUPPORTED,DEFAULT_BENCHMARK,not_used_in_paper5,NOT_ANCHORED,,,,,
ADDI2-0199,citalopram,finasteride,1191.0,421.2377949265996,2.8273816223150887,2.55,T1_wellpowered,1,False,False,False,142007,60301,2556.0,N06AB,DB00215,CHEMBL549,25025.0,D11AX;G04CB,DB01216,CHEMBL710,265.0,1.941540549917941,5.473132932314881,10.720940265913654,0.3396226415094339,0.5132075471698113,0.7547169811320755,True,False,no_label_signal,,2,pk_inhibitor;pharmacogenetic,ANTI_DDI_SUPPORTED,DEFAULT_BENCHMARK,confirmatory,NOT_ANCHORED,,,,,
ADDI2-0200,allopurinol,dalteparin,1190.0,110.13841693281502,10.804586021296329,2.55,T1_wellpowered,1,False,False,False,158219,14151,519.0,M04AA,DB00437,CHEMBL1467,67109.0,B01AB,,CHEMBL1201460,199.0,2.644118680178849,38.5252250906675,85.14989537219938,0.2060301507537688,0.3819095477386934,0.5376884422110553,False,False,no_label_signal,,0,,ANTI_DDI_SUPPORTED,DEFAULT_BENCHMARK,not_used_in_paper5,NOT_ANCHORED,,,,,
ADDI2-0201,levetiracetam,naproxen,1189.0,1118.134023462048,1.0633787855936372,2.55,T1_wellpowered,1,False,False,False,133748,169947,114477.0,N03AX,DB01202,CHEMBL1286,7258.0,G02CC;M01AE;M02AA;N02CC,DB00788,CHEMBL154,269.0,1.847321257242233,5.227522734917376,9.849378064848176,0.4014869888475836,0.5650557620817844,0.7657992565055762,False,False,no_label_signal,,0,,ANTI_DDI_SUPPORTED,DEFAULT_BENCHMARK,not_used_in_paper5,NOT_ANCHORED,,,,,
ADDI2-0202,levetiracetam,warfarin,1185.0,887.0028576031522,1.335959619343383,2.55,T1_wellpowered,1,False,False,False,133748,134817,114477.0,N03AX,DB01202,CHEMBL1286,11289.0,B01AA,DB00682,CHEMBL1464,270.0,2.045993859532021,5.591152707260704,9.984457316300745,0.2925925925925925,0.4925925925925926,0.6962962962962963,True,False,no_label_signal,,0,,ANTI_DDI_SUPPORTED,DEFAULT_BENCHMARK,development,HUMAN_NONINTERACTION_ANCHOR,human_repeated_dose_pk_pd,Ragueneau-Majlessi et al. 2001; levetiracetam-warfarin,https://doi.org/10.1016/S0920-1211(01)00293-5,Human repeated-dose study; R/S-warfarin PK and INR unchanged,CONCORDANT
ADDI2-0203,metoclopramide,dalteparin,1181.0,55.620878590850566,21.23303388800245,2.6,T1_wellpowered,1,False,False,False,79902,14151,6915.0,A03FA,DB01233,CHEMBL86,67109.0,B01AB,,CHEMBL1201460,225.0,2.053659073046727,7.8481152724015955,20.665758099871788,0.3111111111111111,0.4888888888888889,0.7022222222222222,False,False,no_label_signal,,0,,ANTI_DDI_SUPPORTED,DEFAULT_BENCHMARK,not_used_in_paper5,NOT_ANCHORED,,,,,
ADDI2-0204,citalopram,conjugated estrogens,1155.0,485.3514992073965,2.3797186201879943,2.6,T1_wellpowered,2,False,False,True,142007,69479,2556.0,N06AB,DB00215,CHEMBL549,4099.0,G03CA;G03CC,,CHEMBL1201649,368.0,2.891009453319069,7.148306536170627,11.226085159892907,0.1277173913043478,0.2771739130434782,0.5217391304347826,False,False,no_label_signal,,0,,ANTI_DDI_SUPPORTED,DEFAULT_BENCHMARK,not_used_in_paper5,NOT_ANCHORED,,,,,
ADDI2-0205,citalopram,nitrofurantoin,1153.0,187.0111110591864,6.165409068315153,2.6,T1_wellpowered,1,False,False,False,142007,26771,2556.0,N06AB,DB00215,CHEMBL549,7454.0,J01XE,DB00698,CHEMBL572,308.0,2.3090819027745764,15.348065411994718,50.91511463589469,0.262987012987013,0.3993506493506493,0.6233766233766234,True,False,no_label_signal,,3,pk_inhibitor;transporter_inhibitor;metab_transporter,ANTI_DDI_SUPPORTED,DEFAULT_BENCHMARK,confirmatory,NOT_ANCHORED,,,,,
ADDI2-0206,atenolol,metronidazole,1150.0,465.2630524274328,2.471720017310779,2.6,T1_wellpowered,1,False,False,False,138293,68392,1202.0,C07AB;C07FB,DB00335,CHEMBL24,6922.0,A01AB;A02BD;D06BX;G01AF;J01RA;J01XD;P01AB,DB00916,CHEMBL137,337.0,2.5157913191332377,6.727394035267261,11.685614424706914,0.1928783382789317,0.3590504451038576,0.5816023738872403,True,False,no_label_signal,,0,,ANTI_DDI_SUPPORTED,DEFAULT_BENCHMARK,development,NOT_ANCHORED,,,,,
ADDI2-0207,chlorpheniramine,sumatriptan,1130.0,172.4576218451121,6.552334352696092,2.6,T1_wellpowered,1,False,False,False,69300,50589,2400.0,R06AB,DB01114,CHEMBL505,37418.0,N02CC,DB00669,CHEMBL128,259.0,2.142650053004396,5.337175564402537,8.105354113853796,0.2239382239382239,0.4555984555984556,0.7142857142857143,True,False,no_label_signal,,3,pk_inhibitor;transporter_inhibitor;metab_transporter,ANTI_DDI_SUPPORTED,DEFAULT_BENCHMARK,confirmatory,NOT_ANCHORED,,,,,
ADDI2-0208,hydroxychloroquine,conjugated estrogens,1115.0,528.9387003270027,2.1079947436454924,2.65,T1_wellpowered,1,False,False,True,154760,69479,5521.0,P01BA,DB01611,CHEMBL1535,4099.0,G03CA;G03CC,,CHEMBL1201649,310.0,2.070934003416096,7.659402304307467,32.53404502136145,0.3548387096774194,0.4870967741935484,0.6935483870967742,False,False,no_label_signal,,0,,ANTI_DDI_SUPPORTED,DEFAULT_BENCHMARK,not_used_in_paper5,NOT_ANCHORED,,,,,
ADDI2-0209,triamcinolone,dextromethorphan,1107.0,188.36843802381625,5.876780694332865,2.65,T1_wellpowered,1,False,False,True,58704,65230,10759.0,A01AC;C05AA;D07AB;D07XB;H02AB;R01AD;R03BA;S01BA,DB00620,CHEMBL1451,3289.0,N06AX;R05DA,DB00514,CHEMBL52440,382.0,3.847379582687057,8.026163996539943,12.51811749844493,0.0732984293193717,0.1413612565445026,0.3219895287958115,True,False,no_label_signal,,3,pk_inhibitor;pk_inducer;biological_process,ANTI_DDI_SUPPORTED,DEFAULT_BENCHMARK,confirmatory,NOT_ANCHORED,,,,,
ADDI2-0210,buprenorphine,ustekinumab,1098.0,656.8619943109637,1.67158400015483,2.65,T1_wellpowered,1,False,False,False,132729,100604,1819.0,N02AE;N07BC,,CHEMBL511142,847083.0,L04AC,,CHEMBL1201835,239.0,10.956662876985684,86.3567258030132,249.163356608864,0.0292887029288702,0.0418410041841004,0.0627615062761506,False,False,no_label_signal,,0,,ANTI_DDI_SUPPORTED,DEFAULT_BENCHMARK,not_used_in_paper5,NOT_ANCHORED,,,,,
ADDI2-0211,ustekinumab,albuterol,1096.0,1612.2611805303618,0.6797906029341133,2.65,T1_wellpowered,1,False,False,False,100604,325782,847083.0,L04AC,,CHEMBL1201835,435.0,R03AC;R03CC,DB01001,CHEMBL714,296.0,5.886038202584791,27.82427266240078,82.7443529765486,0.1216216216216216,0.1824324324324324,0.2297297297297297,False,False,no_label_signal,,0,,ANTI_DDI_SUPPORTED,DEFAULT_BENCHMARK,not_used_in_paper5,NOT_ANCHORED,,,,,
ADDI2-0212,citalopram,perindopril,1091.0,290.68418637312254,3.753214144919432,2.65,T1_wellpowered,1,False,False,False,142007,41612,2556.0,N06AB,DB00215,CHEMBL549,54552.0,C09AA;C09BB,DB00790,CHEMBL1581,251.0,2.168683669039381,6.08506491539562,9.870425263202106,0.2908366533864542,0.4541832669322709,0.7211155378486056,True,False,no_label_signal,,3,pk_inhibitor;transporter_inhibitor;metab_transporter,ANTI_DDI_SUPPORTED,DEFAULT_BENCHMARK,confirmatory,NOT_ANCHORED,,,,,
ADDI2-0213,lisinopril,sevelamer,1089.0,254.95938436412783,4.271268550149589,2.65,T1_wellpowered,1,False,False,False,330947,15661,29046.0,C09AA,,CHEMBL419213,214824.0,V03AE,,CHEMBL5314349,198.0,2.113593833713272,9.870450124246249,19.33918809696389,0.3333333333333333,0.4797979797979798,0.6414141414141414,False,False,no_label_signal,,0,,ANTI_DDI_SUPPORTED,DEFAULT_BENCHMARK,not_used_in_paper5,NOT_ANCHORED,,,,,
ADDI2-0214,atenolol,colchicine,1088.0,185.57595635699997,5.862828468505751,2.65,T1_wellpowered,1,False,False,False,138293,27279,1202.0,C07AB;C07FB,DB00335,CHEMBL24,2683.0,M04AC,DB01394,CHEMBL107,254.0,2.227728881752141,7.233790922391448,39.54265008930891,0.2834645669291338,0.4606299212598425,0.6614173228346457,True,False,no_label_signal,,1,transporter_inhibitor,ANTI_DDI_SUPPORTED,DEFAULT_BENCHMARK,confirmatory,NOT_ANCHORED,,,,,
ADDI2-0215,isosorbide,heparin,1084.0,156.0994655060672,6.944290273421005,2.65,T1_wellpowered,1,False,False,True,43076,73667,6057.0,C01DA,DB01020,CHEMBL1311,5224.0,B01AB;C05BA;S01XA,,CHEMBL4650299,335.0,2.7681072256123125,7.426135925945271,12.164541121335626,0.2,0.3253731343283582,0.5522388059701493,False,False,no_label_signal,,0,,ANTI_DDI_SUPPORTED,DEFAULT_BENCHMARK,not_used_in_paper5,NOT_ANCHORED,,,,,
ADDI2-0216,hydralazine,sevelamer,1084.0,28.488377517853564,38.05060499920226,2.65,T1_wellpowered,1,False,False,False,36979,15661,5470.0,C02DB,DB01275,CHEMBL276832,214824.0,V03AE,,CHEMBL5314349,191.0,2.059899714236541,6.973902162114845,12.667274593887448,0.3507853403141361,0.4712041884816754,0.7015706806282722,False,False,no_label_signal,,0,,ANTI_DDI_SUPPORTED,DEFAULT_BENCHMARK,not_used_in_paper5,NOT_ANCHORED,,,,,
ADDI2-0217,chlorpheniramine,levofloxacin,1067.0,225.0140897726476,4.74192527711526,2.7,T1_wellpowered,1,False,False,False,69300,66006,2400.0,R06AB,DB01114,CHEMBL505,82122.0,J01MA;S01AE,,CHEMBL5315124,244.0,2.157178889432335,8.308311618433459,29.60599927591288,0.2622950819672131,0.4672131147540984,0.6762295081967213,False,False,no_label_signal,,0,,ANTI_DDI_SUPPORTED,DEFAULT_BENCHMARK,not_used_in_paper5,NOT_ANCHORED,,,,,
ADDI2-0218,atenolol,levofloxacin,1062.0,449.0313638806458,2.365090916638695,2.7,T1_wellpowered,1,False,False,False,138293,66006,1202.0,C07AB;C07FB,DB00335,CHEMBL24,82122.0,J01MA;S01AE,,CHEMBL5315124,218.0,1.859555749303483,7.813833094787871,34.71666041789436,0.3486238532110092,0.536697247706422,0.7064220183486238,False,False,no_label_signal,,0,,ANTI_DDI_SUPPORTED,DEFAULT_BENCHMARK,not_used_in_paper5,NOT_ANCHORED,,,,,
ADDI2-0219,prednisone,sevelamer,1061.0,403.5536336413152,2.629142477113794,2.7,T1_wellpowered,1,False,False,False,523828,15661,8640.0,A07EA;H02AB,DB00635,CHEMBL635,214824.0,V03AE,,CHEMBL5314349,239.0,2.2756964215715008,10.039953281551036,18.57771922616229,0.3263598326359833,0.4476987447698745,0.606694560669456,False,False,no_label_signal,,0,,ANTI_DDI_SUPPORTED,DEFAULT_BENCHMARK,not_used_in_paper5,NOT_ANCHORED,,,,,
ADDI2-0220,atomoxetine,ustekinumab,1054.0,133.9616611592303,7.867922739082702,2.7,T1_wellpowered,1,False,False,False,27069,100604,38400.0,N06BA,DB00289,CHEMBL641,847083.0,L04AC,,CHEMBL1201835,239.0,12.097480434210114,47.98431226953858,67.23329964030317,0.0167364016736401,0.0376569037656903,0.0543933054393305,False,False,no_label_signal,,0,,ANTI_DDI_SUPPORTED,DEFAULT_BENCHMARK,not_used_in_paper5,NOT_ANCHORED,,,,,
ADDI2-0221,dextromethorphan,insulin glargine,1034.0,794.4531286624862,1.3015242343381626,2.7,T1_wellpowered,1,False,False,True,65230,247587,3289.0,N06AX;R05DA,DB00514,CHEMBL52440,274783.0,A10AE,,CHEMBL1201497,263.0,2.901610510908645,8.9953288402359,14.095798880601905,0.155893536121673,0.2889733840304182,0.5285171102661597,False,False,no_label_signal,,0,,ANTI_DDI_SUPPORTED,DEFAULT_BENCHMARK,not_used_in_paper5,NOT_ANCHORED,,,,,
ADDI2-0222,atenolol,cephalexin,1031.0,170.73885965937112,6.038461320737847,2.7,T1_wellpowered,1,False,False,False,138293,25098,1202.0,C07AB;C07FB,DB00335,CHEMBL24,2231.0,J01DB,,CHEMBL1200544,300.0,2.5419132565685576,8.07783960290495,36.605484154627966,0.1833333333333333,0.3466666666666667,0.6066666666666667,False,False,no_label_signal,,0,,ANTI_DDI_SUPPORTED,DEFAULT_BENCHMARK,not_used_in_paper5,NOT_ANCHORED,,,,,
ADDI2-0223,atenolol,clindamycin,1005.0,302.5311908483501,3.321971520297808,2.75,T1_wellpowered,1,False,False,False,138293,44471,1202.0,C07AB;C07FB,DB00335,CHEMBL24,2582.0,D10AF;G01AA;J01FF,DB01190,CHEMBL1753,358.0,3.212534734451477,8.964019028664492,41.30937213076314,0.0893854748603352,0.2234636871508379,0.4636871508379888,True,False,no_label_signal,,0,,ANTI_DDI_SUPPORTED,DEFAULT_BENCHMARK,development,NOT_ANCHORED,,,,,
ADDI2-0224,carvedilol,liraglutide,998.0,359.8278111476087,2.773548817188564,2.75,T1_wellpowered,1,False,False,False,138598,52777,20352.0,C07AG,DB01136,CHEMBL723,475968.0,A10AE;A10BJ,,CHEMBL4084119,187.0,1.769542117521147,5.352010236011847,7.55916296376564,0.3903743315508021,0.5882352941176471,0.7754010695187166,False,False,no_label_signal,,0,,ANTI_DDI_SUPPORTED,DEFAULT_BENCHMARK,not_used_in_paper5,NOT_ANCHORED,,,,,
ADDI2-0225,atenolol,sumatriptan,990.0,344.1512539368844,2.8766421411370504,2.75,T1_wellpowered,1,False,False,False,138293,50589,1202.0,C07AB;C07FB,DB00335,CHEMBL24,37418.0,N02CC,DB00669,CHEMBL128,231.0,2.363526163006401,7.5614092395829795,43.86215043278189,0.2554112554112554,0.4069264069264069,0.6883116883116883,True,False,no_label_signal,,2,transporter_inhibitor;biological_process,ANTI_DDI_SUPPORTED,DEFAULT_BENCHMARK,confirmatory,NOT_ANCHORED,,,,,
ADDI2-0226,hydrocodone,donepezil,964.0,444.5476352375904,2.1684965200293687,2.8,T1_wellpowered,1,False,False,False,224891,40184,5489.0,N02AJ;R05DA,DB00956,CHEMBL1457,135447.0,N06DA,DB00843,CHEMBL502,286.0,2.976973245629344,8.74363345615091,13.56191672613741,0.1713286713286713,0.2972027972027972,0.5034965034965035,True,False,no_label_signal,,0,,ANTI_DDI_SUPPORTED,DEFAULT_BENCHMARK,confirmatory,NOT_ANCHORED,,,,,
ADDI2-0227,dextromethorphan,nitroglycerin,941.0,176.16864241590963,5.34147273371404,2.85,T1_wellpowered,1,False,False,True,65230,54902,3289.0,N06AX;R05DA,DB00514,CHEMBL52440,4917.0,C01DA;C05AE,DB00727,CHEMBL730,364.0,3.0995720555382444,7.214352499343357,14.120740035160017,0.0989010989010989,0.2417582417582417,0.489010989010989,True,False,no_label_signal,,1,biological_process,ANTI_DDI_SUPPORTED,DEFAULT_BENCHMARK,confirmatory,NOT_ANCHORED,,,,,
ADDI2-0228,atenolol,nitrofurantoin,936.0,182.12008972591536,5.139465950234533,2.85,T1_wellpowered,1,False,False,False,138293,26771,1202.0,C07AB;C07FB,DB00335,CHEMBL24,7454.0,J01XE,DB00698,CHEMBL572,286.0,2.689411532215723,10.45299074462288,31.224811642293805,0.1853146853146853,0.3251748251748251,0.548951048951049,True,False,no_label_signal,,1,transporter_inhibitor,ANTI_DDI_SUPPORTED,DEFAULT_BENCHMARK,confirmatory,NOT_ANCHORED,,,,,
ADDI2-0229,atenolol,dextromethorphan,933.0,443.75232351505207,2.1025242022611126,2.85,T1_wellpowered,2,False,False,True,138293,65230,1202.0,C07AB;C07FB,DB00335,CHEMBL24,3289.0,N06AX;R05DA,DB00514,CHEMBL52440,302.0,2.709086293286836,7.615933941438531,16.696802480471415,0.1059602649006622,0.2615894039735099,0.5629139072847682,True,False,no_label_signal,,3,transporter_inhibitor;biological_process;pharmacogenetic,ANTI_DDI_SUPPORTED,DEFAULT_BENCHMARK,confirmatory,NOT_ANCHORED,,,,,
ADDI2-0230,sevelamer,oxycodone,930.0,336.01016273890326,2.7677734280991277,2.85,T1_wellpowered,1,False,False,False,15661,436154,214824.0,V03AE,,CHEMBL5314349,7804.0,N02AA;N02AJ,DB00497,CHEMBL656,199.0,2.933010637982368,10.270805324330585,13.055353242645769,0.2512562814070351,0.3366834170854271,0.5175879396984925,False,False,no_label_signal,,0,,ANTI_DDI_SUPPORTED,DEFAULT_BENCHMARK,not_used_in_paper5,NOT_ANCHORED,,,,,
ADDI2-0231,allopurinol,liraglutide,929.0,410.7678065481717,2.2616183283853672,2.85,T1_wellpowered,1,False,False,False,158219,52777,519.0,M04AA,DB00437,CHEMBL1467,475968.0,A10AE;A10BJ,,CHEMBL4084119,174.0,2.030790474492843,6.678137485038881,11.306660551039972,0.3218390804597701,0.4885057471264368,0.6896551724137931,False,False,no_label_signal,,0,,ANTI_DDI_SUPPORTED,DEFAULT_BENCHMARK,not_used_in_paper5,NOT_ANCHORED,,,,,
ADDI2-0232,sevelamer,clopidogrel,929.0,165.99743617051368,5.596471978312514,2.85,T1_wellpowered,1,False,False,False,15661,215471,214824.0,V03AE,,CHEMBL5314349,32968.0,B01AC,DB00758,CHEMBL1771,197.0,2.527201215552667,8.207570506404872,11.75657958035752,0.2639593908629442,0.365482233502538,0.5786802030456852,False,False,no_label_signal,,0,,ANTI_DDI_SUPPORTED,DEFAULT_BENCHMARK,not_used_in_paper5,NOT_ANCHORED,,,,,
ADDI2-0233,lorazepam,dalteparin,896.0,128.8583071366291,6.953373980382707,2.9,T1_wellpowered,1,False,False,False,185111,14151,6470.0,N05BA,DB00186,CHEMBL580,67109.0,B01AB,,CHEMBL1201460,194.0,1.8865104538586368,5.981725520062201,20.661278689836763,0.3659793814432989,0.520618556701031,0.7164948453608248,False,False,no_label_signal,,0,,ANTI_DDI_SUPPORTED,DEFAULT_BENCHMARK,not_used_in_paper5,NOT_ANCHORED,,,,,
ADDI2-0234,atenolol,solifenacin,876.0,218.1685883048861,4.015243472061194,2.9,T1_wellpowered,1,False,False,False,138293,32070,1202.0,C07AB;C07FB,DB00335,CHEMBL24,322167.0,G04BD,DB01591,CHEMBL1734,184.0,1.98437190868436,6.205922165678803,12.58370117102143,0.2989130434782608,0.5054347826086957,0.7282608695652174,True,False,no_label_signal,,1,biological_process,ANTI_DDI_SUPPORTED,DEFAULT_BENCHMARK,confirmatory,NOT_ANCHORED,,,,,
ADDI2-0235,donepezil,levetiracetam,875.0,264.3829993986297,3.30959253049663,2.9,T1_wellpowered,1,False,False,False,40184,133748,135447.0,N06DA,DB00843,CHEMBL502,114477.0,N03AX,DB01202,CHEMBL1286,164.0,1.8389582329918053,6.88973851564024,14.232532869959543,0.3963414634146341,0.5365853658536586,0.7621951219512195,True,False,no_label_signal,,0,,ANTI_DDI_SUPPORTED,DEFAULT_BENCHMARK,development,NOT_ANCHORED,,,,,
ADDI2-0236,liraglutide,oxycodone,875.0,1132.3420189560754,0.772734726215209,2.9,T1_wellpowered,1,False,False,False,52777,436154,475968.0,A10AE;A10BJ,,CHEMBL4084119,7804.0,N02AA;N02AJ,DB00497,CHEMBL656,185.0,2.4068481963483603,10.66610616440142,18.05586865987892,0.227027027027027,0.4162162162162162,0.5891891891891892,False,False,no_label_signal,,0,,ANTI_DDI_SUPPORTED,DEFAULT_BENCHMARK,not_used_in_paper5,NOT_ANCHORED,,,,,
ADDI2-0237,hydrocodone,cefdinir,873.0,87.88289902268113,9.933673214110666,2.9,T1_wellpowered,1,False,False,False,224891,7944,5489.0,N02AJ;R05DA,DB00956,CHEMBL1457,25037.0,J01DD,DB00535,CHEMBL927,223.0,2.718969821682866,9.446462022659125,13.668020778749309,0.1390134529147982,0.3139013452914798,0.5605381165919282,True,False,no_label_signal,,1,pk_inhibitor,ANTI_DDI_SUPPORTED,DEFAULT_BENCHMARK,confirmatory,NOT_ANCHORED,,,,,
ADDI2-0238,sevelamer,losartan,873.0,175.49715717899556,4.9744395523717655,2.9,T1_wellpowered,1,False,False,False,15661,227802,214824.0,V03AE,,CHEMBL5314349,52175.0,C09CA,DB00678,CHEMBL191,155.0,2.1110200653268483,6.402814807154186,10.193750120381988,0.3741935483870968,0.4645161290322581,0.6258064516129033,False,False,no_label_signal,,0,,ANTI_DDI_SUPPORTED,DEFAULT_BENCHMARK,not_used_in_paper5,NOT_ANCHORED,,,,,
ADDI2-0239,chlorpheniramine,lactulose,872.0,133.3564551376572,6.538866072136351,2.9,T1_wellpowered,2,False,False,False,69300,39119,2400.0,R06AB,DB01114,CHEMBL505,6218.0,A06AD,DB00581,CHEMBL296306,226.0,2.0212374048950386,6.265822528301426,12.93919434280954,0.3185840707964602,0.4911504424778761,0.7477876106194691,True,False,no_label_signal,,0,,ANTI_DDI_SUPPORTED,DEFAULT_BENCHMARK,confirmatory,NOT_ANCHORED,,,,,
ADDI2-0240,simvastatin,sevelamer,872.0,209.0023365139957,4.172202160723725,2.9,T1_wellpowered,1,False,False,False,271293,15661,36567.0,A10BH;C10AA;C10BA,DB00641,CHEMBL1064,214824.0,V03AE,,CHEMBL5314349,175.0,2.30624075988986,8.055029743049312,13.739304177184314,0.2914285714285714,0.4057142857142857,0.6171428571428571,False,False,no_label_signal,,0,,ANTI_DDI_SUPPORTED,DEFAULT_BENCHMARK,not_used_in_paper5,NOT_ANCHORED,,,,,
ADDI2-0241,dextromethorphan,levofloxacin,859.0,211.79897656377784,4.055732534388967,2.95,T1_wellpowered,1,False,False,True,65230,66006,3289.0,N06AX;R05DA,DB00514,CHEMBL52440,82122.0,J01MA;S01AE,,CHEMBL5315124,207.0,2.3177731177402903,6.730806523659373,16.963812901658148,0.2077294685990338,0.3864734299516908,0.6521739130434783,False,False,no_label_signal,,0,,ANTI_DDI_SUPPORTED,DEFAULT_BENCHMARK,not_used_in_paper5,NOT_ANCHORED,,,,,
ADDI2-0242,liraglutide,tramadol,846.0,561.7315113823768,1.5060575788565982,2.95,T1_wellpowered,1,False,False,False,52777,216367,475968.0,A10AE;A10BJ,,CHEMBL4084119,10689.0,N02AJ;N02AX,DB00193,CHEMBL1237044,161.0,1.8554565599603068,6.6140533365133125,10.593972852426129,0.3664596273291925,0.5217391304347826,0.6583850931677019,False,False,no_label_signal,,0,,ANTI_DDI_SUPPORTED,DEFAULT_BENCHMARK,not_used_in_paper5,NOT_ANCHORED,,,,,
ADDI2-0243,hydroxychloroquine,levetiracetam,841.0,1018.2140400888896,0.825956004227344,2.95,T1_wellpowered,1,False,False,False,154760,133748,5521.0,P01BA,DB01611,CHEMBL1535,114477.0,N03AX,DB01202,CHEMBL1286,235.0,1.8802957413969144,6.230505153675145,13.076173382222622,0.4085106382978723,0.5191489361702127,0.7361702127659574,True,False,no_label_signal,,0,,ANTI_DDI_SUPPORTED,DEFAULT_BENCHMARK,confirmatory,NOT_ANCHORED,,,,,
ADDI2-0244,citalopram,dicyclomine,838.0,116.77104824120728,7.176436390885105,2.95,T1_wellpowered,1,False,False,False,142007,16716,2556.0,N06AB,DB00215,CHEMBL549,3361.0,A03AA,DB00804,CHEMBL1123,220.0,1.9141939357245743,5.363799359876756,6.804880420443995,0.3090909090909091,0.5545454545454546,0.7636363636363637,True,False,no_label_signal,,2,pk_inhibitor;pk_inducer,ANTI_DDI_SUPPORTED,DEFAULT_BENCHMARK,confirmatory,NOT_ANCHORED,,,,,
ADDI2-0245,levetiracetam,salmeterol,834.0,819.2096457326694,1.0180544190908576,3.0,T1_wellpowered,1,False,False,False,133748,124513,114477.0,N03AX,DB01202,CHEMBL1286,36117.0,R03AC;R03AK,DB00938,CHEMBL1263,197.0,2.23350811764192,7.995726333352615,19.02238116770118,0.2690355329949238,0.4314720812182741,0.6395939086294417,True,False,no_label_signal,,0,,ANTI_DDI_SUPPORTED,DEFAULT_BENCHMARK,confirmatory,NOT_ANCHORED,,,,,
ADDI2-0246,atenolol,methocarbamol,830.0,153.86089684102305,5.394483049566508,3.0,T1_wellpowered,1,False,False,False,138293,22617,1202.0,C07AB;C07FB,DB00335,CHEMBL24,6845.0,M03BA,DB00423,CHEMBL1201117,251.0,2.2700313275826702,5.659681499889267,8.451550794668783,0.2191235059760956,0.4143426294820717,0.649402390438247,True,False,no_label_signal,,0,,ANTI_DDI_SUPPORTED,DEFAULT_BENCHMARK,confirmatory,NOT_ANCHORED,,,,,
ADDI2-0247,rosuvastatin,ustekinumab,826.0,1133.3466334949694,0.728814976449715,3.0,T1_wellpowered,1,False,False,False,229010,100604,301542.0,C10AA;C10BA,DB01098,CHEMBL1496,847083.0,L04AC,,CHEMBL1201835,138.0,2.6484545628725886,51.59988791260419,136.90462471589947,0.4202898550724637,0.4347826086956521,0.5217391304347826,False,False,no_label_signal,,0,,ANTI_DDI_SUPPORTED,DEFAULT_BENCHMARK,not_used_in_paper5,NOT_ANCHORED,,,,,
ADDI2-0248,liraglutide,bisoprolol,817.0,375.6646172198494,2.174812219597112,3.0,T1_wellpowered,1,False,False,False,52777,144698,475968.0,A10AE;A10BJ,,CHEMBL4084119,19484.0,C07AB,DB00612,CHEMBL645,167.0,2.1279580109780825,7.385392453389471,16.78219077354326,0.3532934131736527,0.4790419161676646,0.6347305389221557,False,False,no_label_signal,,0,,ANTI_DDI_SUPPORTED,DEFAULT_BENCHMARK,not_used_in_paper5,NOT_ANCHORED,,,,,
ADDI2-0249,amoxicillin,dalteparin,789.0,93.18874392327056,8.466687786345142,3.05,T2_moderate,1,False,False,False,133870,14151,723.0,A02BD;J01CA,DB01060,CHEMBL1082,67109.0,B01AB,,CHEMBL1201460,184.0,2.155646891064036,5.831472543351209,11.22460262223984,0.2717391304347826,0.4510869565217391,0.6793478260869565,False,False,no_label_signal,,0,,ANTI_DDI_SUPPORTED,DEFAULT_BENCHMARK,not_used_in_paper5,NOT_ANCHORED,,,,,
ADDI2-0250,ondansetron,sevelamer,786.0,102.2643310217268,7.68596432545976,3.05,T2_moderate,1,False,False,False,132743,15661,26225.0,A04AA,DB00904,CHEMBL46,214824.0,V03AE,,CHEMBL5314349,143.0,2.1773000362247523,7.408924376674245,25.210009123393142,0.3076923076923077,0.4545454545454545,0.6363636363636364,False,False,no_label_signal,,0,,ANTI_DDI_SUPPORTED,DEFAULT_BENCHMARK,not_used_in_paper5,NOT_ANCHORED,,,,,
ADDI2-0251,atenolol,phenytoin,783.0,286.0818099153531,2.7369793285063344,3.05,T2_moderate,1,False,False,False,138293,42053,1202.0,C07AB;C07FB,DB00335,CHEMBL24,8183.0,N03AB,DB00252,CHEMBL16,224.0,2.2332953044413166,7.375636558945919,16.0219822907654,0.2410714285714285,0.4375,0.6517857142857143,True,False,no_label_signal,,2,transporter_inhibitor;pharmacogenetic,ANTI_DDI_SUPPORTED,DEFAULT_BENCHMARK,development,NOT_ANCHORED,,,,,
ADDI2-0252,celecoxib,levetiracetam,782.0,868.1728719302755,0.9007422660665718,3.05,T2_moderate,1,False,False,False,131955,133748,140587.0,C08CA;L01XX;M01AH;N02AJ,DB00482,CHEMBL118,114477.0,N03AX,DB01202,CHEMBL1286,208.0,1.992290632750498,6.289112277607051,11.704900294491404,0.3605769230769231,0.5,0.6875,True,False,no_label_signal,,1,transporter_inhibitor,ANTI_DDI_SUPPORTED,DEFAULT_BENCHMARK,confirmatory,NOT_ANCHORED,,,,,
ADDI2-0253,sevelamer,albuterol,778.0,250.9803024560256,3.0998448578900484,3.05,T2_moderate,1,False,False,False,15661,325782,214824.0,V03AE,,CHEMBL5314349,435.0,R03AC;R03CC,DB01001,CHEMBL714,186.0,2.7276193997556977,7.414731957583476,14.306569715408516,0.2311827956989247,0.3548387096774194,0.5376344086021505,False,False,no_label_signal,,0,,ANTI_DDI_SUPPORTED,DEFAULT_BENCHMARK,not_used_in_paper5,NOT_ANCHORED,,,,,
ADDI2-0254,levetiracetam,doxycycline,771.0,472.6181659068577,1.6313380559983524,3.1,T2_moderate,1,False,False,False,133748,71834,114477.0,N03AX,DB01202,CHEMBL1286,3640.0,A01AB;J01AA,,CHEMBL1200699,192.0,2.2015843865524958,8.179635288470053,14.274145870430464,0.3072916666666667,0.453125,0.7083333333333334,False,False,no_label_signal,,0,,ANTI_DDI_SUPPORTED,DEFAULT_BENCHMARK,not_used_in_paper5,NOT_ANCHORED,,,,,
ADDI2-0255,levetiracetam,methylphenidate,762.0,495.2312549207212,1.5386750986102125,3.1,T2_moderate,1,False,False,False,133748,75271,114477.0,N03AX,DB01202,CHEMBL1286,6901.0,N06BA,DB00422,CHEMBL796,183.0,2.5014615247317287,9.818326098042307,15.947885032233032,0.1693989071038251,0.3224043715846995,0.6010928961748634,True,False,no_label_signal,,0,,ANTI_DDI_SUPPORTED,DEFAULT_BENCHMARK,confirmatory,NOT_ANCHORED,,,,,
ADDI2-0256,ciprofloxacin,dalteparin,759.0,73.81659516222854,10.282240712023183,3.1,T2_moderate,1,False,False,False,106041,14151,2551.0,J01MA;S01AE;S02AA;S03AA,DB00537,CHEMBL8,67109.0,B01AB,,CHEMBL1201460,165.0,2.148044942689832,7.01473808838619,34.11346889129183,0.3575757575757576,0.4666666666666667,0.6181818181818182,False,False,no_label_signal,,0,,ANTI_DDI_SUPPORTED,DEFAULT_BENCHMARK,not_used_in_paper5,NOT_ANCHORED,,,,,
ADDI2-0257,dextromethorphan,heparin,759.0,236.3814684501988,3.2109116039267995,3.1,T2_moderate,2,False,False,True,65230,73667,3289.0,N06AX;R05DA,DB00514,CHEMBL52440,5224.0,B01AB;C05BA;S01XA,,CHEMBL4650299,304.0,3.820190398148872,10.741455794990667,22.81988566497161,0.0888157894736842,0.1677631578947368,0.3651315789473684,False,False,no_label_signal,,0,,ANTI_DDI_SUPPORTED,DEFAULT_BENCHMARK,not_used_in_paper5,NOT_ANCHORED,,,,,
ADDI2-0258,metronidazole,dalteparin,755.0,47.60860965414447,15.858476134563508,3.1,T2_moderate,1,False,False,False,68392,14151,6922.0,A01AB;A02BD;D06BX;G01AF;J01RA;J01XD;P01AB,DB00916,CHEMBL137,67109.0,B01AB,,CHEMBL1201460,162.0,4.299000862062835,55.51635636429237,171.70494173810638,0.1975308641975308,0.2962962962962963,0.3888888888888889,False,False,no_label_signal,,0,,ANTI_DDI_SUPPORTED,DEFAULT_BENCHMARK,not_used_in_paper5,NOT_ANCHORED,,,,,
ADDI2-0259,hydrochlorothiazide,ustekinumab,747.0,1258.5487490392218,0.5935407750953319,3.15,T2_moderate,1,False,False,False,254309,100604,5487.0,C03AA;C09DX;C09XA,DB00999,CHEMBL435,847083.0,L04AC,,CHEMBL1201835,198.0,2.1422901210261136,33.52202257865489,162.70186126152058,0.398989898989899,0.4797979797979798,0.5707070707070707,False,False,no_label_signal,,0,,ANTI_DDI_SUPPORTED,DEFAULT_BENCHMARK,not_used_in_paper5,NOT_ANCHORED,,,,,
ADDI2-0260,metformin,dalteparin,746.0,316.78882469627115,2.3548810495927226,3.15,T2_moderate,1,False,False,False,455082,14151,6809.0,A10BA;A10BD,DB00331,CHEMBL1431,67109.0,B01AB,,CHEMBL1201460,176.0,2.083550032474407,8.39456805534433,35.98628031493146,0.3238636363636363,0.4715909090909091,0.6477272727272727,False,False,no_label_signal,,0,,ANTI_DDI_SUPPORTED,DEFAULT_BENCHMARK,not_used_in_paper5,NOT_ANCHORED,,,,,
ADDI2-0261,fluconazole,dalteparin,725.0,49.32383386440024,14.698776295312944,3.15,T2_moderate,1,False,False,False,70856,14151,4450.0,D01AC;J02AC,DB00196,CHEMBL106,67109.0,B01AB,,CHEMBL1201460,166.0,2.499045328878145,8.179959910381292,19.310734441247305,0.2590361445783132,0.4036144578313253,0.5903614457831325,False,False,no_label_signal,,0,,ANTI_DDI_SUPPORTED,DEFAULT_BENCHMARK,not_used_in_paper5,NOT_ANCHORED,,,,,
ADDI2-0262,chlorpheniramine,sitagliptin,723.0,331.47698744255314,2.1811468891948347,3.15,T2_moderate,1,False,False,False,69300,97236,2400.0,R06AB,DB01114,CHEMBL505,593411.0,A10BD;A10BH,DB01261,CHEMBL1422,184.0,2.288369358419704,8.092500739974412,14.36723568951234,0.217391304347826,0.4076086956521739,0.625,True,False,no_label_signal,,3,pk_inhibitor;transporter_inhibitor;metab_transporter,ANTI_DDI_SUPPORTED,DEFAULT_BENCHMARK,confirmatory,NOT_ANCHORED,,,,,
ADDI2-0263,sevelamer,lansoprazole,722.0,138.09686881643205,5.228214123809951,3.15,T2_moderate,1,False,False,False,15661,179255,214824.0,V03AE,,CHEMBL5314349,17128.0,A02BC,DB00448,CHEMBL480,81.0,2.300791735344725,13.220734160084316,25.65061634413329,0.3703703703703703,0.4567901234567901,0.6419753086419753,False,False,no_label_signal,,0,,ANTI_DDI_SUPPORTED,DEFAULT_BENCHMARK,not_used_in_paper5,NOT_ANCHORED,,,,,
ADDI2-0264,pravastatin,liraglutide,721.0,218.4259025042336,3.30089056166782,3.2,T2_moderate,1,False,False,False,84133,52777,42463.0,C10AA,DB00175,CHEMBL1144,475968.0,A10AE;A10BJ,,CHEMBL4084119,143.0,2.0906924626253125,7.0465028149345965,11.285253505754556,0.3496503496503496,0.4825174825174825,0.6643356643356644,False,False,no_label_signal,,0,,ANTI_DDI_SUPPORTED,DEFAULT_BENCHMARK,not_used_in_paper5,NOT_ANCHORED,,,,,
ADDI2-0265,lactulose,finasteride,714.0,116.0393593254815,6.15308464429974,3.2,T2_moderate,1,False,False,False,39119,60301,6218.0,A06AD,DB00581,CHEMBL296306,25025.0,D11AX;G04CB,DB01216,CHEMBL710,205.0,2.503900103946755,7.982112574413327,10.559503443475917,0.224390243902439,0.3951219512195122,0.5853658536585366,True,False,no_label_signal,,0,,ANTI_DDI_SUPPORTED,DEFAULT_BENCHMARK,confirmatory,NOT_ANCHORED,,,,,
ADDI2-0266,metoprolol,ustekinumab,700.0,1808.351279910176,0.3870929325384006,3.2,T2_moderate,1,False,False,False,365405,100604,6918.0,C07AB;C07FB,DB00264,CHEMBL13,847083.0,L04AC,,CHEMBL1201835,137.0,1.450968115339822,6.2725251094922765,12.161852536402598,0.5182481751824818,0.6496350364963503,0.8175182481751825,False,False,no_label_signal,,0,,ANTI_DDI_SUPPORTED,DEFAULT_BENCHMARK,not_used_in_paper5,NOT_ANCHORED,,,,,
ADDI2-0267,metoprolol,dalteparin,697.0,254.3634344758548,2.7401737259769625,3.25,T2_moderate,1,False,False,False,365405,14151,6918.0,C07AB;C07FB,DB00264,CHEMBL13,67109.0,B01AB,,CHEMBL1201460,145.0,2.0658398755661658,6.793678834207835,15.999424939521798,0.3931034482758621,0.4758620689655172,0.7103448275862069,False,False,no_label_signal,,0,,ANTI_DDI_SUPPORTED,DEFAULT_BENCHMARK,not_used_in_paper5,NOT_ANCHORED,,,,,
ADDI2-0268,ustekinumab,losartan,693.0,1127.3683673351427,0.6147059116427965,3.25,T2_moderate,1,False,False,False,100604,227802,847083.0,L04AC,,CHEMBL1201835,52175.0,C09CA,DB00678,CHEMBL191,111.0,1.1269209357333274,6.124528409960924,7.972704296231823,0.6486486486486487,0.7207207207207207,0.8558558558558559,False,False,no_label_signal,,0,,ANTI_DDI_SUPPORTED,DEFAULT_BENCHMARK,not_used_in_paper5,NOT_ANCHORED,,,,,
ADDI2-0269,famotidine,sevelamer,692.0,90.85634556283458,7.616419037252886,3.25,T2_moderate,1,False,False,False,117935,15661,4278.0,A02BA,DB00927,CHEMBL902,214824.0,V03AE,,CHEMBL5314349,120.0,2.4782678797626825,11.131449146881485,17.5969808881394,0.3083333333333333,0.4083333333333333,0.5583333333333333,False,False,no_label_signal,,0,,ANTI_DDI_SUPPORTED,DEFAULT_BENCHMARK,not_used_in_paper5,NOT_ANCHORED,,,,,
ADDI2-0270,levetiracetam,nitroglycerin,691.0,361.21728630757445,1.9129760014076889,3.25,T2_moderate,1,False,False,True,133748,54902,114477.0,N03AX,DB01202,CHEMBL1286,4917.0,C01DA;C05AE,DB00727,CHEMBL730,183.0,2.1055956030237777,6.75475154758924,10.381334267337731,0.2896174863387978,0.4699453551912568,0.7158469945355191,True,False,no_label_signal,,0,,ANTI_DDI_SUPPORTED,DEFAULT_BENCHMARK,development,NOT_ANCHORED,,,,,
ADDI2-0271,levetiracetam,clindamycin,689.0,292.5885020469954,2.3548430481021883,3.25,T2_moderate,1,False,False,False,133748,44471,114477.0,N03AX,DB01202,CHEMBL1286,2582.0,D10AF;G01AA;J01FF,DB01190,CHEMBL1753,194.0,2.781527573566166,6.747166038495772,13.453292417947546,0.134020618556701,0.2835051546391752,0.5979381443298969,True,False,no_label_signal,,0,,ANTI_DDI_SUPPORTED,DEFAULT_BENCHMARK,confirmatory,NOT_ANCHORED,,,,,
ADDI2-0272,fentanyl,dalteparin,682.0,96.84542930333286,7.042149587296315,3.25,T2_moderate,1,False,False,False,139123,14151,4337.0,N01AH;N02AB,DB00813,CHEMBL596,67109.0,B01AB,,CHEMBL1201460,173.0,2.791594952174222,9.75669729375817,22.97025325336932,0.2023121387283237,0.3641618497109826,0.5375722543352601,False,False,no_label_signal,,0,,ANTI_DDI_SUPPORTED,DEFAULT_BENCHMARK,not_used_in_paper5,NOT_ANCHORED,,,,,
ADDI2-0273,atenolol,dutasteride,679.0,161.97674111441654,4.191959878488792,3.25,T2_moderate,1,False,False,False,138293,23810,1202.0,C07AB;C07FB,DB00335,CHEMBL24,228790.0,G04CA;G04CB,DB01126,CHEMBL1200969,151.0,1.868259542459909,6.900996245831461,11.78703280226561,0.3576158940397351,0.543046357615894,0.7682119205298014,True,False,label_explicit_NONinteraction,named with an explicit no-interaction statement,0,,ANTI_DDI_SUPPORTED,DEFAULT_BENCHMARK,confirmatory,NOT_ANCHORED,,,,,
ADDI2-0274,sitagliptin,levetiracetam,673.0,639.7458025464156,1.0519803292514325,3.3,T2_moderate,1,False,False,False,97236,133748,593411.0,A10BD;A10BH,DB01261,CHEMBL1422,114477.0,N03AX,DB01202,CHEMBL1286,136.0,2.3067745901605057,8.871180769602432,22.349632113765757,0.2352941176470588,0.3970588235294117,0.5735294117647058,True,False,no_label_signal,,0,,ANTI_DDI_SUPPORTED,DEFAULT_BENCHMARK,confirmatory,NOT_ANCHORED,,,,,
ADDI2-0275,furosemide,ustekinumab,663.0,2006.5990978708544,0.3304097967070207,3.3,T2_moderate,1,False,False,False,405464,100604,4603.0,C03CA;C03CB,DB00695,CHEMBL35,847083.0,L04AC,,CHEMBL1201835,137.0,1.5069411068178862,7.1636368989317525,10.648730615947471,0.4963503649635036,0.656934306569343,0.781021897810219,False,False,no_label_signal,,0,,ANTI_DDI_SUPPORTED,DEFAULT_BENCHMARK,not_used_in_paper5,NOT_ANCHORED,,,,,
ADDI2-0276,oseltamivir,heparin,662.0,88.80159258580593,7.454821256277945,3.3,T2_moderate,1,False,False,False,24505,73667,260101.0,J05AH,DB00198,CHEMBL1229,5224.0,B01AB;C05BA;S01XA,,CHEMBL4650299,134.0,5.883763897893623,65.13043225837475,195.2856160202588,0.1641791044776119,0.208955223880597,0.3208955223880597,False,False,no_label_signal,,0,,ANTI_DDI_SUPPORTED,DEFAULT_BENCHMARK,not_used_in_paper5,NOT_ANCHORED,,,,,
ADDI2-0277,ezetimibe,levetiracetam,659.0,620.7710720500576,1.061582972646734,3.3,T2_moderate,1,False,False,False,94352,133748,341248.0,C10AX;C10BA,DB00973,CHEMBL1138,114477.0,N03AX,DB01202,CHEMBL1286,143.0,2.629151329938325,6.953495757352457,10.02015241991518,0.2657342657342657,0.3776223776223776,0.6013986013986014,True,False,no_label_signal,,0,,ANTI_DDI_SUPPORTED,DEFAULT_BENCHMARK,confirmatory,NOT_ANCHORED,,,,,
ADDI2-0278,conjugated estrogens,nitroglycerin,652.0,187.6440457828451,3.474663942998438,3.35,T2_moderate,1,False,False,True,69479,54902,4099.0,G03CA;G03CC,,CHEMBL1201649,4917.0,C01DA;C05AE,DB00727,CHEMBL730,301.0,3.8222923644503872,9.168263792551397,11.265178639990529,0.0598006644518272,0.1760797342192691,0.3820598006644518,False,False,no_label_signal,,0,,ANTI_DDI_SUPPORTED,DEFAULT_BENCHMARK,not_used_in_paper5,NOT_ANCHORED,,,,,
ADDI2-0279,sevelamer,warfarin,650.0,103.86212693216322,6.258296639972939,3.35,T2_moderate,1,False,False,False,15661,134817,214824.0,V03AE,,CHEMBL5314349,11289.0,B01AA,DB00682,CHEMBL1464,151.0,3.0356960669951984,8.701031339007836,14.054090336275353,0.2052980132450331,0.3245033112582781,0.4966887417218543,False,False,label_explicit_NONinteraction,named with an explicit no-interaction statement,0,,ANTI_DDI_SUPPORTED,DEFAULT_BENCHMARK,not_used_in_paper5,HUMAN_NONINTERACTION_ANCHOR,human_crossover_pk,Burke et al. 2001; sevelamer-warfarin,https://doi.org/10.1177/00912700122009872,Human crossover PK study; warfarin exposure unchanged,CONCORDANT
ADDI2-0280,baclofen,heparin,649.0,333.1155926079423,1.9482726549034144,3.35,T2_moderate,1,False,False,False,91924,73667,1292.0,M03BX,DB00181,CHEMBL701,5224.0,B01AB;C05BA;S01XA,,CHEMBL4650299,250.0,2.8601027724136605,9.690826851733902,17.724488353430864,0.172,0.272,0.512,False,False,no_label_signal,,0,,ANTI_DDI_SUPPORTED,DEFAULT_BENCHMARK,not_used_in_paper5,NOT_ANCHORED,,,,,
ADDI2-0281,ustekinumab,bisoprolol,648.0,716.0953284723597,0.904907453288898,3.35,T2_moderate,1,False,False,False,100604,144698,847083.0,L04AC,,CHEMBL1201835,19484.0,C07AB,DB00612,CHEMBL645,145.0,3.6767559265534313,55.44013709369364,124.39911326773807,0.3103448275862069,0.3862068965517241,0.4620689655172413,False,False,no_label_signal,,0,,ANTI_DDI_SUPPORTED,DEFAULT_BENCHMARK,not_used_in_paper5,NOT_ANCHORED,,,,,
ADDI2-0282,atenolol,clarithromycin,644.0,251.8156677484772,2.5574262545222206,3.35,T2_moderate,1,False,False,False,138293,37016,1202.0,C07AB;C07FB,DB00335,CHEMBL24,21212.0,J01FA,DB01211,CHEMBL1741,146.0,2.797213864937394,21.961717315716488,63.4478466299899,0.2191780821917808,0.3219178082191781,0.5547945205479452,True,False,no_label_signal,,2,transporter_inhibitor;pharmacogenetic,ANTI_DDI_SUPPORTED,DEFAULT_BENCHMARK,confirmatory,NOT_ANCHORED,,,,,
ADDI2-0283,hydrocodone,cefuroxime,643.0,180.8768125655635,3.554905633727529,3.35,T2_moderate,1,False,False,False,224891,16350,5489.0,N02AJ;R05DA,DB00956,CHEMBL1457,2194.0,J01DC;S01AA,DB01112,CHEMBL1436,155.0,2.691960012395402,11.924593735649896,17.49904764374076,0.2193548387096774,0.3677419354838709,0.5483870967741935,True,False,no_label_signal,,0,,ANTI_DDI_SUPPORTED,DEFAULT_BENCHMARK,confirmatory,NOT_ANCHORED,,,,,
ADDI2-0284,levetiracetam,finasteride,628.0,396.7389818519006,1.5829047024031213,3.4,T2_moderate,1,False,False,False,133748,60301,114477.0,N03AX,DB01202,CHEMBL1286,25025.0,D11AX;G04CB,DB01216,CHEMBL710,105.0,2.264731252672818,8.321351567027053,10.813917884668324,0.2285714285714285,0.3809523809523809,0.6095238095238096,True,False,no_label_signal,,0,,ANTI_DDI_SUPPORTED,DEFAULT_BENCHMARK,confirmatory,NOT_ANCHORED,,,,,
ADDI2-0285,insulin lispro,dextromethorphan,619.0,445.2989572559808,1.3900773624407274,3.4,T2_moderate,1,False,False,True,138775,65230,86009.0,A10AB;A10AC;A10AD,,CHEMBL1201538,3289.0,N06AX;R05DA,DB00514,CHEMBL52440,168.0,3.4880204515420625,11.242152125767038,15.279685592071155,0.1428571428571428,0.2321428571428571,0.4523809523809524,False,False,no_label_signal,,0,,ANTI_DDI_SUPPORTED,DEFAULT_BENCHMARK,not_used_in_paper5,NOT_ANCHORED,,,,,
ADDI2-0286,sevelamer,tramadol,611.0,166.687708656411,3.665537218820605,3.45,T2_moderate,1,False,False,False,15661,216367,214824.0,V03AE,,CHEMBL5314349,10689.0,N02AJ;N02AX,DB00193,CHEMBL1237044,105.0,2.164501193395018,10.89530872127682,11.802183197351196,0.3238095238095238,0.4476190476190476,0.6285714285714286,False,False,no_label_signal,,0,,ANTI_DDI_SUPPORTED,DEFAULT_BENCHMARK,not_used_in_paper5,NOT_ANCHORED,,,,,
ADDI2-0287,conjugated estrogens,metoclopramide,609.0,273.08904131253666,2.23004188331025,3.45,T2_moderate,1,False,False,True,69479,79902,4099.0,G03CA;G03CC,,CHEMBL1201649,6915.0,A03FA,DB01233,CHEMBL86,306.0,5.065610792444712,13.316964020608536,26.219680704400805,0.0718954248366013,0.1176470588235294,0.2320261437908496,False,False,no_label_signal,,0,,ANTI_DDI_SUPPORTED,DEFAULT_BENCHMARK,not_used_in_paper5,NOT_ANCHORED,,,,,
ADDI2-0288,hydrocodone,liraglutide,609.0,583.8615007200456,1.043055586382991,3.45,T2_moderate,2,False,False,False,224891,52777,5489.0,N02AJ;R05DA,DB00956,CHEMBL1457,475968.0,A10AE;A10BJ,,CHEMBL4084119,119.0,2.9510148777013105,11.088302964628042,15.416430284505369,0.1680672268907563,0.2773109243697479,0.5042016806722689,False,False,no_label_signal,,0,,ANTI_DDI_SUPPORTED,DEFAULT_BENCHMARK,not_used_in_paper5,NOT_ANCHORED,,,,,
ADDI2-0289,triamcinolone,levetiracetam,609.0,386.23182352919474,1.5767732302202864,3.45,T2_moderate,1,False,False,False,58704,133748,10759.0,A01AC;C05AA;D07AB;D07XB;H02AB;R01AD;R03BA;S01BA,DB00620,CHEMBL1451,114477.0,N03AX,DB01202,CHEMBL1286,128.0,1.8847958597444912,7.085034443911796,15.36876225885249,0.3828125,0.515625,0.6796875,True,False,no_label_signal,,0,,ANTI_DDI_SUPPORTED,DEFAULT_BENCHMARK,confirmatory,NOT_ANCHORED,,,,,
ADDI2-0290,heparin,cefuroxime,599.0,59.24937926047448,10.109810557957957,3.45,T2_moderate,1,False,False,False,73667,16350,5224.0,B01AB;C05BA;S01XA,,CHEMBL4650299,2194.0,J01DC;S01AA,DB01112,CHEMBL1436,199.0,3.0605393365037976,10.276757490985547,28.81264955515315,0.1909547738693467,0.271356783919598,0.4824120603015075,False,False,no_label_signal,,0,,ANTI_DDI_SUPPORTED,DEFAULT_BENCHMARK,not_used_in_paper5,NOT_ANCHORED,,,,,
ADDI2-0291,hydrocodone,oseltamivir,594.0,271.0939628085097,2.1911221992781105,3.5,T2_moderate,1,False,False,False,224891,24505,5489.0,N02AJ;R05DA,DB00956,CHEMBL1457,260101.0,J05AH,DB00198,CHEMBL1229,156.0,2.968499580846874,17.483974993270028,31.07923333640516,0.1089743589743589,0.2564102564102564,0.5064102564102564,True,False,no_label_signal,,0,,ANTI_DDI_SUPPORTED,DEFAULT_BENCHMARK,confirmatory,NOT_ANCHORED,,,,,
ADDI2-0292,chlorpheniramine,nitrofurantoin,589.0,91.26219127508938,6.45393225574205,3.5,T2_moderate,1,False,False,False,69300,26771,2400.0,R06AB,DB01114,CHEMBL505,7454.0,J01XE,DB00698,CHEMBL572,215.0,2.870047430535946,9.281260208126714,15.2414209621472,0.1069767441860465,0.213953488372093,0.5348837209302325,True,False,no_label_signal,,3,pk_inhibitor;transporter_inhibitor;metab_transporter,ANTI_DDI_SUPPORTED,DEFAULT_BENCHMARK,confirmatory,NOT_ANCHORED,,,,,
ADDI2-0293,atenolol,raloxifene,581.0,114.6490557749375,5.067638770096245,3.5,T2_moderate,1,False,False,False,138293,16853,1202.0,C07AB;C07FB,DB00335,CHEMBL24,72143.0,G03XC,DB00481,CHEMBL81,177.0,2.777994084992841,16.94373387171549,34.7604294526759,0.1412429378531073,0.288135593220339,0.5310734463276836,True,False,no_label_signal,,1,biological_process,ANTI_DDI_SUPPORTED,DEFAULT_BENCHMARK,confirmatory,NOT_ANCHORED,,,,,
ADDI2-0294,diphenhydramine,sevelamer,572.0,156.79816858781297,3.648001792059568,3.55,T2_moderate,1,False,False,False,203530,15661,3498.0,D04AA;M01AE;R06AA,DB01075,CHEMBL657,214824.0,V03AE,,CHEMBL5314349,130.0,2.5700620782446557,10.73584799991622,22.368404122297253,0.3615384615384615,0.4538461538461538,0.5538461538461539,False,False,no_label_signal,,0,,ANTI_DDI_SUPPORTED,DEFAULT_BENCHMARK,not_used_in_paper5,NOT_ANCHORED,,,,,
ADDI2-0295,hydrocodone,sevelamer,565.0,173.25454199322874,3.26109776690346,3.55,T2_moderate,2,False,False,False,224891,15661,5489.0,N02AJ;R05DA,DB00956,CHEMBL1457,214824.0,V03AE,,CHEMBL5314349,110.0,2.789970287411794,10.551788727510854,13.906788601494222,0.1272727272727272,0.2727272727272727,0.5181818181818182,False,False,no_label_signal,,0,,ANTI_DDI_SUPPORTED,DEFAULT_BENCHMARK,not_used_in_paper5,NOT_ANCHORED,,,,,
ADDI2-0296,ustekinumab,sertraline,565.0,1085.4413218831128,0.5205256042950268,3.55,T2_moderate,1,False,False,False,100604,219330,847083.0,L04AC,,CHEMBL1201835,36437.0,N06AB,DB01104,CHEMBL809,87.0,1.3572060387384894,6.9675476898353415,10.284197909701213,0.5287356321839081,0.632183908045977,0.7586206896551724,False,False,no_label_signal,,0,,ANTI_DDI_SUPPORTED,DEFAULT_BENCHMARK,not_used_in_paper5,NOT_ANCHORED,,,,,
ADDI2-0297,valganciclovir,heparin,560.0,71.45801282185299,7.836769844077488,3.6,T2_moderate,1,False,False,False,19719,73667,275891.0,J05AB,DB01610,CHEMBL1201314,5224.0,B01AB;C05BA;S01XA,,CHEMBL4650299,149.0,2.620576842066613,8.224660340539764,19.55249843967652,0.2013422818791946,0.3221476510067114,0.5838926174496645,False,False,no_label_signal,,0,,ANTI_DDI_SUPPORTED,DEFAULT_BENCHMARK,not_used_in_paper5,NOT_ANCHORED,,,,,
ADDI2-0298,diphenhydramine,liraglutide,552.0,528.4041212923188,1.0446549861306391,3.6,T2_moderate,1,False,False,False,203530,52777,3498.0,D04AA;M01AE;R06AA,DB01075,CHEMBL657,475968.0,A10AE;A10BJ,,CHEMBL4084119,193.0,2.866762296821141,9.769446707737742,17.08581227914248,0.1502590673575129,0.3160621761658031,0.5284974093264249,False,False,no_label_signal,,0,,ANTI_DDI_SUPPORTED,DEFAULT_BENCHMARK,not_used_in_paper5,NOT_ANCHORED,,,,,
ADDI2-0299,methotrexate,liraglutide,551.0,1301.380452294369,0.4233965548111408,3.6,T2_moderate,1,False,False,False,501264,52777,6851.0,L01BA;L04AX,DB00563,CHEMBL34259,475968.0,A10AE;A10BJ,,CHEMBL4084119,140.0,2.087730927144836,8.217821667284582,14.219707342195708,0.3,0.4428571428571428,0.6857142857142857,False,False,no_label_signal,,0,,ANTI_DDI_SUPPORTED,DEFAULT_BENCHMARK,not_used_in_paper5,NOT_ANCHORED,,,,,
ADDI2-0300,sevelamer,acyclovir,547.0,95.97560970210652,5.699364679190928,3.65,T2_moderate,1,False,False,False,15661,124580,214824.0,V03AE,,CHEMBL5314349,281.0,D06BB;J05AB;S01AD,DB00787,CHEMBL184,103.0,2.196066008498831,6.86398208748084,11.282686770901984,0.174757281553398,0.4271844660194174,0.6893203883495146,False,False,no_label_signal,,0,,ANTI_DDI_SUPPORTED,DEFAULT_BENCHMARK,not_used_in_paper5,NOT_ANCHORED,,,,,
ADDI2-0301,tizanidine,heparin,540.0,170.9027507830726,3.159691681530765,3.65,T2_moderate,1,False,False,False,47161,73667,57258.0,M03BX,DB00697,CHEMBL1079,5224.0,B01AB;C05BA;S01XA,,CHEMBL4650299,213.0,3.2578468674105525,12.53495802090242,19.143310880721387,0.107981220657277,0.2206572769953051,0.4647887323943662,False,False,no_label_signal,,0,,ANTI_DDI_SUPPORTED,DEFAULT_BENCHMARK,not_used_in_paper5,NOT_ANCHORED,,,,,
ADDI2-0302,levetiracetam,meloxicam,538.0,383.0671753430824,1.4044534082518474,3.65,T2_moderate,1,False,False,False,133748,58223,114477.0,N03AX,DB01202,CHEMBL1286,41493.0,M01AC;N01BB,DB00814,CHEMBL599,147.0,2.1942678837402503,6.901133653981011,9.525381099835435,0.3129251700680272,0.4829931972789115,0.6938775510204082,True,False,no_label_signal,,0,,ANTI_DDI_SUPPORTED,DEFAULT_BENCHMARK,development,NOT_ANCHORED,,,,,
ADDI2-0303,amoxicillin,liraglutide,537.0,347.5529883427638,1.5450881391081572,3.65,T2_moderate,1,False,False,False,133870,52777,723.0,A02BD;J01CA,DB01060,CHEMBL1082,475968.0,A10AE;A10BJ,,CHEMBL4084119,103.0,3.548212309497411,64.9255840810765,96.8997069719074,0.2427184466019417,0.3592233009708738,0.4174757281553398,False,False,no_label_signal,,0,,ANTI_DDI_SUPPORTED,DEFAULT_BENCHMARK,not_used_in_paper5,NOT_ANCHORED,,,,,
ADDI2-0304,levetiracetam,irbesartan,536.0,357.74998985418307,1.498253012441651,3.65,T2_moderate,1,False,False,False,133748,54375,114477.0,N03AX,DB01202,CHEMBL1286,83818.0,C09CA,DB01029,CHEMBL1513,105.0,2.092815453605241,8.40158184244702,19.383986368022903,0.3714285714285714,0.4761904761904761,0.6285714285714286,True,False,no_label_signal,,0,,ANTI_DDI_SUPPORTED,DEFAULT_BENCHMARK,confirmatory,NOT_ANCHORED,,,,,
ADDI2-0305,conjugated estrogens,nitrofurantoin,528.0,91.49791901301494,5.77062304471532,3.7,T2_moderate,1,False,False,True,69479,26771,4099.0,G03CA;G03CC,,CHEMBL1201649,7454.0,J01XE,DB00698,CHEMBL572,207.0,3.181613320090762,9.03336685096725,13.181864967584511,0.1400966183574879,0.2318840579710145,0.463768115942029,False,False,no_label_signal,,0,,ANTI_DDI_SUPPORTED,DEFAULT_BENCHMARK,not_used_in_paper5,NOT_ANCHORED,,,,,
ADDI2-0306,dextromethorphan,glipizide,525.0,204.097895696083,2.572295016611853,3.7,T2_moderate,1,False,False,True,65230,63606,3289.0,N06AX;R05DA,DB00514,CHEMBL52440,4821.0,A10BB,DB01067,CHEMBL1073,165.0,3.153230418488412,9.010901581952783,10.698605945582877,0.109090909090909,0.1939393939393939,0.4787878787878787,True,False,no_label_signal,,3,pk_inhibitor;biological_process;pharmacogenetic,ANTI_DDI_SUPPORTED,DEFAULT_BENCHMARK,confirmatory,NOT_ANCHORED,,,,,
ADDI2-0307,ustekinumab,amitriptyline,525.0,456.0209549365856,1.1512628845597823,3.7,T2_moderate,1,False,False,False,100604,92146,847083.0,L04AC,,CHEMBL1201835,704.0,N06AA,DB00321,CHEMBL629,206.0,2.1040194085289547,8.420195057116208,18.735867471245992,0.2912621359223301,0.4611650485436893,0.6650485436893204,False,False,no_label_signal,,0,,ANTI_DDI_SUPPORTED,DEFAULT_BENCHMARK,not_used_in_paper5,NOT_ANCHORED,,,,,
ADDI2-0308,sildenafil,levetiracetam,519.0,848.1388724984413,0.6119280896430718,3.75,T2_moderate,1,False,False,False,128910,133748,136411.0,G04BE,DB00203,CHEMBL192,114477.0,N03AX,DB01202,CHEMBL1286,147.0,2.763619776451747,8.44392979110824,11.76542021813569,0.1360544217687075,0.2653061224489796,0.5714285714285714,True,False,no_label_signal,,1,transporter_inhibitor,ANTI_DDI_SUPPORTED,DEFAULT_BENCHMARK,confirmatory,NOT_ANCHORED,,,,,
ADDI2-0309,rosuvastatin,sevelamer,514.0,176.42779240551783,2.9133731879304774,3.75,T2_moderate,1,False,False,False,229010,15661,301542.0,C10AA;C10BA,DB01098,CHEMBL1496,214824.0,V03AE,,CHEMBL5314349,106.0,3.0579333957170114,10.546491982981614,11.86705143897949,0.2452830188679245,0.3490566037735849,0.4811320754716981,False,False,no_label_signal,,0,,ANTI_DDI_SUPPORTED,DEFAULT_BENCHMARK,not_used_in_paper5,NOT_ANCHORED,,,,,
ADDI2-0310,hydrocodone,bisoprolol,509.0,1600.7653226062328,0.3179729050922271,3.75,T2_moderate,1,False,False,False,224891,144698,5489.0,N02AJ;R05DA,DB00956,CHEMBL1457,19484.0,C07AB,DB00612,CHEMBL645,134.0,2.933694066960281,7.784448386180286,11.398411223657009,0.1567164179104477,0.2761194029850746,0.5074626865671642,True,False,no_label_signal,,0,,ANTI_DDI_SUPPORTED,DEFAULT_BENCHMARK,confirmatory,NOT_ANCHORED,,,,,
ADDI2-0311,chlorpheniramine,enalapril,508.0,226.6401801405165,2.2414383878667983,3.75,T2_moderate,1,False,False,False,69300,66483,2400.0,R06AB,DB01114,CHEMBL505,3827.0,C09AA,DB00584,CHEMBL578,175.0,2.6614086269814807,7.523150137928016,12.538608249652183,0.0857142857142857,0.3028571428571429,0.56,True,False,no_label_signal,,4,pk_inhibitor;transporter_inhibitor;metab_transporter;pharmacogenetic,ANTI_DDI_SUPPORTED,DEFAULT_BENCHMARK,confirmatory,NOT_ANCHORED,,,,,
ADDI2-0312,sevelamer,sertraline,503.0,168.97038429894866,2.976853027155775,3.8,T2_moderate,1,False,False,False,15661,219330,214824.0,V03AE,,CHEMBL5314349,36437.0,N06AB,DB01104,CHEMBL809,106.0,2.784037506053911,7.463208266471318,11.320596933670323,0.2264150943396226,0.3490566037735849,0.5377358490566038,False,False,no_label_signal,,0,,ANTI_DDI_SUPPORTED,DEFAULT_BENCHMARK,not_used_in_paper5,NOT_ANCHORED,,,,,
ADDI2-0313,dextromethorphan,lactulose,501.0,125.52440935973132,3.99125558571019,3.8,T2_moderate,2,False,False,True,65230,39119,3289.0,N06AX;R05DA,DB00514,CHEMBL52440,6218.0,A06AD,DB00581,CHEMBL296306,193.0,3.270496446583473,9.389673994532153,13.908116334866548,0.0725388601036269,0.2176165803108808,0.4715025906735751,True,False,no_label_signal,,0,,ANTI_DDI_SUPPORTED,DEFAULT_BENCHMARK,confirmatory,NOT_ANCHORED,,,,,
ADDI2-0314,metronidazole,ustekinumab,501.0,338.46488344608514,1.480212643920578,3.8,T2_moderate,1,False,False,False,68392,100604,6922.0,A01AB;A02BD;D06BX;G01AF;J01RA;J01XD;P01AB,DB00916,CHEMBL137,847083.0,L04AC,,CHEMBL1201835,187.0,2.5714928896830904,10.008350053112494,23.02851166850193,0.160427807486631,0.3155080213903743,0.6149732620320856,False,False,no_label_signal,,0,,ANTI_DDI_SUPPORTED,DEFAULT_BENCHMARK,not_used_in_paper5,NOT_ANCHORED,,,,,
ADDI2-0315,ustekinumab,trazodone,501.0,596.6091876090675,0.8397457002091693,3.8,T2_moderate,1,False,False,False,100604,120554,847083.0,L04AC,,CHEMBL1201835,10737.0,N06AX,DB00656,CHEMBL621,240.0,7.265454290881149,23.16704318275536,55.16412721553653,0.0166666666666666,0.0458333333333333,0.1208333333333333,False,False,no_label_signal,,0,,ANTI_DDI_SUPPORTED,DEFAULT_BENCHMARK,not_used_in_paper5,NOT_ANCHORED,,,,,
ADDI2-0316,lidocaine,sevelamer,500.0,83.48368073020367,5.989194482402647,3.8,T2_moderate,1,False,False,False,108365,15661,6387.0,C01BB;C05AD;D04AB;N01BB;R02AD;S01HA;S02DA,DB00281,CHEMBL79,214824.0,V03AE,,CHEMBL5314349,101.0,2.8259802838767007,8.48249163228397,11.507927991426254,0.198019801980198,0.3267326732673267,0.5346534653465347,False,False,no_label_signal,,0,,ANTI_DDI_SUPPORTED,DEFAULT_BENCHMARK,not_used_in_paper5,NOT_ANCHORED,,,,,
ADDI2-0317,venlafaxine,liraglutide,500.0,388.1627130283357,1.2881196035011746,3.8,T2_moderate,1,False,False,False,149512,52777,39786.0,N06AX,DB00285,CHEMBL637,475968.0,A10AE;A10BJ,,CHEMBL4084119,88.0,2.027412232286608,10.524722048620252,21.32342187819969,0.4090909090909091,0.5,0.6704545454545454,False,False,no_label_signal,,0,,ANTI_DDI_SUPPORTED,DEFAULT_BENCHMARK,not_used_in_paper5,NOT_ANCHORED,,,,,
ADDI2-0318,lorazepam,sevelamer,498.0,142.60829256354663,3.4920830412305084,3.8,T2_moderate,1,False,False,False,185111,15661,6470.0,N05BA,DB00186,CHEMBL580,214824.0,V03AE,,CHEMBL5314349,120.0,2.823183057806215,8.436070900436219,15.067898121686872,0.2416666666666666,0.3666666666666666,0.5083333333333333,False,False,no_label_signal,,0,,ANTI_DDI_SUPPORTED,DEFAULT_BENCHMARK,not_used_in_paper5,NOT_ANCHORED,,,,,
ADDI2-0319,ramipril,dextromethorphan,486.0,415.0722148502785,1.1708805904420896,3.85,T2_moderate,1,False,False,True,129355,65230,35296.0,C09AA;C09BB,DB00178,CHEMBL1168,3289.0,N06AX;R05DA,DB00514,CHEMBL52440,271.0,12.554506438294109,26.6697063492115,38.594036529473605,0.033210332103321,0.059040590405904,0.084870848708487,True,False,no_label_signal,,3,pk_inhibitor;transporter_inhibitor;metab_transporter,ANTI_DDI_SUPPORTED,DEFAULT_BENCHMARK,development,NOT_ANCHORED,,,,,
ADDI2-0320,levetiracetam,memantine,483.0,113.15755541153278,4.268384892581143,3.85,T2_moderate,1,False,False,False,133748,17199,114477.0,N03AX,DB01202,CHEMBL1286,6719.0,N06DA;N06DX,DB01043,CHEMBL807,76.0,2.013107427203636,9.70125255217262,17.022940316275676,0.2236842105263158,0.5,0.7236842105263158,True,False,no_label_signal,,0,,ANTI_DDI_SUPPORTED,DEFAULT_BENCHMARK,development,NOT_ANCHORED,,,,,
ADDI2-0321,zolpidem,ustekinumab,483.0,684.6698399666479,0.7054495054485359,3.85,T2_moderate,1,False,False,False,138348,100604,39993.0,N05CF,DB00425,CHEMBL911,847083.0,L04AC,,CHEMBL1201835,88.0,3.3309065997842184,113.64260157609893,153.05898843074084,0.3409090909090909,0.4204545454545454,0.4659090909090909,False,False,no_label_signal,,0,,ANTI_DDI_SUPPORTED,DEFAULT_BENCHMARK,not_used_in_paper5,NOT_ANCHORED,,,,,
ADDI2-0322,atenolol,ketoconazole,480.0,120.10497120432692,3.996504018001109,3.9,T2_moderate,1,False,False,False,138293,17655,1202.0,C07AB;C07FB,DB00335,CHEMBL24,6135.0,D01AC;G01AF;H02CA;J02AB,DB01026,CHEMBL157101,161.0,3.238051750239005,9.316055040370353,13.971554530091208,0.0869565217391304,0.2111801242236025,0.4409937888198758,True,False,no_label_signal,,2,transporter_inhibitor;biological_process,ANTI_DDI_SUPPORTED,DEFAULT_BENCHMARK,confirmatory,NOT_ANCHORED,,,,,
ADDI2-0323,zolpidem,sevelamer,479.0,106.5823860255822,4.494175987813118,3.9,T2_moderate,1,False,False,False,138348,15661,39993.0,N05CF,DB00425,CHEMBL911,214824.0,V03AE,,CHEMBL5314349,125.0,3.963439447986437,10.317254400799865,13.410728997279309,0.16,0.256,0.4,False,False,no_label_signal,,0,,ANTI_DDI_SUPPORTED,DEFAULT_BENCHMARK,not_used_in_paper5,NOT_ANCHORED,,,,,
ADDI2-0324,alprazolam,sevelamer,476.0,161.12161634546445,2.9542901244200395,3.9,T2_moderate,1,False,False,False,209142,15661,596.0,N05BA,DB00404,CHEMBL661,214824.0,V03AE,,CHEMBL5314349,93.0,2.9784267094885326,9.183616353033154,10.37785286447255,0.2258064516129032,0.3655913978494624,0.5053763440860215,False,False,no_label_signal,,0,,ANTI_DDI_SUPPORTED,DEFAULT_BENCHMARK,not_used_in_paper5,NOT_ANCHORED,,,,,
ADDI2-0325,dextromethorphan,ustekinumab,472.0,322.81647483898894,1.4621310769080769,3.9,T2_moderate,2,False,False,True,65230,100604,3289.0,N06AX;R05DA,DB00514,CHEMBL52440,847083.0,L04AC,,CHEMBL1201835,220.0,14.225429193956073,26.75197967584452,39.114452386657874,0.0136363636363636,0.0181818181818181,0.0409090909090909,False,False,no_label_signal,,0,,ANTI_DDI_SUPPORTED,DEFAULT_BENCHMARK,not_used_in_paper5,HUMAN_NONINTERACTION_ANCHOR,regulatory_clinical_pharmacology,FDA WEZLANA prescribing information; ustekinumab CYP450 substrates,https://www.accessdata.fda.gov/drugsatfda_docs/label/2026/761285s006lbl761331s006lbl.pdf,Phase 1 human CYP-probe study; no clinically significant exposure change,CONCORDANT
ADDI2-0326,famotidine,liraglutide,469.0,306.182577726181,1.531765796352484,3.95,T2_moderate,1,False,False,False,117935,52777,4278.0,A02BA,DB00927,CHEMBL902,475968.0,A10AE;A10BJ,,CHEMBL4084119,91.0,2.3914915554757967,10.61412547653639,12.863608874570986,0.3076923076923077,0.4175824175824176,0.5934065934065934,False,False,no_label_signal,,0,,ANTI_DDI_SUPPORTED,DEFAULT_BENCHMARK,not_used_in_paper5,NOT_ANCHORED,,,,,
ADDI2-0327,isosorbide,dextromethorphan,465.0,138.22156644034322,3.3641638709158688,3.95,T2_moderate,1,False,False,True,43076,65230,6057.0,C01DA,DB01020,CHEMBL1311,3289.0,N06AX;R05DA,DB00514,CHEMBL52440,236.0,4.259095547559174,10.612565896525254,17.135387579048345,0.0423728813559322,0.135593220338983,0.3135593220338983,True,False,no_label_signal,,1,pk_inhibitor,ANTI_DDI_SUPPORTED,DEFAULT_BENCHMARK,confirmatory,NOT_ANCHORED,,,,,
ADDI2-0328,cephalexin,heparin,461.0,90.9505150262623,5.068690373736581,3.95,T2_moderate,1,False,False,False,25098,73667,2231.0,J01DB,,CHEMBL1200544,5224.0,B01AB;C05BA;S01XA,,CHEMBL4650299,227.0,3.564305408687225,9.899798999871892,20.93696374745369,0.066079295154185,0.13215859030837,0.3612334801762114,False,False,no_label_signal,,0,,ANTI_DDI_SUPPORTED,DEFAULT_BENCHMARK,not_used_in_paper5,NOT_ANCHORED,,,,,
ADDI2-0329,hydrocodone,moxifloxacin,461.0,243.6139626609342,1.8923381688168144,3.95,T2_moderate,1,False,False,False,224891,22021,5489.0,N02AJ;R05DA,DB00956,CHEMBL1457,139462.0,J01MA;S01AE,DB00218,CHEMBL32,163.0,2.651624282957386,9.833856340137046,29.348212735037656,0.2515337423312883,0.3865030674846625,0.5398773006134969,True,False,no_label_signal,,0,,ANTI_DDI_SUPPORTED,DEFAULT_BENCHMARK,confirmatory,NOT_ANCHORED,,,,,
ADDI2-0330,isosorbide,levetiracetam,457.0,283.4103643762536,1.6125027784562247,4.0,T2_moderate,1,False,False,True,43076,133748,6057.0,C01DA,DB01020,CHEMBL1311,114477.0,N03AX,DB01202,CHEMBL1286,134.0,2.3670782087977766,10.518879011529052,22.914860404287307,0.2462686567164179,0.3582089552238806,0.6119402985074627,True,False,no_label_signal,,0,,ANTI_DDI_SUPPORTED,DEFAULT_BENCHMARK,confirmatory,NOT_ANCHORED,,,,,
ADDI2-0331,chlorpheniramine,ustekinumab,456.0,342.95848085761054,1.329607009162494,4.0,T2_moderate,2,False,False,False,69300,100604,2400.0,R06AB,DB01114,CHEMBL505,847083.0,L04AC,,CHEMBL1201835,222.0,11.355606750077428,24.708345538072862,36.13609892070841,0.018018018018018,0.0315315315315315,0.0585585585585585,False,False,no_label_signal,,0,,ANTI_DDI_SUPPORTED,DEFAULT_BENCHMARK,not_used_in_paper5,NOT_ANCHORED,,,,,
ADDI2-0332,azithromycin,liraglutide,454.0,247.5734142703067,1.8337994866618097,4.0,T2_moderate,1,False,False,False,95360,52777,18631.0,J01FA;S01AA,DB00207,CHEMBL529,475968.0,A10AE;A10BJ,,CHEMBL4084119,67.0,4.690332758993334,54.578385539576935,111.1294088969004,0.2835820895522388,0.373134328358209,0.4328358208955223,False,False,no_label_signal,,0,,ANTI_DDI_SUPPORTED,DEFAULT_BENCHMARK,not_used_in_paper5,NOT_ANCHORED,,,,,
ADDI2-0333,nitrofurantoin,levetiracetam,446.0,176.13471224618547,2.532152772797112,4.05,T2_moderate,1,False,False,False,26771,133748,7454.0,J01XE,DB00698,CHEMBL572,114477.0,N03AX,DB01202,CHEMBL1286,123.0,2.640546168997433,10.42413251610685,21.643226384119146,0.2032520325203252,0.3495934959349593,0.5934959349593496,True,False,no_label_signal,,0,,ANTI_DDI_SUPPORTED,DEFAULT_BENCHMARK,confirmatory,NOT_ANCHORED,,,,,
ADDI2-0334,sitagliptin,heparin,444.0,352.3652991909172,1.2600559732172538,4.05,T2_moderate,1,False,False,False,97236,73667,593411.0,A10BD;A10BH,DB01261,CHEMBL1422,5224.0,B01AB;C05BA;S01XA,,CHEMBL4650299,137.0,3.2467690518725805,8.82006586546497,21.40409058412801,0.1021897810218978,0.2554744525547445,0.4671532846715328,False,False,no_label_signal,,0,,ANTI_DDI_SUPPORTED,DEFAULT_BENCHMARK,not_used_in_paper5,NOT_ANCHORED,,,,,
ADDI2-0335,ciprofloxacin,ustekinumab,443.0,524.7858624620761,0.8441538381419594,4.05,T2_moderate,1,False,False,False,106041,100604,2551.0,J01MA;S01AE;S02AA;S03AA,DB00537,CHEMBL8,847083.0,L04AC,,CHEMBL1201835,120.0,2.5600654428790373,15.283802314258304,42.11696379336121,0.2666666666666666,0.4083333333333333,0.5333333333333333,False,False,no_label_signal,,0,,ANTI_DDI_SUPPORTED,DEFAULT_BENCHMARK,not_used_in_paper5,NOT_ANCHORED,,,,,
ADDI2-0336,chlorpheniramine,triamterene,439.0,72.31159095017728,6.070949265968594,4.05,T2_moderate,1,False,False,False,69300,21212,2400.0,R06AB,DB01114,CHEMBL505,10763.0,C03DB,DB00384,CHEMBL585,153.0,2.7757697953849534,8.295391587484353,11.521377204839382,0.0457516339869281,0.2156862745098039,0.5490196078431373,True,False,no_label_signal,,1,pk_inhibitor,ANTI_DDI_SUPPORTED,DEFAULT_BENCHMARK,development,NOT_ANCHORED,,,,,
ADDI2-0337,conjugated estrogens,methocarbamol,439.0,77.30037855580137,5.679144244851219,4.05,T2_moderate,1,False,False,True,69479,22617,4099.0,G03CA;G03CC,,CHEMBL1201649,6845.0,M03BA,DB00423,CHEMBL1201117,156.0,2.89772655722186,8.717417051288757,13.504246240767054,0.1089743589743589,0.2435897435897435,0.5064102564102564,False,False,no_label_signal,,0,,ANTI_DDI_SUPPORTED,DEFAULT_BENCHMARK,not_used_in_paper5,NOT_ANCHORED,,,,,
ADDI2-0338,methotrexate,dalteparin,437.0,348.93674859157613,1.25237597290591,4.1,T2_moderate,1,False,False,False,501264,14151,6851.0,L01BA;L04AX,DB00563,CHEMBL34259,67109.0,B01AB,,CHEMBL1201460,128.0,2.8107864776380884,12.57968617153978,27.151764591052665,0.2890625,0.3671875,0.53125,False,False,no_label_signal,,0,,ANTI_DDI_SUPPORTED,DEFAULT_BENCHMARK,not_used_in_paper5,NOT_ANCHORED,,,,,
ADDI2-0339,heparin,granisetron,436.0,49.033844084004905,8.891817644422161,4.1,T2_moderate,1,False,False,False,73667,13531,5224.0,B01AB;C05BA;S01XA,,CHEMBL4650299,26237.0,A04AA,,CHEMBL289469,100.0,2.3373814705044573,10.06150198772295,12.34049241992894,0.16,0.35,0.64,False,False,no_label_signal,,0,,ANTI_DDI_SUPPORTED,DEFAULT_BENCHMARK,not_used_in_paper5,NOT_ANCHORED,,,,,
ADDI2-0340,montelukast,ustekinumab,435.0,862.1372443469353,0.5045600371081409,4.1,T2_moderate,1,False,False,False,174208,100604,88249.0,R03DC,DB00471,CHEMBL787,847083.0,L04AC,,CHEMBL1201835,114.0,1.513922116982093,5.889652414305234,60.97421656997744,0.4912280701754385,0.7017543859649122,0.868421052631579,False,False,no_label_signal,,0,,ANTI_DDI_SUPPORTED,DEFAULT_BENCHMARK,not_used_in_paper5,NOT_ANCHORED,,,,,
ADDI2-0341,citalopram,ustekinumab,432.0,702.7778498000966,0.6147034943159937,4.1,T2_moderate,2,False,False,False,142007,100604,2556.0,N06AB,DB00215,CHEMBL549,847083.0,L04AC,,CHEMBL1201835,69.0,1.9664109031249364,10.214329464449726,21.423014592221747,0.4347826086956521,0.5217391304347826,0.6811594202898551,False,False,no_label_signal,,0,,ANTI_DDI_SUPPORTED,DEFAULT_BENCHMARK,not_used_in_paper5,NOT_ANCHORED,,,,,
ADDI2-0342,ondansetron,ustekinumab,431.0,656.9312788525511,0.6560808015608866,4.1,T2_moderate,1,False,False,False,132743,100604,26225.0,A04AA,DB00904,CHEMBL46,847083.0,L04AC,,CHEMBL1201835,80.0,3.905855423457034,115.7593709811276,151.5277402071423,0.2875,0.3375,0.4375,False,False,no_label_signal,,0,,ANTI_DDI_SUPPORTED,DEFAULT_BENCHMARK,not_used_in_paper5,NOT_ANCHORED,,,,,
ADDI2-0343,lamotrigine,heparin,430.0,482.7827860536216,0.8906697016165793,4.1,T2_moderate,1,False,False,False,133225,73667,28439.0,N03AX,DB00555,CHEMBL741,5224.0,B01AB;C05BA;S01XA,,CHEMBL4650299,147.0,3.5373948174396266,11.02120478005439,18.941207498834025,0.1428571428571428,0.2585034013605442,0.4149659863945578,False,False,no_label_signal,,0,,ANTI_DDI_SUPPORTED,DEFAULT_BENCHMARK,not_used_in_paper5,NOT_ANCHORED,,,,,
ADDI2-0344,allopurinol,ustekinumab,425.0,783.0093489583013,0.5427776827510563,4.15,T2_moderate,1,False,False,False,158219,100604,519.0,M04AA,DB00437,CHEMBL1467,847083.0,L04AC,,CHEMBL1201835,102.0,1.4642112892359882,7.710845259202005,17.912250969753973,0.5196078431372549,0.6176470588235294,0.7352941176470589,False,False,no_label_signal,,0,,ANTI_DDI_SUPPORTED,DEFAULT_BENCHMARK,not_used_in_paper5,NOT_ANCHORED,,,,,
ADDI2-0345,colchicine,heparin,420.0,98.85405607623753,4.24868757712977,4.15,T2_moderate,1,False,False,False,27279,73667,2683.0,M04AC,DB01394,CHEMBL107,5224.0,B01AB;C05BA;S01XA,,CHEMBL4650299,189.0,3.778353496777481,14.473860332972077,20.140422185010937,0.0793650793650793,0.1534391534391534,0.3386243386243386,False,False,no_label_signal,,0,,ANTI_DDI_SUPPORTED,DEFAULT_BENCHMARK,not_used_in_paper5,NOT_ANCHORED,,,,,
ADDI2-0346,ustekinumab,clopidogrel,419.0,1066.34353288413,0.3929315338620139,4.2,T2_moderate,1,False,False,False,100604,215471,847083.0,L04AC,,CHEMBL1201835,32968.0,B01AC,DB00758,CHEMBL1771,63.0,1.507025981599833,8.674550947311179,17.587040766868892,0.4761904761904761,0.6190476190476191,0.746031746031746,False,False,no_label_signal,,0,,ANTI_DDI_SUPPORTED,DEFAULT_BENCHMARK,not_used_in_paper5,NOT_ANCHORED,,,,,
ADDI2-0347,isosorbide,sevelamer,416.0,33.18546607423295,12.535608180685028,4.2,T2_moderate,1,False,False,True,43076,15661,6057.0,C01DA,DB01020,CHEMBL1311,214824.0,V03AE,,CHEMBL5314349,79.0,2.1711977223915917,6.647376238248331,9.535315998163496,0.3291139240506329,0.4556962025316455,0.6075949367088608,False,False,no_label_signal,,0,,ANTI_DDI_SUPPORTED,DEFAULT_BENCHMARK,not_used_in_paper5,NOT_ANCHORED,,,,,
ADDI2-0348,chlorpheniramine,oseltamivir,413.0,83.53740977909175,4.943892815112974,4.2,T2_moderate,1,False,False,False,69300,24505,2400.0,R06AB,DB01114,CHEMBL505,260101.0,J05AH,DB00198,CHEMBL1229,130.0,7.326185675571251,58.83816559594869,92.42213627804507,0.1,0.1615384615384615,0.2615384615384615,True,False,no_label_signal,,1,transporter_inhibitor,ANTI_DDI_SUPPORTED,DEFAULT_BENCHMARK,development,NOT_ANCHORED,,,,,
ADDI2-0349,chlorpheniramine,dalteparin,411.0,48.24068091344327,8.51978023978236,4.2,T2_moderate,2,False,False,False,69300,14151,2400.0,R06AB,DB01114,CHEMBL505,67109.0,B01AB,,CHEMBL1201460,125.0,8.468317778819026,44.8404095789337,71.20274688329373,0.032,0.064,0.168,False,False,no_label_signal,,0,,ANTI_DDI_SUPPORTED,DEFAULT_BENCHMARK,not_used_in_paper5,NOT_ANCHORED,,,,,
ADDI2-0350,levetiracetam,glipizide,404.0,418.4836019248767,0.9653902760866682,4.25,T2_moderate,1,False,False,False,133748,63606,114477.0,N03AX,DB01202,CHEMBL1286,4821.0,A10BB,DB01067,CHEMBL1073,91.0,2.590806725735173,6.407868472989174,9.719680830845824,0.1868131868131868,0.3626373626373626,0.6373626373626373,True,False,no_label_signal,,0,,ANTI_DDI_SUPPORTED,DEFAULT_BENCHMARK,confirmatory,NOT_ANCHORED,,,,,
ADDI2-0351,nitrofurantoin,dextromethorphan,403.0,85.90234829544127,4.691373495564692,4.25,T2_moderate,1,False,False,True,26771,65230,7454.0,J01XE,DB00698,CHEMBL572,3289.0,N06AX;R05DA,DB00514,CHEMBL52440,161.0,3.864473522320505,11.548524384667116,19.59897973130574,0.1055900621118012,0.217391304347826,0.3975155279503105,True,False,no_label_signal,,3,pk_inhibitor;transporter_inhibitor;metab_transporter,ANTI_DDI_SUPPORTED,DEFAULT_BENCHMARK,confirmatory,NOT_ANCHORED,,,,,
ADDI2-0352,enalapril,liraglutide,399.0,172.60301280340605,2.3116630093500103,4.3,T2_moderate,1,False,False,False,66483,52777,3827.0,C09AA,DB00584,CHEMBL578,475968.0,A10AE;A10BJ,,CHEMBL4084119,60.0,1.7702398318448158,9.013479051495883,11.377994649316555,0.3833333333333333,0.5666666666666667,0.7333333333333333,False,False,no_label_signal,,0,,ANTI_DDI_SUPPORTED,DEFAULT_BENCHMARK,not_used_in_paper5,NOT_ANCHORED,,,,,
ADDI2-0353,citalopram,cefuroxime,397.0,114.21432392580397,3.4759212886283826,4.3,T2_moderate,1,False,False,False,142007,16350,2556.0,N06AB,DB00215,CHEMBL549,2194.0,J01DC;S01AA,DB01112,CHEMBL1436,120.0,3.0841866254802373,10.11504373445696,23.38959373598648,0.1666666666666666,0.3,0.4833333333333333,True,False,no_label_signal,,1,transporter_inhibitor,ANTI_DDI_SUPPORTED,DEFAULT_BENCHMARK,confirmatory,NOT_ANCHORED,,,,,
ADDI2-0354,ranitidine,dalteparin,397.0,194.0375232400697,2.0459960185578043,4.3,T2_moderate,1,False,False,False,278744,14151,9143.0,A02BA,DB00863,CHEMBL1790041,67109.0,B01AB,,CHEMBL1201460,161.0,3.876636248273096,13.160159895453404,16.17426538829225,0.0745341614906832,0.1925465838509316,0.3478260869565217,False,False,no_label_signal,,0,,ANTI_DDI_SUPPORTED,DEFAULT_BENCHMARK,not_used_in_paper5,NOT_ANCHORED,,,,,
ADDI2-0355,sevelamer,bisoprolol,396.0,111.47438411201966,3.5523856279130723,4.3,T2_moderate,1,False,False,False,15661,144698,214824.0,V03AE,,CHEMBL5314349,19484.0,C07AB,DB00612,CHEMBL645,89.0,3.0240763936413053,12.983601065042857,14.981583770586129,0.3033707865168539,0.4269662921348314,0.4943820224719101,False,False,no_label_signal,,0,,ANTI_DDI_SUPPORTED,DEFAULT_BENCHMARK,not_used_in_paper5,NOT_ANCHORED,,,,,
ADDI2-0356,azithromycin,sevelamer,394.0,73.4647145704999,5.3631189109419415,4.3,T2_moderate,1,False,False,False,95360,15661,18631.0,J01FA;S01AA,DB00207,CHEMBL529,214824.0,V03AE,,CHEMBL5314349,58.0,5.480503508872361,18.483767130356107,21.654136409010512,0.1379310344827586,0.2413793103448276,0.3448275862068966,False,False,no_label_signal,,0,,ANTI_DDI_SUPPORTED,DEFAULT_BENCHMARK,not_used_in_paper5,NOT_ANCHORED,,,,,
ADDI2-0357,sitagliptin,ustekinumab,390.0,481.2108346994317,0.8104555672434044,4.35,T2_moderate,1,False,False,False,97236,100604,593411.0,A10BD;A10BH,DB01261,CHEMBL1422,847083.0,L04AC,,CHEMBL1201835,57.0,14.310625191179112,160.10448685249426,180.9128144271908,0.175438596491228,0.2456140350877192,0.2807017543859649,False,False,no_label_signal,,0,,ANTI_DDI_SUPPORTED,DEFAULT_BENCHMARK,not_used_in_paper5,NOT_ANCHORED,,,,,
ADDI2-0358,amoxicillin,sevelamer,389.0,103.13256438289451,3.7718445413204447,4.35,T2_moderate,1,False,False,False,133870,15661,723.0,A02BD;J01CA,DB01060,CHEMBL1082,214824.0,V03AE,,CHEMBL5314349,78.0,4.565559662766855,15.630746373310007,24.499769620140253,0.1666666666666666,0.2179487179487179,0.3333333333333333,False,False,no_label_signal,,0,,ANTI_DDI_SUPPORTED,DEFAULT_BENCHMARK,not_used_in_paper5,NOT_ANCHORED,,,,,
ADDI2-0359,lidocaine,dalteparin,388.0,75.43436345144704,5.143544430513215,4.35,T2_moderate,1,False,False,False,108365,14151,6387.0,C01BB;C05AD;D04AB;N01BB;R02AD;S01HA;S02DA,DB00281,CHEMBL79,67109.0,B01AB,,CHEMBL1201460,129.0,9.001379745609029,41.379271817159456,61.5932702694948,0.0387596899224806,0.0775193798449612,0.2170542635658914,False,False,no_label_signal,,0,,ANTI_DDI_SUPPORTED,DEFAULT_BENCHMARK,not_used_in_paper5,NOT_ANCHORED,,,,,
ADDI2-0360,dicyclomine,dextromethorphan,386.0,53.63802824349469,7.196386829279369,4.35,T2_moderate,1,False,False,True,16716,65230,3361.0,A03AA,DB00804,CHEMBL1123,3289.0,N06AX;R05DA,DB00514,CHEMBL52440,157.0,3.8982535318801705,9.504636051005471,12.777310889455231,0.0318471337579617,0.1528662420382165,0.3630573248407643,True,False,no_label_signal,,2,pk_inhibitor;pk_inducer,ANTI_DDI_SUPPORTED,DEFAULT_BENCHMARK,confirmatory,NOT_ANCHORED,,,,,
ADDI2-0361,pravastatin,sevelamer,385.0,64.81550787499862,5.939936484683577,4.4,T2_moderate,1,False,False,False,84133,15661,42463.0,C10AA,DB00175,CHEMBL1144,214824.0,V03AE,,CHEMBL5314349,74.0,3.252806337757221,10.419376551036647,15.806892993459352,0.2702702702702703,0.3783783783783784,0.4594594594594595,False,False,no_label_signal,,0,,ANTI_DDI_SUPPORTED,DEFAULT_BENCHMARK,not_used_in_paper5,NOT_ANCHORED,,,,,
ADDI2-0362,alprazolam,ustekinumab,384.0,1035.0219711907991,0.3710066169495954,4.4,T2_moderate,1,False,False,False,209142,100604,596.0,N05BA,DB00404,CHEMBL661,847083.0,L04AC,,CHEMBL1201835,81.0,1.6469510078355156,5.5457716883797055,11.998324275930097,0.4814814814814814,0.5802469135802469,0.7901234567901234,False,False,no_label_signal,,0,,ANTI_DDI_SUPPORTED,DEFAULT_BENCHMARK,not_used_in_paper5,NOT_ANCHORED,,,,,
ADDI2-0363,metoclopramide,sevelamer,381.0,61.555973401972345,6.189488670936884,4.4,T2_moderate,1,False,False,False,79902,15661,6915.0,A03FA,DB01233,CHEMBL86,214824.0,V03AE,,CHEMBL5314349,72.0,2.9385653137349497,10.543363403100429,20.484625616767563,0.2083333333333333,0.3333333333333333,0.5416666666666666,False,False,no_label_signal,,0,,ANTI_DDI_SUPPORTED,DEFAULT_BENCHMARK,not_used_in_paper5,NOT_ANCHORED,,,,,
ADDI2-0364,cephalexin,levetiracetam,380.0,165.12752635145355,2.3012516955605387,4.4,T2_moderate,1,False,False,False,25098,133748,2231.0,J01DB,,CHEMBL1200544,114477.0,N03AX,DB01202,CHEMBL1286,82.0,2.0563581134895257,5.940764408369177,11.623608919546378,0.2926829268292683,0.4878048780487805,0.7682926829268293,False,False,no_label_signal,,0,,ANTI_DDI_SUPPORTED,DEFAULT_BENCHMARK,not_used_in_paper5,NOT_ANCHORED,,,,,
ADDI2-0365,ranitidine,sevelamer,379.0,214.74253773321544,1.7649041685017677,4.4,T2_moderate,1,False,False,False,278744,15661,9143.0,A02BA,DB00863,CHEMBL1790041,214824.0,V03AE,,CHEMBL5314349,74.0,4.072656887304619,10.940785960492498,16.77826724569668,0.0675675675675675,0.1081081081081081,0.3243243243243243,False,False,no_label_signal,,0,,ANTI_DDI_SUPPORTED,DEFAULT_BENCHMARK,not_used_in_paper5,NOT_ANCHORED,,,,,
ADDI2-0366,moxifloxacin,ustekinumab,378.0,108.97963502114634,3.4685379513948007,4.4,T2_moderate,1,False,False,False,22021,100604,139462.0,J01MA;S01AE,DB00218,CHEMBL32,847083.0,L04AC,,CHEMBL1201835,207.0,14.944476241363148,43.3573759177926,71.23877016983589,0.0096618357487922,0.0193236714975845,0.0483091787439613,False,False,no_label_signal,,0,,ANTI_DDI_SUPPORTED,DEFAULT_BENCHMARK,not_used_in_paper5,NOT_ANCHORED,,,,,
ADDI2-0367,atenolol,valproate,374.0,233.3526322430372,1.602724582127183,4.45,T2_moderate,1,False,False,False,138293,34302,1202.0,C07AB;C07FB,DB00335,CHEMBL24,40254.0,N03AG,DB00313,CHEMBL109,82.0,2.688099277300025,18.24994125506388,36.82054928961853,0.2195121951219512,0.3658536585365853,0.524390243902439,True,False,no_label_signal,,1,transporter_inhibitor,ANTI_DDI_SUPPORTED,DEFAULT_BENCHMARK,confirmatory,NOT_ANCHORED,,,,,
ADDI2-0368,dextromethorphan,oseltamivir,372.0,78.63124444285937,4.73094382056142,4.45,T2_moderate,1,False,False,True,65230,24505,3289.0,N06AX;R05DA,DB00514,CHEMBL52440,260101.0,J05AH,DB00198,CHEMBL1229,119.0,3.5044651034667917,9.78811399802396,13.5224414883594,0.0924369747899159,0.2352941176470588,0.3697478991596639,True,False,no_label_signal,,1,transporter_inhibitor,ANTI_DDI_SUPPORTED,DEFAULT_BENCHMARK,confirmatory,NOT_ANCHORED,,,,,
ADDI2-0369,methadone,heparin,370.0,200.8100980024424,1.8425368230013008,4.5,T2_moderate,1,False,False,False,55414,73667,6813.0,N07BC,DB00333,CHEMBL651,5224.0,B01AB;C05BA;S01XA,,CHEMBL4650299,142.0,3.730638653631337,9.671760341056723,13.421298292622732,0.0704225352112676,0.1408450704225352,0.3591549295774648,False,False,no_label_signal,,0,,ANTI_DDI_SUPPORTED,DEFAULT_BENCHMARK,not_used_in_paper5,NOT_ANCHORED,,,,,
ADDI2-0370,lidocaine,liraglutide,369.0,281.33696557678047,1.3115944406505484,4.5,T2_moderate,1,False,False,False,108365,52777,6387.0,C01BB;C05AD;D04AB;N01BB;R02AD;S01HA;S02DA,DB00281,CHEMBL79,475968.0,A10AE;A10BJ,,CHEMBL4084119,91.0,3.184328479240258,10.721713831396515,14.877397620932095,0.1538461538461538,0.2527472527472527,0.4835164835164835,False,False,no_label_signal,,0,,ANTI_DDI_SUPPORTED,DEFAULT_BENCHMARK,not_used_in_paper5,NOT_ANCHORED,,,,,
ADDI2-0371,doxazosin,sevelamer,368.0,29.59312165264904,12.43532211030053,4.5,T2_moderate,1,False,False,False,38413,15661,49276.0,C02CA,DB00590,CHEMBL707,214824.0,V03AE,,CHEMBL5314349,87.0,3.440046530839492,11.479637286434272,15.518652145609847,0.1724137931034483,0.2758620689655172,0.4367816091954023,False,False,no_label_signal,,0,,ANTI_DDI_SUPPORTED,DEFAULT_BENCHMARK,not_used_in_paper5,NOT_ANCHORED,,,,,
ADDI2-0372,methocarbamol,heparin,367.0,81.9598294027004,4.477803366290416,4.5,T2_moderate,1,False,False,False,22617,73667,6845.0,M03BA,DB00423,CHEMBL1201117,5224.0,B01AB;C05BA;S01XA,,CHEMBL4650299,182.0,4.04161978750782,10.896014858714413,21.35709470453888,0.0164835164835164,0.0714285714285714,0.3186813186813186,False,False,no_label_signal,,0,,ANTI_DDI_SUPPORTED,DEFAULT_BENCHMARK,not_used_in_paper5,NOT_ANCHORED,,,,,
ADDI2-0373,citalopram,dutasteride,366.0,166.32679221243987,2.20048733659535,4.5,T2_moderate,1,False,False,False,142007,23810,2556.0,N06AB,DB00215,CHEMBL549,228790.0,G04CA;G04CB,DB01126,CHEMBL1200969,94.0,3.166894060962878,10.263569114396088,13.250108881856066,0.1808510638297872,0.3191489361702128,0.4680851063829787,True,False,no_label_signal,,1,pk_inhibitor,ANTI_DDI_SUPPORTED,DEFAULT_BENCHMARK,confirmatory,NOT_ANCHORED,,,,,
ADDI2-0374,spironolactone,ustekinumab,364.0,699.9569791783241,0.5200319602888991,4.5,T2_moderate,1,False,False,False,141437,100604,9997.0,C03DA,DB00421,CHEMBL1393,847083.0,L04AC,,CHEMBL1201835,79.0,1.7260535711186478,8.002122910438104,12.660098819985738,0.4556962025316455,0.5316455696202531,0.7341772151898734,False,False,no_label_signal,,0,,ANTI_DDI_SUPPORTED,DEFAULT_BENCHMARK,not_used_in_paper5,NOT_ANCHORED,,,,,
ADDI2-0375,citalopram,oseltamivir,360.0,171.18177417748169,2.1030276250481617,4.55,T2_moderate,1,False,False,False,142007,24505,2556.0,N06AB,DB00215,CHEMBL549,260101.0,J05AH,DB00198,CHEMBL1229,105.0,5.368753717886351,22.895413780223684,35.83060041292386,0.0571428571428571,0.1142857142857142,0.238095238095238,True,False,no_label_signal,,1,transporter_inhibitor,ANTI_DDI_SUPPORTED,DEFAULT_BENCHMARK,confirmatory,NOT_ANCHORED,,,,,
ADDI2-0376,citalopram,raltegravir,360.0,126.6067527113927,2.843450229077753,4.55,T2_moderate,1,False,False,False,142007,18124,2556.0,N06AB,DB00215,CHEMBL549,719872.0,J05AJ,DB06817,CHEMBL254316,54.0,3.6598360071670055,18.96411395738171,139.9148379214536,0.1851851851851851,0.2962962962962963,0.4074074074074074,False,False,no_label_signal,,0,,ANTI_DDI_SUPPORTED,DEFAULT_BENCHMARK,not_used_in_paper5,NOT_ANCHORED,,,,,
ADDI2-0377,cefdinir,dextromethorphan,359.0,25.490577672069985,14.083635318840036,4.55,T2_moderate,1,False,False,True,7944,65230,25037.0,J01DD,DB00535,CHEMBL927,3289.0,N06AX;R05DA,DB00514,CHEMBL52440,116.0,3.045912177244343,8.27197778066381,12.703021660020552,0.0948275862068965,0.1637931034482758,0.4913793103448275,True,False,no_label_signal,,2,pk_inhibitor;transporter_inhibitor,ANTI_DDI_SUPPORTED,DEFAULT_BENCHMARK,confirmatory,NOT_ANCHORED,,,,,
ADDI2-0378,moxifloxacin,heparin,352.0,79.80003551650816,4.411025605711442,4.6,T2_moderate,1,False,False,False,22021,73667,139462.0,J01MA;S01AE,DB00218,CHEMBL32,5224.0,B01AB;C05BA;S01XA,,CHEMBL4650299,141.0,3.2200378191653565,11.302507090200118,20.320133548947084,0.1773049645390071,0.2624113475177305,0.4680851063829787,False,False,no_label_signal,,0,,ANTI_DDI_SUPPORTED,DEFAULT_BENCHMARK,not_used_in_paper5,NOT_ANCHORED,,,,,
ADDI2-0379,sumatriptan,heparin,351.0,183.32518944392316,1.9146305047586845,4.6,T2_moderate,1,False,False,False,50589,73667,37418.0,N02CC,DB00669,CHEMBL128,5224.0,B01AB;C05BA;S01XA,,CHEMBL4650299,127.0,3.902849748012786,11.056005882282877,18.518654771223773,0.0629921259842519,0.1653543307086614,0.4015748031496063,False,False,no_label_signal,,0,,ANTI_DDI_SUPPORTED,DEFAULT_BENCHMARK,not_used_in_paper5,NOT_ANCHORED,,,,,
ADDI2-0380,amoxicillin,ustekinumab,348.0,662.5086844503365,0.5252761332309555,4.65,T2_moderate,1,False,False,False,133870,100604,723.0,A02BD;J01CA,DB01060,CHEMBL1082,847083.0,L04AC,,CHEMBL1201835,85.0,1.5565318380593658,7.358392043452637,10.75406371650732,0.4588235294117647,0.6,0.8352941176470589,False,False,no_label_signal,,0,,ANTI_DDI_SUPPORTED,DEFAULT_BENCHMARK,not_used_in_paper5,NOT_ANCHORED,,,,,
ADDI2-0381,atenolol,memantine,348.0,117.00285470083368,2.9742864042916417,4.65,T2_moderate,1,False,False,False,138293,17199,1202.0,C07AB;C07FB,DB00335,CHEMBL24,6719.0,N06DA;N06DX,DB01043,CHEMBL807,77.0,2.569237791915887,11.89738793923737,18.3347340111224,0.1558441558441558,0.4025974025974026,0.5454545454545454,True,False,no_label_signal,,2,transporter_inhibitor;biological_process,ANTI_DDI_SUPPORTED,DEFAULT_BENCHMARK,confirmatory,NOT_ANCHORED,,,,,
ADDI2-0382,diphenhydramine,dalteparin,338.0,141.68002577652393,2.385657386406305,4.7,T2_moderate,1,False,False,False,203530,14151,3498.0,D04AA;M01AE;R06AA,DB01075,CHEMBL657,67109.0,B01AB,,CHEMBL1201460,86.0,1.9371500068524357,7.907671966019349,15.90500006853268,0.2906976744186046,0.5465116279069767,0.6511627906976745,False,False,no_label_signal,,0,,ANTI_DDI_SUPPORTED,DEFAULT_BENCHMARK,not_used_in_paper5,NOT_ANCHORED,,,,,
ADDI2-0383,cephalexin,liraglutide,335.0,65.15937029526172,5.141240599502242,4.75,T2_moderate,1,False,False,False,25098,52777,2231.0,J01DB,,CHEMBL1200544,475968.0,A10AE;A10BJ,,CHEMBL4084119,56.0,3.083992921761993,127.15935174486536,144.24550265103596,0.2321428571428571,0.2857142857142857,0.4642857142857143,False,False,no_label_signal,,0,,ANTI_DDI_SUPPORTED,DEFAULT_BENCHMARK,not_used_in_paper5,NOT_ANCHORED,,,,,
ADDI2-0384,diazepam,liraglutide,333.0,318.69365452325115,1.044890587790806,4.75,T2_moderate,1,False,False,False,122754,52777,3322.0,N05BA,DB00829,CHEMBL12,475968.0,A10AE;A10BJ,,CHEMBL4084119,80.0,2.4741687231849614,12.31286512118986,23.5535126531549,0.25,0.3875,0.55,False,False,no_label_signal,,0,,ANTI_DDI_SUPPORTED,DEFAULT_BENCHMARK,not_used_in_paper5,NOT_ANCHORED,,,,,
ADDI2-0385,tizanidine,liraglutide,332.0,122.43928052015453,2.711548112579362,4.75,T2_moderate,1,False,False,False,47161,52777,57258.0,M03BX,DB00697,CHEMBL1079,475968.0,A10AE;A10BJ,,CHEMBL4084119,67.0,1.9931132260552584,6.9234201631708,8.007265733245426,0.3283582089552239,0.5074626865671642,0.7164179104477612,False,False,no_label_signal,,0,,ANTI_DDI_SUPPORTED,DEFAULT_BENCHMARK,not_used_in_paper5,NOT_ANCHORED,,,,,
ADDI2-0386,atenolol,cefuroxime,332.0,111.22720357919825,2.9848812998665624,4.75,T2_moderate,1,False,False,False,138293,16350,1202.0,C07AB;C07FB,DB00335,CHEMBL24,2194.0,J01DC;S01AA,DB01112,CHEMBL1436,105.0,2.8467562430409394,9.409253128484306,15.737999751957451,0.1619047619047619,0.2952380952380952,0.5047619047619047,True,False,no_label_signal,,1,transporter_inhibitor,ANTI_DDI_SUPPORTED,DEFAULT_BENCHMARK,confirmatory,NOT_ANCHORED,,,,,
ADDI2-0387,ustekinumab,irbesartan,332.0,269.09621062961867,1.2337594766689657,4.75,T2_moderate,1,False,False,False,100604,54375,847083.0,L04AC,,CHEMBL1201835,83818.0,C09CA,DB01029,CHEMBL1513,70.0,12.512297584184076,151.16834303147417,183.1802895650275,0.1142857142857142,0.1857142857142857,0.3,False,False,no_label_signal,,0,,ANTI_DDI_SUPPORTED,DEFAULT_BENCHMARK,not_used_in_paper5,NOT_ANCHORED,,,,,
ADDI2-0388,levetiracetam,solifenacin,330.0,210.99847677468784,1.5639923332355925,4.8,T2_moderate,1,False,False,False,133748,32070,114477.0,N03AX,DB01202,CHEMBL1286,322167.0,G04BD,DB01591,CHEMBL1734,80.0,2.9156164589322637,7.499214499944247,11.408667435715367,0.0625,0.2375,0.5375,True,False,no_label_signal,,0,,ANTI_DDI_SUPPORTED,DEFAULT_BENCHMARK,confirmatory,NOT_ANCHORED,,,,,
ADDI2-0389,fluoxetine,ustekinumab,329.0,659.8115362242557,0.4986272320770396,4.8,T2_moderate,1,False,False,False,133325,100604,4493.0,N06AB,DB00472,CHEMBL41,847083.0,L04AC,,CHEMBL1201835,49.0,1.6416033436820194,6.939949365955349,9.834907398743152,0.4489795918367347,0.5918367346938775,0.7755102040816326,False,False,no_label_signal,,0,,ANTI_DDI_SUPPORTED,DEFAULT_BENCHMARK,not_used_in_paper5,NOT_ANCHORED,,,,,
ADDI2-0390,sevelamer,trazodone,325.0,92.87400587596524,3.499364509312141,4.85,T2_moderate,1,False,False,False,15661,120554,214824.0,V03AE,,CHEMBL5314349,10737.0,N06AX,DB00656,CHEMBL621,74.0,3.127901842566592,9.692100433961308,15.392461195208943,0.1756756756756756,0.3378378378378378,0.5,False,False,no_label_signal,,0,,ANTI_DDI_SUPPORTED,DEFAULT_BENCHMARK,not_used_in_paper5,NOT_ANCHORED,,,,,
ADDI2-0391,oseltamivir,dalteparin,324.0,17.058266750128823,18.993723380340104,4.85,T2_moderate,1,False,False,False,24505,14151,260101.0,J05AH,DB00198,CHEMBL1229,67109.0,B01AB,,CHEMBL1201460,84.0,12.78131291924228,108.1489065345883,140.76863690872662,0.0476190476190476,0.0714285714285714,0.1666666666666666,False,False,no_label_signal,,0,,ANTI_DDI_SUPPORTED,DEFAULT_BENCHMARK,not_used_in_paper5,NOT_ANCHORED,,,,,
ADDI2-0392,ezetimibe,ustekinumab,321.0,466.9382191324281,0.6874571128412201,4.85,T2_moderate,1,False,False,False,94352,100604,341248.0,C10AX;C10BA,DB00973,CHEMBL1138,847083.0,L04AC,,CHEMBL1201835,56.0,9.564976432793234,87.7275022051262,140.61805311826134,0.1964285714285714,0.2142857142857142,0.2857142857142857,False,False,no_label_signal,,0,,ANTI_DDI_SUPPORTED,DEFAULT_BENCHMARK,not_used_in_paper5,NOT_ANCHORED,,,,,
ADDI2-0393,citalopram,sevelamer,318.0,109.4012554741294,2.906730810554536,4.9,T2_moderate,2,False,False,False,142007,15661,2556.0,N06AB,DB00215,CHEMBL549,214824.0,V03AE,,CHEMBL5314349,71.0,3.255189888122603,9.516477266282962,17.830402295198667,0.1971830985915492,0.3098591549295774,0.4647887323943662,False,False,no_label_signal,,0,,ANTI_DDI_SUPPORTED,DEFAULT_BENCHMARK,not_used_in_paper5,NOT_ANCHORED,,,,,
ADDI2-0394,isosorbide,liraglutide,317.0,111.83381284718678,2.834563106894681,4.9,T2_moderate,1,False,False,True,43076,52777,6057.0,C01DA,DB01020,CHEMBL1311,475968.0,A10AE;A10BJ,,CHEMBL4084119,65.0,1.984748670069102,8.699381230040215,12.561538357017993,0.3230769230769231,0.5076923076923077,0.6615384615384615,False,False,no_label_signal,,0,,ANTI_DDI_SUPPORTED,DEFAULT_BENCHMARK,not_used_in_paper5,NOT_ANCHORED,,,,,
ADDI2-0395,hydrocodone,dutasteride,316.0,263.4053154242243,1.1996720699848824,4.9,T2_moderate,1,False,False,False,224891,23810,5489.0,N02AJ;R05DA,DB00956,CHEMBL1457,228790.0,G04CA;G04CB,DB01126,CHEMBL1200969,107.0,4.380396175104891,8.657406889359264,12.532529441510066,0.0934579439252336,0.1775700934579439,0.3364485981308411,True,False,no_label_signal,,0,,ANTI_DDI_SUPPORTED,DEFAULT_BENCHMARK,confirmatory,NOT_ANCHORED,,,,,
ADDI2-0396,fentanyl,sevelamer,315.0,107.17944091014742,2.938996484074557,4.9,T2_moderate,1,False,False,False,139123,15661,4337.0,N01AH;N02AB,DB00813,CHEMBL596,214824.0,V03AE,,CHEMBL5314349,59.0,4.448213280690548,9.67017962187261,11.826984706639896,0.0847457627118644,0.1694915254237288,0.3559322033898305,False,False,no_label_signal,,0,,ANTI_DDI_SUPPORTED,DEFAULT_BENCHMARK,not_used_in_paper5,NOT_ANCHORED,,,,,
ADDI2-0397,valganciclovir,levetiracetam,314.0,129.73741701029218,2.420273250662067,4.95,T2_moderate,1,False,False,False,19719,133748,275891.0,J05AB,DB01610,CHEMBL1201314,114477.0,N03AX,DB01202,CHEMBL1286,58.0,2.65992343349042,11.010524994845992,17.21239099368085,0.2413793103448276,0.3275862068965517,0.5689655172413793,True,False,no_label_signal,,0,,ANTI_DDI_SUPPORTED,DEFAULT_BENCHMARK,development,NOT_ANCHORED,,,,,
ADDI2-0398,diazepam,dalteparin,313.0,85.45074379291219,3.6629289121057615,4.95,T2_moderate,1,False,False,False,122754,14151,3322.0,N05BA,DB00829,CHEMBL12,67109.0,B01AB,,CHEMBL1201460,68.0,2.862359629046158,16.44138081627916,44.56164461204655,0.1911764705882352,0.3676470588235294,0.5441176470588235,False,False,no_label_signal,,0,,ANTI_DDI_SUPPORTED,DEFAULT_BENCHMARK,not_used_in_paper5,NOT_ANCHORED,,,,,
ADDI2-0399,nitrofurantoin,heparin,313.0,97.01315793163072,3.2263664710366853,4.95,T2_moderate,1,False,False,False,26771,73667,7454.0,J01XE,DB00698,CHEMBL572,5224.0,B01AB;C05BA;S01XA,,CHEMBL4650299,168.0,3.949724843757181,10.969178118473696,15.192360066821308,0.0357142857142857,0.119047619047619,0.3214285714285714,False,False,no_label_signal,,0,,ANTI_DDI_SUPPORTED,DEFAULT_BENCHMARK,not_used_in_paper5,NOT_ANCHORED,,,,,
ADDI2-0400,ranitidine,liraglutide,313.0,723.6745363607631,0.4325148727410309,4.95,T2_moderate,1,False,False,False,278744,52777,9143.0,A02BA,DB00863,CHEMBL1790041,475968.0,A10AE;A10BJ,,CHEMBL4084119,48.0,3.0680960225125533,14.1544932394741,17.82569222480545,0.1666666666666666,0.3333333333333333,0.4583333333333333,False,False,no_label_signal,,0,,ANTI_DDI_SUPPORTED,DEFAULT_BENCHMARK,not_used_in_paper5,NOT_ANCHORED,,,,,
ADDI2-0401,levetiracetam,pemetrexed,311.0,247.76366193892096,1.2552284607283055,4.95,T2_moderate,1,False,False,False,133748,37658,114477.0,N03AX,DB01202,CHEMBL1286,68446.0,L01BA,DB00642,CHEMBL225072,67.0,3.245441892698486,11.75377454821517,19.445899770484807,0.1194029850746268,0.1940298507462686,0.4328358208955223,True,False,no_label_signal,,0,,ANTI_DDI_SUPPORTED,DEFAULT_BENCHMARK,confirmatory,NOT_ANCHORED,,,,,
ADDI2-0402,dextromethorphan,glimepiride,307.0,127.72563497441408,2.4035895383217163,5.0,T2_moderate,1,False,False,True,65230,39805,3289.0,N06AX;R05DA,DB00514,CHEMBL52440,25789.0,A10BB;A10BD,DB00222,CHEMBL1481,76.0,2.864675286648917,6.9726535439897575,11.36627536937676,0.1052631578947368,0.2105263157894736,0.5394736842105263,True,False,no_label_signal,,1,pk_inhibitor,ANTI_DDI_SUPPORTED,DEFAULT_BENCHMARK,confirmatory,NOT_ANCHORED,,,,,
ADDI2-0403,hydrocodone,memantine,307.0,190.26913145658267,1.6135039753942118,5.0,T2_moderate,1,False,False,False,224891,17199,5489.0,N02AJ;R05DA,DB00956,CHEMBL1457,6719.0,N06DA;N06DX,DB01043,CHEMBL807,77.0,3.211348708275514,8.704712508897066,23.146753511650143,0.1038961038961039,0.1688311688311688,0.4545454545454545,True,False,no_label_signal,,1,pk_inhibitor,ANTI_DDI_SUPPORTED,DEFAULT_BENCHMARK,confirmatory,NOT_ANCHORED,,,,,
ADDI2-0404,levetiracetam,tadalafil,303.0,663.2470984316411,0.4568433103084721,5.05,T2_moderate,1,False,False,False,133748,100808,114477.0,N03AX,DB01202,CHEMBL1286,358263.0,C02KX;G04BE;G04CB,DB00820,CHEMBL779,69.0,2.486383889643529,7.653739162999525,10.256382969356125,0.1739130434782608,0.3768115942028985,0.5362318840579711,True,False,no_label_signal,,0,,ANTI_DDI_SUPPORTED,DEFAULT_BENCHMARK,confirmatory,NOT_ANCHORED,,,,,
ADDI2-0405,sevelamer,clonazepam,298.0,124.78909323452332,2.3880292121359634,5.1,T2_moderate,1,False,False,False,15661,161981,214824.0,V03AE,,CHEMBL5314349,2598.0,N03AE,DB01068,CHEMBL452,58.0,2.496930104707599,8.505280798225122,10.710863323215172,0.2068965517241379,0.396551724137931,0.5172413793103449,False,False,no_label_signal,,0,,ANTI_DDI_SUPPORTED,DEFAULT_BENCHMARK,not_used_in_paper5,NOT_ANCHORED,,,,,
ADDI2-0406,levetiracetam,glimepiride,297.0,261.8894408486576,1.1340663412681549,5.1,T2_moderate,1,False,False,False,133748,39805,114477.0,N03AX,DB01202,CHEMBL1286,25789.0,A10BB;A10BD,DB00222,CHEMBL1481,58.0,2.5973779689930225,6.283961839238901,13.1517028953456,0.1896551724137931,0.293103448275862,0.6379310344827587,True,False,no_label_signal,,0,,ANTI_DDI_SUPPORTED,DEFAULT_BENCHMARK,confirmatory,NOT_ANCHORED,,,,,
ADDI2-0407,atenolol,cinacalcet,296.0,337.84497762386195,0.8761414838303446,5.1,T2_moderate,1,False,False,False,138293,49662,1202.0,C07AB;C07FB,DB00335,CHEMBL24,407990.0,H05BX,DB01012,CHEMBL1201284,70.0,3.352656054343532,15.810421723561957,29.06146279893796,0.1571428571428571,0.2428571428571428,0.4571428571428571,True,False,no_label_signal,,0,,ANTI_DDI_SUPPORTED,DEFAULT_BENCHMARK,confirmatory,NOT_ANCHORED,,,,,
ADDI2-0408,venlafaxine,ustekinumab,295.0,739.9193129867687,0.3986921206438021,5.1,T2_moderate,1,False,False,False,149512,100604,39786.0,N06AX,DB00285,CHEMBL637,847083.0,L04AC,,CHEMBL1201835,75.0,2.273334953573529,10.153008661128714,14.315061148703183,0.3466666666666667,0.4266666666666667,0.6933333333333334,False,False,no_label_signal,,0,,ANTI_DDI_SUPPORTED,DEFAULT_BENCHMARK,not_used_in_paper5,NOT_ANCHORED,,,,,
ADDI2-0409,dicyclomine,levetiracetam,291.0,109.9797486051039,2.6459416728153475,5.15,T2_moderate,1,False,False,False,16716,133748,3361.0,A03AA,DB00804,CHEMBL1123,114477.0,N03AX,DB01202,CHEMBL1286,60.0,2.1904955566375888,5.603772492363103,19.911076960435253,0.25,0.4166666666666667,0.7166666666666667,True,False,no_label_signal,,0,,ANTI_DDI_SUPPORTED,DEFAULT_BENCHMARK,confirmatory,NOT_ANCHORED,,,,,
ADDI2-0410,triamterene,dextromethorphan,291.0,68.06471973564305,4.2753426610763485,5.15,T2_moderate,1,False,False,True,21212,65230,10763.0,C03DB,DB00384,CHEMBL585,3289.0,N06AX;R05DA,DB00514,CHEMBL52440,103.0,3.3548321839723823,8.457505557685062,11.072104807315556,0.029126213592233,0.0970873786407767,0.4174757281553398,True,False,no_label_signal,,1,pk_inhibitor,ANTI_DDI_SUPPORTED,DEFAULT_BENCHMARK,confirmatory,NOT_ANCHORED,,,,,
ADDI2-0411,montelukast,sevelamer,290.0,134.2086933294636,2.160813825137918,5.15,T2_moderate,1,False,False,False,174208,15661,88249.0,R03DC,DB00471,CHEMBL787,214824.0,V03AE,,CHEMBL5314349,47.0,2.831773864430556,9.531900159497104,14.091299026989496,0.2978723404255319,0.425531914893617,0.5319148936170213,False,False,no_label_signal,,0,,ANTI_DDI_SUPPORTED,DEFAULT_BENCHMARK,not_used_in_paper5,NOT_ANCHORED,,,,,
ADDI2-0412,cefdinir,chlorpheniramine,285.0,27.081052164256477,10.523963333158951,5.25,T2_moderate,1,False,False,False,7944,69300,25037.0,J01DD,DB00535,CHEMBL927,2400.0,R06AB,DB01114,CHEMBL505,92.0,2.9799660786492783,7.084366078942077,11.754915701083313,0.0326086956521739,0.108695652173913,0.5217391304347826,True,False,no_label_signal,,2,pk_inhibitor;transporter_inhibitor,ANTI_DDI_SUPPORTED,DEFAULT_BENCHMARK,confirmatory,NOT_ANCHORED,,,,,
ADDI2-0413,dextromethorphan,solifenacin,284.0,102.90569309457254,2.759808436827668,5.25,T2_moderate,1,False,False,True,65230,32070,3289.0,N06AX;R05DA,DB00514,CHEMBL52440,322167.0,G04BD,DB01591,CHEMBL1734,74.0,3.263597302567243,7.509415526385035,12.122535434515832,0.1216216216216216,0.1621621621621621,0.4189189189189189,True,False,no_label_signal,,2,pk_inhibitor;biological_process,ANTI_DDI_SUPPORTED,DEFAULT_BENCHMARK,development,NOT_ANCHORED,,,,,
ADDI2-0414,cefdinir,citalopram,281.0,55.493491698262176,5.063656861382896,5.25,T2_moderate,1,False,False,False,7944,142007,25037.0,J01DD,DB00535,CHEMBL927,2556.0,N06AB,DB00215,CHEMBL549,71.0,2.7631517263843595,8.767130063307324,15.839161725760352,0.1549295774647887,0.3380281690140845,0.5774647887323944,True,False,no_label_signal,,2,pk_inhibitor;transporter_inhibitor,ANTI_DDI_SUPPORTED,DEFAULT_BENCHMARK,confirmatory,NOT_ANCHORED,,,,,
ADDI2-0415,sevelamer,ibuprofen,280.0,227.4209019077825,1.2311972982744477,5.3,T2_moderate,1,False,False,False,15661,295201,214824.0,V03AE,,CHEMBL5314349,5640.0,C01EB;G02CC;M01AE;M02AA;N02AJ;R02AX,DB01050,CHEMBL521,49.0,3.269468041148212,16.699768716122215,22.26702684319788,0.1632653061224489,0.3265306122448979,0.4489795918367347,False,False,no_label_signal,,0,,ANTI_DDI_SUPPORTED,DEFAULT_BENCHMARK,not_used_in_paper5,NOT_ANCHORED,,,,,
ADDI2-0416,doxazosin,liraglutide,279.0,99.72774289393132,2.797616710294341,5.3,T2_moderate,1,False,False,False,38413,52777,49276.0,C02CA,DB00590,CHEMBL707,475968.0,A10AE;A10BJ,,CHEMBL4084119,65.0,8.7023146377114,92.5842865149814,118.02737524813602,0.1692307692307692,0.2615384615384615,0.3538461538461538,False,False,no_label_signal,,0,,ANTI_DDI_SUPPORTED,DEFAULT_BENCHMARK,not_used_in_paper5,NOT_ANCHORED,,,,,
ADDI2-0417,moxifloxacin,dextromethorphan,279.0,70.6606257447952,3.9484507398457462,5.3,T2_moderate,1,False,False,True,22021,65230,139462.0,J01MA;S01AE,DB00218,CHEMBL32,3289.0,N06AX;R05DA,DB00514,CHEMBL52440,200.0,7.399621656504584,18.18454066732432,47.49704182342354,0.015,0.045,0.14,True,False,no_label_signal,,0,,ANTI_DDI_SUPPORTED,DEFAULT_BENCHMARK,development,NOT_ANCHORED,,,,,
ADDI2-0418,liraglutide,acyclovir,277.0,323.4343115540563,0.8564335634925497,5.3,T2_moderate,1,False,False,False,52777,124580,475968.0,A10AE;A10BJ,,CHEMBL4084119,281.0,D06BB;J05AB;S01AD,DB00787,CHEMBL184,47.0,2.7838407910627705,8.96663986251657,17.43224080813874,0.1914893617021276,0.2978723404255319,0.6170212765957447,False,False,no_label_signal,,0,,ANTI_DDI_SUPPORTED,DEFAULT_BENCHMARK,not_used_in_paper5,NOT_ANCHORED,,,,,
ADDI2-0419,fluconazole,sevelamer,275.0,54.58699471064745,5.037830008002985,5.35,T2_moderate,1,False,False,False,70856,15661,4450.0,D01AC;J02AC,DB00196,CHEMBL106,214824.0,V03AE,,CHEMBL5314349,65.0,4.122625330153195,13.683561142110754,22.03564320144489,0.1538461538461538,0.2307692307692307,0.4,False,False,no_label_signal,,0,,ANTI_DDI_SUPPORTED,DEFAULT_BENCHMARK,not_used_in_paper5,NOT_ANCHORED,,,,,
ADDI2-0420,liraglutide,perindopril,274.0,108.03297938984902,2.5362625519309296,5.35,T2_moderate,1,False,False,False,52777,41612,475968.0,A10AE;A10BJ,,CHEMBL4084119,54552.0,C09AA;C09BB,DB00790,CHEMBL1581,71.0,3.702225344761684,11.126677780142192,15.878279905992477,0.1267605633802817,0.2253521126760563,0.4366197183098591,False,False,no_label_signal,,0,,ANTI_DDI_SUPPORTED,DEFAULT_BENCHMARK,not_used_in_paper5,NOT_ANCHORED,,,,,
ADDI2-0421,hydrocodone,alfuzosin,273.0,141.17241621707376,1.933805535921561,5.35,T2_moderate,1,False,False,False,224891,12761,5489.0,N02AJ;R05DA,DB00956,CHEMBL1457,17300.0,G04CA,DB00346,CHEMBL709,64.0,3.533747568602828,8.729370185863724,10.22101298689782,0.0625,0.15625,0.359375,True,False,no_label_signal,,0,,ANTI_DDI_SUPPORTED,DEFAULT_BENCHMARK,confirmatory,NOT_ANCHORED,,,,,
ADDI2-0422,lamotrigine,liraglutide,273.0,345.87844081545313,0.7892946416560894,5.35,T2_moderate,1,False,False,False,133225,52777,28439.0,N03AX,DB00555,CHEMBL741,475968.0,A10AE;A10BJ,,CHEMBL4084119,61.0,2.9680501506333377,10.995490516186438,21.937708719736257,0.1147540983606557,0.2622950819672131,0.5081967213114754,False,False,no_label_signal,,0,,ANTI_DDI_SUPPORTED,DEFAULT_BENCHMARK,not_used_in_paper5,NOT_ANCHORED,,,,,
ADDI2-0423,tetracycline,ustekinumab,273.0,32.628070191835874,8.367028708559953,5.35,T2_moderate,1,False,False,False,6593,100604,10395.0,A01AB;A02BD;D06AA;J01AA;J01RA;S01AA;S02AA;S03AA,DB00759,CHEMBL1440,847083.0,L04AC,,CHEMBL1201835,178.0,8.357470007200963,34.314229981102194,75.17091663138558,0.0056179775280898,0.0168539325842696,0.0449438202247191,False,False,no_label_signal,,0,,ANTI_DDI_SUPPORTED,DEFAULT_BENCHMARK,not_used_in_paper5,NOT_ANCHORED,,,,,
ADDI2-0424,sevelamer,amitriptyline,272.0,70.98867018470305,3.831597342115189,5.4,T2_moderate,1,False,False,False,15661,92146,214824.0,V03AE,,CHEMBL5314349,704.0,N06AA,DB00321,CHEMBL629,50.0,3.3979639780943494,13.370638089496484,16.430515426294278,0.22,0.32,0.4,False,False,no_label_signal,,0,,ANTI_DDI_SUPPORTED,DEFAULT_BENCHMARK,not_used_in_paper5,NOT_ANCHORED,,,,,
ADDI2-0425,conjugated estrogens,isosorbide,270.0,147.22514509747978,1.8339258543180876,5.4,T2_moderate,1,False,False,True,69479,43076,4099.0,G03CA;G03CC,,CHEMBL1201649,6057.0,C01DA,DB01020,CHEMBL1311,97.0,3.486912849090269,10.792919815755512,16.72804797279691,0.0721649484536082,0.1649484536082474,0.3814432989690721,False,False,no_label_signal,,0,,ANTI_DDI_SUPPORTED,DEFAULT_BENCHMARK,not_used_in_paper5,NOT_ANCHORED,,,,,
ADDI2-0426,levofloxacin,dalteparin,266.0,45.9476823141809,5.789192982164935,5.45,T2_moderate,1,False,False,False,66006,14151,82122.0,J01MA;S01AE,,CHEMBL5315124,67109.0,B01AB,,CHEMBL1201460,59.0,2.4512718931337054,12.251677919086411,17.441306563711695,0.1186440677966101,0.3728813559322034,0.559322033898305,False,False,no_label_signal,,0,,ANTI_DDI_SUPPORTED,DEFAULT_BENCHMARK,not_used_in_paper5,NOT_ANCHORED,,,,,
ADDI2-0427,glipizide,sevelamer,256.0,49.00164256471494,5.224314667858507,5.6,T2_moderate,1,False,False,False,63606,15661,4821.0,A10BB,DB01067,CHEMBL1073,214824.0,V03AE,,CHEMBL5314349,40.0,2.892017698906034,10.124086614752771,15.234549167811096,0.225,0.35,0.525,False,False,no_label_signal,,0,,ANTI_DDI_SUPPORTED,DEFAULT_BENCHMARK,not_used_in_paper5,NOT_ANCHORED,,,,,
ADDI2-0428,fluconazole,liraglutide,252.0,183.95618541880089,1.3698914196676142,5.65,T2_moderate,1,False,False,False,70856,52777,4450.0,D01AC;J02AC,DB00196,CHEMBL106,475968.0,A10AE;A10BJ,,CHEMBL4084119,49.0,2.472383384913189,9.451518760405394,11.83673622887695,0.2040816326530612,0.3265306122448979,0.5510204081632653,False,False,no_label_signal,,0,,ANTI_DDI_SUPPORTED,DEFAULT_BENCHMARK,not_used_in_paper5,NOT_ANCHORED,,,,,
ADDI2-0429,hydrochlorothiazide,dalteparin,250.0,177.0279844504595,1.4122061027586368,5.7,T2_moderate,1,False,False,False,254309,14151,5487.0,C03AA;C09DX;C09XA,DB00999,CHEMBL435,67109.0,B01AB,,CHEMBL1201460,63.0,2.539425136598864,7.846486494303819,10.846273821132105,0.2222222222222222,0.3492063492063492,0.5714285714285714,False,False,no_label_signal,,0,,ANTI_DDI_SUPPORTED,DEFAULT_BENCHMARK,not_used_in_paper5,NOT_ANCHORED,,,,,
ADDI2-0430,metoclopramide,liraglutide,250.0,207.4413899646188,1.2051596841047008,5.7,T2_moderate,1,False,False,False,79902,52777,6915.0,A03FA,DB01233,CHEMBL86,475968.0,A10AE;A10BJ,,CHEMBL4084119,46.0,2.477774224365855,15.36968821648828,22.165452766923018,0.217391304347826,0.4130434782608695,0.6521739130434783,False,False,no_label_signal,,0,,ANTI_DDI_SUPPORTED,DEFAULT_BENCHMARK,not_used_in_paper5,NOT_ANCHORED,,,,,
ADDI2-0431,dutasteride,lactulose,249.0,45.8184299686525,5.434494376397398,5.7,T2_moderate,1,False,False,False,23810,39119,228790.0,G04CA;G04CB,DB01126,CHEMBL1200969,6218.0,A06AD,DB00581,CHEMBL296306,33.0,1.9945922743293123,4.737388316032291,18.20950823856378,0.303030303030303,0.5151515151515151,0.696969696969697,True,False,no_label_signal,,0,,ANTI_DDI_SUPPORTED,DEFAULT_BENCHMARK,confirmatory,NOT_ANCHORED,,,,,
ADDI2-0432,levetiracetam,granisetron,244.0,89.02464575111635,2.740814051449795,5.75,T2_moderate,1,False,False,False,133748,13531,114477.0,N03AX,DB01202,CHEMBL1286,26237.0,A04AA,,CHEMBL289469,59.0,2.6853345456174464,9.379320080033976,14.138296278630182,0.1186440677966101,0.3389830508474576,0.559322033898305,False,False,no_label_signal,,0,,ANTI_DDI_SUPPORTED,DEFAULT_BENCHMARK,not_used_in_paper5,NOT_ANCHORED,,,,,
ADDI2-0433,hydrocodone,benztropine,243.0,88.15946907247557,2.756368686842143,5.8,T2_moderate,1,False,False,False,224891,7969,5489.0,N02AJ;R05DA,DB00956,CHEMBL1457,1424.0,N04AC,DB00245,CHEMBL1201203,72.0,3.675241864096476,10.12890730826002,13.937841833359547,0.1388888888888889,0.1666666666666666,0.375,True,False,no_label_signal,,0,,ANTI_DDI_SUPPORTED,DEFAULT_BENCHMARK,development,NOT_ANCHORED,,,,,
ADDI2-0434,sildenafil,sevelamer,240.0,99.31141312167723,2.4166406705536434,5.85,T2_moderate,1,False,False,False,128910,15661,136411.0,G04BE,DB00203,CHEMBL192,214824.0,V03AE,,CHEMBL5314349,69.0,4.359088043657428,9.41743672246566,10.070046446184168,0.0579710144927536,0.1304347826086956,0.3333333333333333,False,False,no_label_signal,,0,,ANTI_DDI_SUPPORTED,DEFAULT_BENCHMARK,not_used_in_paper5,NOT_ANCHORED,,,,,
ADDI2-0435,chlorpheniramine,moxifloxacin,238.0,75.06946748603875,3.1703968067212243,5.85,T2_moderate,1,False,False,False,69300,22021,2400.0,R06AB,DB01114,CHEMBL505,139462.0,J01MA;S01AE,DB00218,CHEMBL32,180.0,5.656405694840036,11.50772958850897,19.91258028201112,0.0055555555555555,0.0388888888888888,0.15,True,False,no_label_signal,,0,,ANTI_DDI_SUPPORTED,DEFAULT_BENCHMARK,confirmatory,NOT_ANCHORED,,,,,
ADDI2-0436,conjugated estrogens,levetiracetam,238.0,457.1238904842076,0.5206466014014253,5.85,T2_moderate,2,False,False,True,69479,133748,4099.0,G03CA;G03CC,,CHEMBL1201649,114477.0,N03AX,DB01202,CHEMBL1286,70.0,4.221758861933145,10.155805285244668,11.946349118617526,0.0428571428571428,0.0714285714285714,0.2714285714285714,False,False,no_label_signal,,0,,ANTI_DDI_SUPPORTED,DEFAULT_BENCHMARK,not_used_in_paper5,NOT_ANCHORED,,,,,
ADDI2-0437,ezetimibe,sevelamer,233.0,72.68815802386543,3.2054739910110253,5.95,T2_moderate,1,False,False,False,94352,15661,341248.0,C10AX;C10BA,DB00973,CHEMBL1138,214824.0,V03AE,,CHEMBL5314349,37.0,3.4089245124736465,10.75916710325497,18.20675035455897,0.1621621621621621,0.2432432432432432,0.4594594594594595,False,False,no_label_signal,,0,,ANTI_DDI_SUPPORTED,DEFAULT_BENCHMARK,not_used_in_paper5,NOT_ANCHORED,,,,,
ADDI2-0438,ustekinumab,perindopril,233.0,205.9334531810518,1.1314334626106228,5.95,T2_moderate,1,False,False,False,100604,41612,847083.0,L04AC,,CHEMBL1201835,54552.0,C09AA;C09BB,DB00790,CHEMBL1581,74.0,4.371341907551283,22.38719305193809,30.335168457465645,0.081081081081081,0.1891891891891892,0.3378378378378378,False,False,no_label_signal,,0,,ANTI_DDI_SUPPORTED,DEFAULT_BENCHMARK,not_used_in_paper5,NOT_ANCHORED,,,,,
ADDI2-0439,famotidine,ustekinumab,231.0,583.6480294363968,0.3957864814913648,5.95,T2_moderate,1,False,False,False,117935,100604,4278.0,A02BA,DB00927,CHEMBL902,847083.0,L04AC,,CHEMBL1201835,42.0,2.002728323493418,5.969962571135564,9.722002976866252,0.3809523809523809,0.5,0.7142857142857143,False,False,no_label_signal,,0,,ANTI_DDI_SUPPORTED,DEFAULT_BENCHMARK,not_used_in_paper5,NOT_ANCHORED,,,,,
ADDI2-0440,atenolol,pemetrexed,230.0,256.1831212468164,0.8977952914329957,6.0,T2_moderate,1,False,False,False,138293,37658,1202.0,C07AB;C07FB,DB00335,CHEMBL24,68446.0,L01BA,DB00642,CHEMBL225072,37.0,2.089504027052254,8.04712181475753,11.159625083339716,0.2162162162162162,0.3783783783783784,0.6486486486486487,True,False,no_label_signal,,0,,ANTI_DDI_SUPPORTED,DEFAULT_BENCHMARK,confirmatory,NOT_ANCHORED,,,,,
ADDI2-0441,baclofen,liraglutide,229.0,238.6528789155167,0.959552639970734,6.0,T2_moderate,1,False,False,False,91924,52777,1292.0,M03BX,DB00181,CHEMBL701,475968.0,A10AE;A10BJ,,CHEMBL4084119,57.0,2.521441282204872,9.259785231770428,15.271145083167248,0.2105263157894736,0.2982456140350877,0.631578947368421,False,False,no_label_signal,,0,,ANTI_DDI_SUPPORTED,DEFAULT_BENCHMARK,not_used_in_paper5,NOT_ANCHORED,,,,,
ADDI2-0442,phenazopyridine,citalopram,229.0,34.09664312427211,6.716203679211563,6.0,T2_moderate,1,False,False,False,4881,142007,8120.0,G04BX,DB01438,CHEMBL1242,2556.0,N06AB,DB00215,CHEMBL549,59.0,2.30400288022809,8.622507267159115,9.876795351508884,0.2033898305084746,0.423728813559322,0.5932203389830508,True,False,no_label_signal,,0,,ANTI_DDI_SUPPORTED,DEFAULT_BENCHMARK,confirmatory,NOT_ANCHORED,,,,,
ADDI2-0443,sevelamer,doxycycline,224.0,55.34043945529877,4.047672953174432,6.1,T2_moderate,1,False,False,False,15661,71834,214824.0,V03AE,,CHEMBL5314349,3640.0,A01AB;J01AA,,CHEMBL1200699,42.0,3.1786147980869446,15.995145069036804,17.58062778617741,0.1904761904761904,0.3095238095238095,0.5,False,False,no_label_signal,,0,,ANTI_DDI_SUPPORTED,DEFAULT_BENCHMARK,not_used_in_paper5,NOT_ANCHORED,,,,,
ADDI2-0444,sevelamer,prednisolone,223.0,151.36843590856714,1.4732265591665443,6.1,T2_moderate,1,False,False,False,15661,196482,214824.0,V03AE,,CHEMBL5314349,8638.0,A01AC;A07EA;C05AA;D07AA;D07XA;H02AB;R01AD;S01BA;S01CB;S02BA;S03BA,DB00860,CHEMBL131,46.0,4.080569542323646,9.777457259172031,13.688931894047588,0.108695652173913,0.1521739130434782,0.2826086956521739,False,False,no_label_signal,,0,,ANTI_DDI_SUPPORTED,DEFAULT_BENCHMARK,not_used_in_paper5,NOT_ANCHORED,,,,,
ADDI2-0445,azithromycin,dalteparin,220.0,66.38140450080736,3.314181157425258,6.15,T2_moderate,1,False,False,False,95360,14151,18631.0,J01FA;S01AA,DB00207,CHEMBL529,67109.0,B01AB,,CHEMBL1201460,95.0,4.353346474471492,13.29693448712526,14.843240839653356,0.0842105263157894,0.231578947368421,0.3684210526315789,False,False,no_label_signal,,0,,ANTI_DDI_SUPPORTED,DEFAULT_BENCHMARK,not_used_in_paper5,NOT_ANCHORED,,,,,
ADDI2-0446,dextromethorphan,cefuroxime,220.0,52.46361341117122,4.193382531161203,6.15,T2_moderate,1,False,False,True,65230,16350,3289.0,N06AX;R05DA,DB00514,CHEMBL52440,2194.0,J01DC;S01AA,DB01112,CHEMBL1436,63.0,3.018608839985788,7.818552031410814,10.46754953529578,0.0634920634920634,0.2539682539682539,0.492063492063492,True,False,no_label_signal,,1,transporter_inhibitor,ANTI_DDI_SUPPORTED,DEFAULT_BENCHMARK,confirmatory,NOT_ANCHORED,,,,,
ADDI2-0447,levetiracetam,cefuroxime,220.0,107.57172108718883,2.0451471611362058,6.15,T2_moderate,1,False,False,False,133748,16350,114477.0,N03AX,DB01202,CHEMBL1286,2194.0,J01DC;S01AA,DB01112,CHEMBL1436,43.0,3.441056271875019,15.545913017950769,21.684829101634566,0.0930232558139534,0.2093023255813953,0.3953488372093023,True,False,no_label_signal,,1,transporter_inhibitor,ANTI_DDI_SUPPORTED,DEFAULT_BENCHMARK,confirmatory,NOT_ANCHORED,,,,,
ADDI2-0448,paroxetine,ustekinumab,218.0,503.4016835907091,0.4330537761515413,6.2,T2_moderate,1,False,False,False,101720,100604,32937.0,N06AB,DB00715,CHEMBL490,847083.0,L04AC,,CHEMBL1201835,184.0,5.560062338407746,15.744507424150832,40.38920972495714,0.0108695652173913,0.0326086956521739,0.1521739130434782,False,False,no_label_signal,,0,,ANTI_DDI_SUPPORTED,DEFAULT_BENCHMARK,not_used_in_paper5,NOT_ANCHORED,,,,,
ADDI2-0449,heparin,methylphenidate,217.0,272.7681973281452,0.7955472893305995,6.2,T2_moderate,1,False,False,False,73667,75271,5224.0,B01AB;C05BA;S01XA,,CHEMBL4650299,6901.0,N06BA,DB00422,CHEMBL796,95.0,4.6041374981569545,10.504300767448491,13.06944048693927,0.031578947368421,0.0947368421052631,0.2631578947368421,False,False,no_label_signal,,0,,ANTI_DDI_SUPPORTED,DEFAULT_BENCHMARK,not_used_in_paper5,NOT_ANCHORED,,,,,
ADDI2-0450,metronidazole,sevelamer,217.0,52.68874537442984,4.118526612427393,6.2,T2_moderate,1,False,False,False,68392,15661,6922.0,A01AB;A02BD;D06BX;G01AF;J01RA;J01XD;P01AB,DB00916,CHEMBL137,214824.0,V03AE,,CHEMBL5314349,35.0,4.363227722552003,15.84303426322209,20.6685376820068,0.1428571428571428,0.1714285714285714,0.3142857142857143,False,False,no_label_signal,,0,,ANTI_DDI_SUPPORTED,DEFAULT_BENCHMARK,not_used_in_paper5,NOT_ANCHORED,,,,,
ADDI2-0451,cefuroxime,liraglutide,216.0,42.44783266903853,5.088599026577639,6.25,T2_moderate,1,False,False,False,16350,52777,2194.0,J01DC;S01AA,DB01112,CHEMBL1436,475968.0,A10AE;A10BJ,,CHEMBL4084119,45.0,14.047393332670422,136.97271848469524,151.29302045825682,0.1333333333333333,0.1777777777777777,0.3111111111111111,False,False,no_label_signal,,0,,ANTI_DDI_SUPPORTED,DEFAULT_BENCHMARK,not_used_in_paper5,NOT_ANCHORED,,,,,
ADDI2-0452,levetiracetam,dutasteride,216.0,156.6533748676432,1.3788403868253645,6.25,T2_moderate,1,False,False,False,133748,23810,114477.0,N03AX,DB01202,CHEMBL1286,228790.0,G04CA;G04CB,DB01126,CHEMBL1200969,33.0,3.645569453804347,12.629617612943592,17.470157513473122,0.1212121212121212,0.2121212121212121,0.4848484848484848,True,False,no_label_signal,,0,,ANTI_DDI_SUPPORTED,DEFAULT_BENCHMARK,confirmatory,NOT_ANCHORED,,,,,
ADDI2-0453,conjugated estrogens,bisoprolol,214.0,494.54879852621247,0.4327176623171139,6.3,T2_moderate,1,False,False,True,69479,144698,4099.0,G03CA;G03CC,,CHEMBL1201649,19484.0,C07AB,DB00612,CHEMBL645,86.0,4.314010462018345,12.40559837844954,21.76015904799366,0.0116279069767441,0.0697674418604651,0.2674418604651162,False,False,no_label_signal,,0,,ANTI_DDI_SUPPORTED,DEFAULT_BENCHMARK,not_used_in_paper5,NOT_ANCHORED,,,,,
ADDI2-0454,diazepam,ustekinumab,213.0,607.4967584299441,0.3506191548256022,6.3,T2_moderate,1,False,False,False,122754,100604,3322.0,N05BA,DB00829,CHEMBL12,847083.0,L04AC,,CHEMBL1201835,35.0,1.8457503383606035,5.39045307554257,7.183197900996378,0.2571428571428571,0.6285714285714286,0.9142857142857144,False,False,no_label_signal,,0,,ANTI_DDI_SUPPORTED,DEFAULT_BENCHMARK,not_used_in_paper5,NOT_ANCHORED,,,,,
ADDI2-0455,nortriptyline,heparin,213.0,88.65301616074909,2.402625530684485,6.3,T2_moderate,1,False,False,False,24464,73667,7531.0,N06AA,DB00540,CHEMBL445,5224.0,B01AB;C05BA;S01XA,,CHEMBL4650299,94.0,3.605463078948058,9.5960153646514,12.508115311562186,0.0212765957446808,0.0851063829787234,0.3297872340425531,False,False,no_label_signal,,0,,ANTI_DDI_SUPPORTED,DEFAULT_BENCHMARK,not_used_in_paper5,NOT_ANCHORED,,,,,
ADDI2-0456,chlorpheniramine,cefuroxime,212.0,55.73705977915324,3.803573436417474,6.3,T2_moderate,1,False,False,False,69300,16350,2400.0,R06AB,DB01114,CHEMBL505,2194.0,J01DC;S01AA,DB01112,CHEMBL1436,47.0,2.6151020379234886,8.413196917943795,10.03991272041656,0.1702127659574468,0.2765957446808511,0.574468085106383,True,False,no_label_signal,,1,transporter_inhibitor,ANTI_DDI_SUPPORTED,DEFAULT_BENCHMARK,development,NOT_ANCHORED,,,,,
ADDI2-0457,enalapril,sevelamer,209.0,51.21806437490085,4.080591536419314,6.4,T2_moderate,1,False,False,False,66483,15661,3827.0,C09AA,DB00584,CHEMBL578,214824.0,V03AE,,CHEMBL5314349,43.0,3.70821846465204,7.970291514944578,16.978773490586285,0.0930232558139534,0.2093023255813953,0.3255813953488372,False,False,label_explicit_NONinteraction,named with an explicit no-interaction statement,0,,ANTI_DDI_SUPPORTED,DEFAULT_BENCHMARK,not_used_in_paper5,HUMAN_NONINTERACTION_ANCHOR,human_crossover_pk,Burke et al. 2001; sevelamer-enalapril,https://doi.org/10.1177/00912700122009881,Human crossover PK study; no meaningful change in enalapril/enalaprilat exposure,CONCORDANT
ADDI2-0458,citalopram,valganciclovir,207.0,137.74876168152466,1.5027358320547688,6.4,T2_moderate,1,False,False,False,142007,19719,2556.0,N06AB,DB00215,CHEMBL549,275891.0,J05AB,DB01610,CHEMBL1201314,35.0,2.225963580825667,9.27849926717917,12.253362872668294,0.2,0.4285714285714285,0.6571428571428571,True,False,no_label_signal,,1,transporter_inhibitor,ANTI_DDI_SUPPORTED,DEFAULT_BENCHMARK,confirmatory,NOT_ANCHORED,,,,,
ADDI2-0459,levetiracetam,pioglitazone,206.0,323.25466669454204,0.6372684487635215,6.45,T2_moderate,1,False,False,False,133748,49132,114477.0,N03AX,DB01202,CHEMBL1286,33738.0,A10BD;A10BG,DB01132,CHEMBL595,40.0,3.277299820506586,10.26291252280702,17.89177819131375,0.125,0.25,0.475,True,False,no_label_signal,,1,transporter_inhibitor,ANTI_DDI_SUPPORTED,DEFAULT_BENCHMARK,confirmatory,NOT_ANCHORED,,,,,
ADDI2-0460,famotidine,dalteparin,205.0,82.09617176806539,2.497071368676694,6.45,T2_moderate,1,False,False,False,117935,14151,4278.0,A02BA,DB00927,CHEMBL902,67109.0,B01AB,,CHEMBL1201460,46.0,2.6592391557554445,8.447887783558397,22.742675185363662,0.108695652173913,0.2608695652173913,0.6086956521739131,False,False,no_label_signal,,0,,ANTI_DDI_SUPPORTED,DEFAULT_BENCHMARK,not_used_in_paper5,NOT_ANCHORED,,,,,
ADDI2-0461,carvedilol,ustekinumab,204.0,685.9070639235657,0.2974163858775083,6.5,T2_moderate,1,False,False,False,138598,100604,20352.0,C07AG,DB01136,CHEMBL723,847083.0,L04AC,,CHEMBL1201835,35.0,1.811868270755072,7.704260119690804,9.856028932801378,0.3428571428571428,0.5714285714285714,0.7428571428571429,False,False,no_label_signal,,0,,ANTI_DDI_SUPPORTED,DEFAULT_BENCHMARK,not_used_in_paper5,NOT_ANCHORED,,,,,
ADDI2-0462,colchicine,sevelamer,202.0,21.015561543295583,9.61192493399932,6.55,T2_moderate,1,False,False,False,27279,15661,2683.0,M04AC,DB01394,CHEMBL107,214824.0,V03AE,,CHEMBL5314349,42.0,3.605640055778288,9.883770882013517,12.793572181394527,0.2142857142857142,0.2619047619047619,0.4761904761904761,False,False,no_label_signal,,0,,ANTI_DDI_SUPPORTED,DEFAULT_BENCHMARK,not_used_in_paper5,NOT_ANCHORED,,,,,
ADDI2-0463,levetiracetam,oseltamivir,202.0,161.2259954276185,1.252899691915295,6.55,T2_moderate,1,False,False,False,133748,24505,114477.0,N03AX,DB01202,CHEMBL1286,260101.0,J05AH,DB00198,CHEMBL1229,30.0,3.947052423521063,16.87623812073891,18.82535399191863,0.0333333333333333,0.2,0.4,True,False,no_label_signal,,0,,ANTI_DDI_SUPPORTED,DEFAULT_BENCHMARK,confirmatory,NOT_ANCHORED,,,,,
ADDI2-0464,sevelamer,temazepam,201.0,29.53611254109056,6.805228674571487,6.55,T2_moderate,1,False,False,False,15661,38339,214824.0,V03AE,,CHEMBL5314349,10355.0,N05CD,DB00231,CHEMBL967,38.0,3.877978653402834,9.787753294674625,14.233938295505483,0.1052631578947368,0.2894736842105263,0.4473684210526316,False,False,no_label_signal,,0,,ANTI_DDI_SUPPORTED,DEFAULT_BENCHMARK,not_used_in_paper5,NOT_ANCHORED,,,,,
ADDI2-0465,clindamycin,dalteparin,200.0,30.956873317485364,6.4606007831880765,6.6,T2_moderate,1,False,False,False,44471,14151,2582.0,D10AF;G01AA;J01FF,DB01190,CHEMBL1753,67109.0,B01AB,,CHEMBL1201460,44.0,3.242544590065555,10.847991112171018,14.496803239085798,0.1363636363636363,0.2954545454545454,0.4545454545454545,False,False,no_label_signal,,0,,ANTI_DDI_SUPPORTED,DEFAULT_BENCHMARK,not_used_in_paper5,NOT_ANCHORED,,,,,
ADDI2-0466,cephalexin,sevelamer,198.0,19.335333539119198,10.2403198579123,6.6,T2_moderate,1,False,False,False,25098,15661,2231.0,J01DB,,CHEMBL1200544,214824.0,V03AE,,CHEMBL5314349,27.0,6.543336105990509,21.072493309191948,22.67974971300058,0.074074074074074,0.1851851851851851,0.2962962962962963,False,False,no_label_signal,,0,,ANTI_DDI_SUPPORTED,DEFAULT_BENCHMARK,not_used_in_paper5,NOT_ANCHORED,,,,,
ADDI2-0467,levetiracetam,alfuzosin,197.0,83.9585769292732,2.3463951773021714,6.65,T2_moderate,1,False,False,False,133748,12761,114477.0,N03AX,DB01202,CHEMBL1286,17300.0,G04CA,DB00346,CHEMBL709,22.0,2.560408349611735,8.358935230961855,10.809077061454518,0.1818181818181818,0.3181818181818182,0.6363636363636364,True,False,no_label_signal,,0,,ANTI_DDI_SUPPORTED,DEFAULT_BENCHMARK,confirmatory,NOT_ANCHORED,,,,,
ADDI2-0468,atenolol,cefdinir,196.0,54.042134876645314,3.6267997266833136,6.65,T2_moderate,1,False,False,False,138293,7944,1202.0,C07AB;C07FB,DB00335,CHEMBL24,25037.0,J01DD,DB00535,CHEMBL927,46.0,2.662395434784001,8.311734129890755,8.832776426160223,0.0,0.1739130434782608,0.5434782608695652,True,False,no_label_signal,,1,transporter_inhibitor,ANTI_DDI_SUPPORTED,DEFAULT_BENCHMARK,confirmatory,NOT_ANCHORED,,,,,
ADDI2-0469,atenolol,phenazopyridine,196.0,33.20489178410194,5.902744730336456,6.65,T2_moderate,1,False,False,False,138293,4881,1202.0,C07AB;C07FB,DB00335,CHEMBL24,8120.0,G04BX,DB01438,CHEMBL1242,70.0,3.0648914279766206,9.097018964764075,11.110351588441835,0.0428571428571428,0.1142857142857142,0.4714285714285714,True,False,no_label_signal,,0,,ANTI_DDI_SUPPORTED,DEFAULT_BENCHMARK,development,NOT_ANCHORED,,,,,
ADDI2-0470,ramipril,sevelamer,196.0,99.65423818442758,1.9668004449270664,6.65,T2_moderate,1,False,False,False,129355,15661,35296.0,C09AA;C09BB,DB00178,CHEMBL1168,214824.0,V03AE,,CHEMBL5314349,38.0,3.2656857531669976,13.944151045573346,15.93298836737362,0.2105263157894736,0.3157894736842105,0.5,False,False,no_label_signal,,0,,ANTI_DDI_SUPPORTED,DEFAULT_BENCHMARK,not_used_in_paper5,NOT_ANCHORED,,,,,
ADDI2-0471,nitroglycerin,dalteparin,195.0,38.21803554848286,5.10230306716382,6.7,T2_moderate,1,False,False,True,54902,14151,4917.0,C01DA;C05AE,DB00727,CHEMBL730,67109.0,B01AB,,CHEMBL1201460,106.0,9.172204781217731,36.95041778935597,44.1371547323139,0.0471698113207547,0.0754716981132075,0.1320754716981132,False,False,no_label_signal,,0,,ANTI_DDI_SUPPORTED,DEFAULT_BENCHMARK,not_used_in_paper5,NOT_ANCHORED,,,,,
ADDI2-0472,zolpidem,dalteparin,195.0,96.30594116901948,2.024797199767456,6.7,T2_moderate,1,False,False,False,138348,14151,39993.0,N05CF,DB00425,CHEMBL911,67109.0,B01AB,,CHEMBL1201460,29.0,2.3284372178807766,7.709331305415529,8.645519352756429,0.1724137931034483,0.3793103448275862,0.6551724137931034,False,False,no_label_signal,,0,,ANTI_DDI_SUPPORTED,DEFAULT_BENCHMARK,not_used_in_paper5,NOT_ANCHORED,,,,,
ADDI2-0473,clindamycin,ustekinumab,193.0,220.0823463523636,0.8769444855472264,6.75,T2_moderate,1,False,False,False,44471,100604,2582.0,D10AF;G01AA;J01FF,DB01190,CHEMBL1753,847083.0,L04AC,,CHEMBL1201835,35.0,2.192206897155235,8.773664635367725,26.748434390887912,0.1714285714285714,0.4285714285714285,0.6,False,False,no_label_signal,,0,,ANTI_DDI_SUPPORTED,DEFAULT_BENCHMARK,not_used_in_paper5,NOT_ANCHORED,,,,,
ADDI2-0474,conjugated estrogens,lactulose,193.0,133.7009112050402,1.443520453679035,6.75,T2_moderate,2,False,False,True,69479,39119,4099.0,G03CA;G03CC,,CHEMBL1201649,6218.0,A06AD,DB00581,CHEMBL296306,59.0,3.650355379282212,10.16094548620549,16.68055413687964,0.0847457627118644,0.1694915254237288,0.4067796610169492,False,False,no_label_signal,,0,,ANTI_DDI_SUPPORTED,DEFAULT_BENCHMARK,not_used_in_paper5,NOT_ANCHORED,,,,,
ADDI2-0475,clindamycin,sevelamer,192.0,34.2601648664503,5.604176183869401,6.75,T2_moderate,1,False,False,False,44471,15661,2582.0,D10AF;G01AA;J01FF,DB01190,CHEMBL1753,214824.0,V03AE,,CHEMBL5314349,36.0,5.398395508826963,15.322798481024712,19.161714907391996,0.1388888888888889,0.1666666666666666,0.1944444444444444,False,False,no_label_signal,,0,,ANTI_DDI_SUPPORTED,DEFAULT_BENCHMARK,not_used_in_paper5,NOT_ANCHORED,,,,,
ADDI2-0476,hydrocodone,raltegravir,192.0,200.50222329897693,0.9575953664798076,6.75,T2_moderate,1,False,False,False,224891,18124,5489.0,N02AJ;R05DA,DB00956,CHEMBL1457,719872.0,J05AJ,DB06817,CHEMBL254316,33.0,9.468381159365553,26.54324448643985,31.186673965391577,0.0303030303030303,0.1212121212121212,0.1212121212121212,False,False,no_label_signal,,0,,ANTI_DDI_SUPPORTED,DEFAULT_BENCHMARK,not_used_in_paper5,NOT_ANCHORED,,,,,
ADDI2-0477,triamterene,levetiracetam,192.0,139.56032707654128,1.3757491403319684,6.75,T2_moderate,1,False,False,False,21212,133748,10763.0,C03DB,DB00384,CHEMBL585,114477.0,N03AX,DB01202,CHEMBL1286,50.0,2.514635121954328,6.163439116602637,8.539573057683745,0.12,0.22,0.62,True,False,no_label_signal,,0,,ANTI_DDI_SUPPORTED,DEFAULT_BENCHMARK,confirmatory,NOT_ANCHORED,,,,,
ADDI2-0478,atenolol,oseltamivir,189.0,166.70474762741608,1.1337409563308518,6.85,T2_moderate,1,False,False,False,138293,24505,1202.0,C07AB;C07FB,DB00335,CHEMBL24,260101.0,J05AH,DB00198,CHEMBL1229,43.0,3.5125602055359377,13.400222219828043,13.902188541721532,0.0697674418604651,0.1860465116279069,0.3953488372093023,True,False,no_label_signal,,1,transporter_inhibitor,ANTI_DDI_SUPPORTED,DEFAULT_BENCHMARK,confirmatory,NOT_ANCHORED,,,,,
ADDI2-0479,heparin,conjugated estrogens,189.0,251.7790594274316,0.7506581382494761,6.85,T2_moderate,2,False,False,True,73667,69479,5224.0,B01AB;C05BA;S01XA,,CHEMBL4650299,4099.0,G03CA;G03CC,,CHEMBL1201649,95.0,6.256855878742363,14.221338463578578,20.64681676479106,0.031578947368421,0.0526315789473684,0.0947368421052631,False,False,no_label_signal,,0,,ANTI_DDI_SUPPORTED,DEFAULT_BENCHMARK,not_used_in_paper5,NOT_ANCHORED,,,,,
ADDI2-0480,pravastatin,ustekinumab,189.0,416.3654526694567,0.4539281508306188,6.85,T2_moderate,1,False,False,False,84133,100604,42463.0,C10AA,DB00175,CHEMBL1144,847083.0,L04AC,,CHEMBL1201835,21.0,1.3798300786449138,4.489754794359989,9.232291751814955,0.5238095238095238,0.6666666666666666,0.7619047619047619,False,False,no_label_signal,,0,,ANTI_DDI_SUPPORTED,DEFAULT_BENCHMARK,not_used_in_paper5,NOT_ANCHORED,,,,,
ADDI2-0481,olanzapine,dalteparin,188.0,76.67971089955887,2.451756765831541,6.85,T2_moderate,1,False,False,False,110154,14151,61381.0,N05AH,DB00334,CHEMBL715,67109.0,B01AB,,CHEMBL1201460,36.0,4.0664492903343765,10.627939199597233,11.121527929230515,0.1666666666666666,0.25,0.3611111111111111,False,False,no_label_signal,,0,,ANTI_DDI_SUPPORTED,DEFAULT_BENCHMARK,not_used_in_paper5,NOT_ANCHORED,,,,,
ADDI2-0482,salmeterol,sevelamer,188.0,95.92399334434413,1.9598850448721952,6.85,T2_moderate,1,False,False,False,124513,15661,36117.0,R03AC;R03AK,DB00938,CHEMBL1263,214824.0,V03AE,,CHEMBL5314349,34.0,4.40735402743784,9.356288374303794,11.10296952889404,0.1764705882352941,0.2058823529411764,0.3823529411764705,False,False,no_label_signal,,0,,ANTI_DDI_SUPPORTED,DEFAULT_BENCHMARK,not_used_in_paper5,NOT_ANCHORED,,,,,
ADDI2-0483,valganciclovir,atenolol,188.0,134.14613011487523,1.4014567534598823,6.85,T2_moderate,1,False,False,False,19719,138293,275891.0,J05AB,DB01610,CHEMBL1201314,1202.0,C07AB;C07FB,DB00335,CHEMBL24,45.0,3.1965045644008088,9.932505026186048,10.74497612522329,0.2,0.3111111111111111,0.4666666666666667,True,False,no_label_signal,,1,transporter_inhibitor,ANTI_DDI_SUPPORTED,DEFAULT_BENCHMARK,confirmatory,NOT_ANCHORED,,,,,
ADDI2-0484,chlorpheniramine,nabumetone,187.0,22.23005301650509,8.412035718545456,6.9,T2_moderate,1,False,False,False,69300,6521,2400.0,R06AB,DB01114,CHEMBL505,31448.0,M01AX,DB00461,CHEMBL1070,52.0,3.3159914317078023,6.378802650483971,6.9221504180827615,0.0384615384615384,0.1153846153846153,0.3461538461538461,True,False,no_label_signal,,1,pk_inhibitor,ANTI_DDI_SUPPORTED,DEFAULT_BENCHMARK,confirmatory,NOT_ANCHORED,,,,,
ADDI2-0485,moxifloxacin,levetiracetam,187.0,144.8829889945557,1.2906967291172255,6.9,T2_moderate,1,False,False,False,22021,133748,139462.0,J01MA;S01AE,DB00218,CHEMBL32,114477.0,N03AX,DB01202,CHEMBL1286,24.0,2.849032168237266,13.09612423865608,26.09788502516069,0.2916666666666667,0.4583333333333333,0.5416666666666666,True,False,no_label_signal,,0,,ANTI_DDI_SUPPORTED,DEFAULT_BENCHMARK,development,NOT_ANCHORED,,,,,
ADDI2-0486,phenazopyridine,conjugated estrogens,186.0,16.682280927216983,11.149554477082493,6.9,T2_moderate,1,False,False,True,4881,69479,8120.0,G04BX,DB01438,CHEMBL1242,4099.0,G03CA;G03CC,,CHEMBL1201649,62.0,3.348832027118231,8.211738670978306,14.013788340125451,0.0967741935483871,0.1612903225806451,0.3870967741935484,False,False,no_label_signal,,0,,ANTI_DDI_SUPPORTED,DEFAULT_BENCHMARK,not_used_in_paper5,NOT_ANCHORED,,,,,
ADDI2-0487,ustekinumab,temazepam,186.0,189.73571713708407,0.9803109441203152,6.9,T2_moderate,1,False,False,False,100604,38339,847083.0,L04AC,,CHEMBL1201835,10355.0,N05CD,DB00231,CHEMBL967,170.0,6.075461528943812,21.061325395484428,25.977587806580758,0.0058823529411764,0.0294117647058823,0.1470588235294117,False,False,no_label_signal,,0,,ANTI_DDI_SUPPORTED,DEFAULT_BENCHMARK,not_used_in_paper5,NOT_ANCHORED,,,,,
ADDI2-0488,azithromycin,ustekinumab,183.0,471.9267061267207,0.3877720790627629,7.0,T2_moderate,1,False,False,False,95360,100604,18631.0,J01FA;S01AA,DB00207,CHEMBL529,847083.0,L04AC,,CHEMBL1201835,48.0,2.696635667024345,12.196000167983945,15.106044054554078,0.1041666666666666,0.3125,0.5416666666666666,False,False,no_label_signal,,0,,ANTI_DDI_SUPPORTED,DEFAULT_BENCHMARK,not_used_in_paper5,NOT_ANCHORED,,,,,
ADDI2-0489,levetiracetam,raltegravir,183.0,119.2434173079028,1.534675910264036,7.0,T2_moderate,1,False,False,False,133748,18124,114477.0,N03AX,DB01202,CHEMBL1286,719872.0,J05AJ,DB06817,CHEMBL254316,34.0,4.357767033913685,9.579965133810903,11.142896198112693,0.1176470588235294,0.2058823529411764,0.2647058823529412,False,False,no_label_signal,,0,,ANTI_DDI_SUPPORTED,DEFAULT_BENCHMARK,not_used_in_paper5,NOT_ANCHORED,,,,,
ADDI2-0490,dextromethorphan,emtricitabine,181.0,302.2577977059386,0.5988265691530373,7.05,T2_moderate,1,False,False,True,65230,94197,3289.0,N06AX;R05DA,DB00514,CHEMBL52440,276237.0,J05AF;J05AR,DB00879,CHEMBL885,61.0,4.991077076411892,11.528498436648826,13.329556450561576,0.081967213114754,0.1639344262295081,0.3114754098360656,True,False,no_label_signal,,0,,ANTI_DDI_SUPPORTED,DEFAULT_BENCHMARK,confirmatory,NOT_ANCHORED,,,,,
ADDI2-0491,sevelamer,quetiapine,179.0,149.24600209311276,1.1993621101376242,7.1,T2_moderate,1,False,False,False,15661,193727,214824.0,V03AE,,CHEMBL5314349,51272.0,N05AH,DB01224,CHEMBL716,33.0,4.180716271456554,8.589736141603003,11.66800223937082,0.1515151515151515,0.2727272727272727,0.4242424242424242,False,False,no_label_signal,,0,,ANTI_DDI_SUPPORTED,DEFAULT_BENCHMARK,not_used_in_paper5,NOT_ANCHORED,,,,,
ADDI2-0492,ropinirole,heparin,178.0,75.17604726351945,2.367775461458423,7.15,T2_moderate,1,False,False,False,20745,73667,72302.0,N04BC,DB00268,CHEMBL589,5224.0,B01AB;C05BA;S01XA,,CHEMBL4650299,44.0,3.844643751631727,10.664824713807231,11.380134916577552,0.0454545454545454,0.1136363636363636,0.2954545454545454,False,False,no_label_signal,,0,,ANTI_DDI_SUPPORTED,DEFAULT_BENCHMARK,not_used_in_paper5,NOT_ANCHORED,,,,,
ADDI2-0493,dextromethorphan,liraglutide,176.0,169.3499770643048,1.0392679293553733,7.2,T2_moderate,2,False,False,True,65230,52777,3289.0,N06AX;R05DA,DB00514,CHEMBL52440,475968.0,A10AE;A10BJ,,CHEMBL4084119,34.0,3.3783389337146144,11.657996243871144,18.10265247960096,0.1470588235294117,0.2058823529411764,0.4117647058823529,False,False,no_label_signal,,0,,ANTI_DDI_SUPPORTED,DEFAULT_BENCHMARK,not_used_in_paper5,NOT_ANCHORED,,,,,
ADDI2-0494,montelukast,dalteparin,171.0,121.2685792289917,1.410093208704131,7.35,T2_moderate,1,False,False,False,174208,14151,88249.0,R03DC,DB00471,CHEMBL787,67109.0,B01AB,,CHEMBL1201460,63.0,7.945755698343944,25.380242611517147,33.98265112611657,0.0476190476190476,0.0793650793650793,0.1428571428571428,False,False,no_label_signal,,0,,ANTI_DDI_SUPPORTED,DEFAULT_BENCHMARK,not_used_in_paper5,NOT_ANCHORED,,,,,
ADDI2-0495,salmeterol,ustekinumab,171.0,616.2018661908176,0.277506462382324,7.35,T2_moderate,1,False,False,False,124513,100604,36117.0,R03AC;R03AK,DB00938,CHEMBL1263,847083.0,L04AC,,CHEMBL1201835,40.0,2.0640947438860957,9.025493973702291,13.957580680656182,0.15,0.45,0.725,False,False,no_label_signal,,0,,ANTI_DDI_SUPPORTED,DEFAULT_BENCHMARK,not_used_in_paper5,NOT_ANCHORED,,,,,
ADDI2-0496,haloperidol,dalteparin,170.0,19.43967179204642,8.745003610068874,7.35,T2_moderate,1,False,False,False,27926,14151,5093.0,N05AD,DB00502,CHEMBL54,67109.0,B01AB,,CHEMBL1201460,43.0,4.086385558226469,10.563957726244457,15.228378812411318,0.0232558139534883,0.0697674418604651,0.3255813953488372,False,False,no_label_signal,,0,,ANTI_DDI_SUPPORTED,DEFAULT_BENCHMARK,not_used_in_paper5,NOT_ANCHORED,,,,,
ADDI2-0497,naproxen,sevelamer,170.0,130.92604705445413,1.2984429288489434,7.35,T2_moderate,1,False,False,False,169947,15661,7258.0,G02CC;M01AE;M02AA;N02CC,DB00788,CHEMBL154,214824.0,V03AE,,CHEMBL5314349,26.0,4.882665368104668,16.8242853728989,17.490839549703953,0.1923076923076923,0.2692307692307692,0.3461538461538461,False,False,no_label_signal,,0,,ANTI_DDI_SUPPORTED,DEFAULT_BENCHMARK,not_used_in_paper5,NOT_ANCHORED,,,,,
ADDI2-0498,sevelamer,irbesartan,170.0,41.89014109449384,4.0582341228338645,7.35,T2_moderate,1,False,False,False,15661,54375,214824.0,V03AE,,CHEMBL5314349,83818.0,C09CA,DB01029,CHEMBL1513,18.0,3.3695555923430702,6.903162023135066,12.645592040415456,0.1666666666666666,0.3333333333333333,0.3333333333333333,False,False,no_label_signal,,0,,ANTI_DDI_SUPPORTED,DEFAULT_BENCHMARK,not_used_in_paper5,NOT_ANCHORED,,,,,
ADDI2-0499,diazepam,sevelamer,169.0,94.56887135473096,1.7870573855753804,7.4,T2_moderate,1,False,False,False,122754,15661,3322.0,N05BA,DB00829,CHEMBL12,214824.0,V03AE,,CHEMBL5314349,40.0,3.936797596587101,12.57483503845872,14.808605263443434,0.1,0.15,0.35,False,False,no_label_signal,,0,,ANTI_DDI_SUPPORTED,DEFAULT_BENCHMARK,not_used_in_paper5,NOT_ANCHORED,,,,,
ADDI2-0500,sitagliptin,sevelamer,169.0,74.9099725878474,2.256041407595132,7.4,T2_moderate,1,False,False,False,97236,15661,593411.0,A10BD;A10BH,DB01261,CHEMBL1422,214824.0,V03AE,,CHEMBL5314349,22.0,5.148575567397884,9.886187067200824,10.722384030280514,0.1363636363636363,0.2727272727272727,0.3636363636363636,False,False,no_label_signal,,0,,ANTI_DDI_SUPPORTED,DEFAULT_BENCHMARK,not_used_in_paper5,NOT_ANCHORED,,,,,
ADDI2-0501,phenazopyridine,dextromethorphan,168.0,15.662073214674418,10.726549269517788,7.4,T2_moderate,1,False,False,True,4881,65230,8120.0,G04BX,DB01438,CHEMBL1242,3289.0,N06AX;R05DA,DB00514,CHEMBL52440,55.0,3.13753378450474,7.580319897099295,8.436322433993082,0.0,0.0727272727272727,0.4363636363636363,True,False,no_label_signal,,0,,ANTI_DDI_SUPPORTED,DEFAULT_BENCHMARK,development,NOT_ANCHORED,,,,,
ADDI2-0502,hydrocodone,penicillin v potassium,165.0,30.112947021618584,5.479370713253132,7.5,T2_moderate,1,False,False,True,224891,2722,5489.0,N02AJ;R05DA,DB00956,CHEMBL1457,,J01CA;J01CE,DB00417,CHEMBL615,43.0,4.284410138914913,10.674741678280638,11.628189777116724,0.1162790697674418,0.1395348837209302,0.3023255813953488,True,False,no_label_signal,,0,,ANTI_DDI_SUPPORTED,DEFAULT_BENCHMARK,confirmatory,NOT_ANCHORED,,,,,
ADDI2-0503,hydroxychloroquine,dalteparin,165.0,107.73055956947302,1.5315988393580673,7.5,EXCLUDED_label,1,False,False,False,154760,14151,5521.0,P01BA,DB01611,CHEMBL1535,67109.0,B01AB,,CHEMBL1201460,16.0,1.5055324878802847,32.77912758035308,33.654042768001084,0.5,0.5625,0.75,False,False,label_class_INTERACTION,platelet-inhibitor/NSAID class named in the anticoagulant's own label,0,,POSITIVE_CONCERN_EXCLUDED,EXCLUDE_POSITIVE_CONCERN,not_used_in_paper5,NOT_ANCHORED,,,,,
ADDI2-0504,chlorpheniramine,perindopril,162.0,141.85507838104738,1.1420105776180949,7.6,T2_moderate,1,False,False,False,69300,41612,2400.0,R06AB,DB01114,CHEMBL505,54552.0,C09AA;C09BB,DB00790,CHEMBL1581,68.0,5.2216190454880085,15.707828378928555,18.439236739803363,0.0294117647058823,0.1029411764705882,0.1911764705882352,True,False,no_label_signal,,3,pk_inhibitor;transporter_inhibitor;metab_transporter,ANTI_DDI_SUPPORTED,DEFAULT_BENCHMARK,development,NOT_ANCHORED,,,,,
ADDI2-0505,hydrocodone,valganciclovir,159.0,218.14739247586215,0.7288650035896863,7.7,T2_moderate,1,False,False,False,224891,19719,5489.0,N02AJ;R05DA,DB00956,CHEMBL1457,275891.0,J05AB,DB01610,CHEMBL1201314,35.0,4.35662318787011,13.617573972215574,40.1001838617654,0.0857142857142857,0.1428571428571428,0.2571428571428571,True,False,no_label_signal,,0,,ANTI_DDI_SUPPORTED,DEFAULT_BENCHMARK,confirmatory,NOT_ANCHORED,,,,,
ADDI2-0506,sevelamer,finasteride,158.0,46.45549237956915,3.401104840500785,7.75,T2_moderate,1,False,False,False,15661,60301,214824.0,V03AE,,CHEMBL5314349,25025.0,D11AX;G04CB,DB01216,CHEMBL710,29.0,4.14273753724315,11.56958831372114,15.32877038746008,0.0689655172413793,0.0689655172413793,0.2068965517241379,False,False,no_label_signal,,0,,ANTI_DDI_SUPPORTED,DEFAULT_BENCHMARK,not_used_in_paper5,NOT_ANCHORED,,,,,
ADDI2-0507,isosorbide,dalteparin,157.0,29.985794675721245,5.235812547169844,7.8,T2_moderate,1,False,False,True,43076,14151,6057.0,C01DA,DB01020,CHEMBL1311,67109.0,B01AB,,CHEMBL1201460,16.0,4.543492394000954,35.9936334779461,49.78641870985397,0.1875,0.25,0.3125,False,False,no_label_signal,,0,,ANTI_DDI_SUPPORTED,DEFAULT_BENCHMARK,not_used_in_paper5,NOT_ANCHORED,,,,,
ADDI2-0508,ezetimibe,dalteparin,156.0,65.67972186933909,2.3751623112890288,7.85,T2_moderate,1,False,False,False,94352,14151,341248.0,C10AX;C10BA,DB00973,CHEMBL1138,67109.0,B01AB,,CHEMBL1201460,28.0,3.420966859639485,20.172678248732133,31.237290432967328,0.1428571428571428,0.2142857142857142,0.4285714285714285,False,False,no_label_signal,,0,,ANTI_DDI_SUPPORTED,DEFAULT_BENCHMARK,not_used_in_paper5,NOT_ANCHORED,,,,,
ADDI2-0509,methocarbamol,liraglutide,156.0,58.71820375997826,2.6567570192998318,7.85,T2_moderate,1,False,False,False,22617,52777,6845.0,M03BA,DB00423,CHEMBL1201117,475968.0,A10AE;A10BJ,,CHEMBL4084119,25.0,3.275512708772584,11.633779664832865,12.289397507564637,0.16,0.32,0.44,False,False,no_label_signal,,0,,ANTI_DDI_SUPPORTED,DEFAULT_BENCHMARK,not_used_in_paper5,NOT_ANCHORED,,,,,
ADDI2-0510,dextromethorphan,dutasteride,153.0,76.40113977492274,2.0025879253992414,7.95,T2_moderate,1,False,False,True,65230,23810,3289.0,N06AX;R05DA,DB00514,CHEMBL52440,228790.0,G04CA;G04CB,DB01126,CHEMBL1200969,26.0,3.2342031041169315,9.362456309489891,10.058303967659691,0.0384615384615384,0.1538461538461538,0.4615384615384615,True,False,no_label_signal,,1,pk_inhibitor,ANTI_DDI_SUPPORTED,DEFAULT_BENCHMARK,confirmatory,NOT_ANCHORED,,,,,
ADDI2-0511,metronidazole,liraglutide,153.0,177.55915424470234,0.8616846630680823,7.95,T2_moderate,1,False,False,False,68392,52777,6922.0,A01AB;A02BD;D06BX;G01AF;J01RA;J01XD;P01AB,DB00916,CHEMBL137,475968.0,A10AE;A10BJ,,CHEMBL4084119,28.0,4.977905732054921,14.537109654438227,15.79386355597073,0.1428571428571428,0.1785714285714285,0.3928571428571428,False,False,no_label_signal,,0,,ANTI_DDI_SUPPORTED,DEFAULT_BENCHMARK,not_used_in_paper5,NOT_ANCHORED,,,,,
ADDI2-0512,atenolol,granisetron,152.0,92.04986493150652,1.6512789031586503,8.0,T2_moderate,1,False,False,False,138293,13531,1202.0,C07AB;C07FB,DB00335,CHEMBL24,26237.0,A04AA,,CHEMBL289469,31.0,2.8020552389949605,7.710512683186897,9.93916457736036,0.0967741935483871,0.3225806451612903,0.5161290322580645,False,False,no_label_signal,,0,,ANTI_DDI_SUPPORTED,DEFAULT_BENCHMARK,not_used_in_paper5,NOT_ANCHORED,,,,,
ADDI2-0513,methocarbamol,ustekinumab,152.0,111.92917693443836,1.3580015878168463,8.0,T2_moderate,1,False,False,False,22617,100604,6845.0,M03BA,DB00423,CHEMBL1201117,847083.0,L04AC,,CHEMBL1201835,147.0,10.562086215936366,41.181067049145376,59.92950256074384,0.0136054421768707,0.0272108843537414,0.0544217687074829,False,False,no_label_signal,,0,,ANTI_DDI_SUPPORTED,DEFAULT_BENCHMARK,not_used_in_paper5,NOT_ANCHORED,,,,,
ADDI2-0514,heparin,niacin,150.0,49.26939207494869,3.0444865195783164,8.05,T2_moderate,1,False,False,False,73667,13596,5224.0,B01AB;C05BA;S01XA,,CHEMBL4650299,7393.0,C04AC;C10AD;C10BA,DB00627,CHEMBL573,81.0,5.433651526431579,12.026499196428723,14.588429385409254,0.0123456790123456,0.037037037037037,0.1728395061728395,False,False,no_label_signal,,0,,ANTI_DDI_SUPPORTED,DEFAULT_BENCHMARK,not_used_in_paper5,NOT_ANCHORED,,,,,
ADDI2-0515,fluconazole,ustekinumab,149.0,350.6589627654668,0.4249142780350277,8.1,T2_moderate,1,False,False,False,70856,100604,4450.0,D01AC;J02AC,DB00196,CHEMBL106,847083.0,L04AC,,CHEMBL1201835,19.0,2.1415576325006054,15.710717665767806,22.14261750322236,0.2631578947368421,0.4736842105263157,0.5789473684210527,False,False,no_label_signal,,0,,ANTI_DDI_SUPPORTED,DEFAULT_BENCHMARK,not_used_in_paper5,NOT_ANCHORED,,,,,
ADDI2-0516,atenolol,eletriptan,147.0,57.40956397583205,2.560548971629243,8.15,T2_moderate,1,False,False,False,138293,8439,1202.0,C07AB;C07FB,DB00335,CHEMBL24,231049.0,N02CC,DB00216,CHEMBL1510,19.0,3.2792764548853195,9.514052272471927,9.823643932559929,0.1578947368421052,0.3157894736842105,0.4736842105263157,True,False,no_label_signal,,2,transporter_inhibitor;biological_process,ANTI_DDI_SUPPORTED,DEFAULT_BENCHMARK,development,NOT_ANCHORED,,,,,
ADDI2-0517,methadone,dalteparin,146.0,38.57444577399056,3.784889116888955,8.2,T2_moderate,1,False,False,False,55414,14151,6813.0,N07BC,DB00333,CHEMBL651,67109.0,B01AB,,CHEMBL1201460,26.0,7.265493252563507,21.289528008752004,22.3138782029932,0.1923076923076923,0.2692307692307692,0.3076923076923077,False,False,no_label_signal,,0,,ANTI_DDI_SUPPORTED,DEFAULT_BENCHMARK,not_used_in_paper5,NOT_ANCHORED,,,,,
ADDI2-0518,dicyclomine,ustekinumab,145.0,82.7257426553509,1.7527796710643495,8.25,T2_moderate,1,False,False,False,16716,100604,3361.0,A03AA,DB00804,CHEMBL1123,847083.0,L04AC,,CHEMBL1201835,18.0,1.5955654922129965,8.302238301231379,9.033523540199946,0.4444444444444444,0.6666666666666666,0.8333333333333334,False,False,no_label_signal,,0,,ANTI_DDI_SUPPORTED,DEFAULT_BENCHMARK,not_used_in_paper5,NOT_ANCHORED,,,,,
ADDI2-0519,methylphenidate,liraglutide,145.0,195.41839833829965,0.7419976892297645,8.25,T2_moderate,1,False,False,False,75271,52777,6901.0,N06BA,DB00422,CHEMBL796,475968.0,A10AE;A10BJ,,CHEMBL4084119,33.0,4.88168494869829,11.471271893192547,12.51851553239094,0.1212121212121212,0.1515151515151515,0.2121212121212121,False,False,no_label_signal,,0,,ANTI_DDI_SUPPORTED,DEFAULT_BENCHMARK,not_used_in_paper5,NOT_ANCHORED,,,,,
ADDI2-0520,sevelamer,tadalafil,144.0,77.6618178106434,1.854193013497362,8.3,T2_moderate,1,False,False,False,15661,100808,214824.0,V03AE,,CHEMBL5314349,358263.0,C02KX;G04BE;G04CB,DB00820,CHEMBL779,37.0,4.2001213661146535,9.120373350984,11.313073310861126,0.054054054054054,0.1621621621621621,0.3243243243243243,False,False,no_label_signal,,0,,ANTI_DDI_SUPPORTED,DEFAULT_BENCHMARK,not_used_in_paper5,NOT_ANCHORED,,,,,
ADDI2-0521,enalapril,ustekinumab,143.0,329.0174413110609,0.434627414978905,8.35,T2_moderate,1,False,False,False,66483,100604,3827.0,C09AA,DB00584,CHEMBL578,847083.0,L04AC,,CHEMBL1201835,,,,,,,,False,False,no_label_signal,,0,,ANTI_DDI_SUPPORTED,DEFAULT_BENCHMARK,not_used_in_paper5,NOT_ANCHORED,,,,,
ADDI2-0522,valganciclovir,sevelamer,141.0,15.19138744353699,9.28157487418879,8.45,T2_moderate,1,False,False,False,19719,15661,275891.0,J05AB,DB01610,CHEMBL1201314,214824.0,V03AE,,CHEMBL5314349,28.0,4.6028996735375,10.577061456836311,13.941029448137265,0.0714285714285714,0.1071428571428571,0.2142857142857142,False,False,no_label_signal,,0,,ANTI_DDI_SUPPORTED,DEFAULT_BENCHMARK,not_used_in_paper5,NOT_ANCHORED,,,,,
ADDI2-0523,cefdinir,levetiracetam,140.0,52.26603989704148,2.678603549757836,8.45,T2_moderate,1,False,False,False,7944,133748,25037.0,J01DD,DB00535,CHEMBL927,114477.0,N03AX,DB01202,CHEMBL1286,23.0,2.466066578635594,5.810734244947181,8.618038280233081,0.0434782608695652,0.3478260869565217,0.7391304347826086,True,False,no_label_signal,,1,transporter_inhibitor,ANTI_DDI_SUPPORTED,DEFAULT_BENCHMARK,confirmatory,NOT_ANCHORED,,,,,
ADDI2-0524,phenazopyridine,heparin,140.0,17.687842212255408,7.915041208531244,8.45,T2_moderate,1,False,False,False,4881,73667,8120.0,G04BX,DB01438,CHEMBL1242,5224.0,B01AB;C05BA;S01XA,,CHEMBL4650299,66.0,3.795735603859351,7.950919328741157,10.6369187224642,0.0,0.0151515151515151,0.2878787878787879,False,False,no_label_signal,,0,,ANTI_DDI_SUPPORTED,DEFAULT_BENCHMARK,not_used_in_paper5,NOT_ANCHORED,,,,,
ADDI2-0525,doxazosin,dalteparin,137.0,26.73981639145882,5.12344580061366,8.6,T2_moderate,1,False,False,False,38413,14151,49276.0,C02CA,DB00590,CHEMBL707,67109.0,B01AB,,CHEMBL1201460,13.0,3.583438414289889,8.381845476350101,10.26594907045762,0.0,0.0769230769230769,0.3846153846153846,False,False,no_label_signal,,0,,ANTI_DDI_SUPPORTED,DEFAULT_BENCHMARK,not_used_in_paper5,NOT_ANCHORED,,,,,
ADDI2-0526,chlorpheniramine,sevelamer,134.0,53.388262581120415,2.509914979840272,8.75,T2_moderate,2,False,False,False,69300,15661,2400.0,R06AB,DB01114,CHEMBL505,214824.0,V03AE,,CHEMBL5314349,26.0,3.470086593376071,7.335721501982244,7.377502700013234,0.0769230769230769,0.2307692307692307,0.4230769230769231,False,False,no_label_signal,,0,,ANTI_DDI_SUPPORTED,DEFAULT_BENCHMARK,not_used_in_paper5,NOT_ANCHORED,,,,,
ADDI2-0527,fluoxetine,sevelamer,134.0,102.71269998020028,1.3046098488875368,8.75,T2_moderate,1,False,False,False,133325,15661,4493.0,N06AB,DB00472,CHEMBL41,214824.0,V03AE,,CHEMBL5314349,15.0,5.520164323245943,8.826564784819134,9.380477588328462,0.1333333333333333,0.2,0.4,False,False,no_label_signal,,0,,ANTI_DDI_SUPPORTED,DEFAULT_BENCHMARK,not_used_in_paper5,NOT_ANCHORED,,,,,
ADDI2-0528,atenolol,zolmitriptan,132.0,48.9263638007091,2.697931948053064,8.85,T2_moderate,1,False,False,False,138293,7192,1202.0,C07AB;C07FB,DB00335,CHEMBL24,135775.0,N02CC,DB00315,CHEMBL1185,19.0,2.4204387141626635,4.859699552234247,7.116727383902557,0.1578947368421052,0.2631578947368421,0.631578947368421,True,False,no_label_signal,,1,biological_process,ANTI_DDI_SUPPORTED,DEFAULT_BENCHMARK,development,NOT_ANCHORED,,,,,
ADDI2-0529,conjugated estrogens,nabumetone,132.0,22.28747263396475,5.922609627743976,8.85,T2_moderate,1,False,False,True,69479,6521,4099.0,G03CA;G03CC,,CHEMBL1201649,31448.0,M01AX,DB00461,CHEMBL1070,29.0,4.868902082246085,9.843708351671753,12.478208420044382,0.0344827586206896,0.1379310344827586,0.2758620689655172,False,False,no_label_signal,"regex false positive: 'conjugated metabolites', not the drug; verified by manual reading",0,,ANTI_DDI_SUPPORTED,DEFAULT_BENCHMARK,not_used_in_paper5,NOT_ANCHORED,,,,,
ADDI2-0530,paroxetine,sevelamer,130.0,78.36441659093173,1.658916197623342,8.95,T2_moderate,1,False,False,False,101720,15661,32937.0,N06AB,DB00715,CHEMBL490,214824.0,V03AE,,CHEMBL5314349,27.0,4.963645043437675,9.08863692253568,9.710882686496728,0.1111111111111111,0.1481481481481481,0.3333333333333333,False,False,no_label_signal,,0,,ANTI_DDI_SUPPORTED,DEFAULT_BENCHMARK,not_used_in_paper5,NOT_ANCHORED,,,,,
ADDI2-0531,dextromethorphan,pemetrexed,129.0,120.83637638152209,1.0675593216458474,9.0,T2_moderate,1,False,False,True,65230,37658,3289.0,N06AX;R05DA,DB00514,CHEMBL52440,68446.0,L01BA,DB00642,CHEMBL225072,17.0,2.700014984081073,6.03902339414146,6.112611502224055,0.1176470588235294,0.3529411764705882,0.5294117647058824,True,False,no_label_signal,,1,pk_inducer,ANTI_DDI_SUPPORTED,DEFAULT_BENCHMARK,confirmatory,NOT_ANCHORED,,,,,
ADDI2-0532,atenolol,atomoxetine,128.0,184.1473500724965,0.6950955305607603,9.05,T2_moderate,1,False,False,False,138293,27069,1202.0,C07AB;C07FB,DB00335,CHEMBL24,38400.0,N06BA,DB00289,CHEMBL641,30.0,2.590675689765958,9.042305632934625,9.88639840726175,0.0333333333333333,0.2333333333333333,0.7,True,False,no_label_signal,,1,pharmacogenetic,ANTI_DDI_SUPPORTED,DEFAULT_BENCHMARK,confirmatory,NOT_ANCHORED,,,,,
ADDI2-0533,fenofibrate,ustekinumab,128.0,178.3878990042342,0.7175374603013953,9.05,T2_moderate,1,False,False,False,36046,100604,8703.0,C10AB;C10BA,DB01039,CHEMBL672,847083.0,L04AC,,CHEMBL1201835,11.0,2.489203926987546,10.654787267121147,10.828085907738464,0.2727272727272727,0.4545454545454545,0.5454545454545454,False,False,no_label_signal,,0,,ANTI_DDI_SUPPORTED,DEFAULT_BENCHMARK,not_used_in_paper5,NOT_ANCHORED,,,,,
ADDI2-0534,hydrocodone,pemetrexed,128.0,416.60299740636026,0.3072469492463758,9.05,T2_moderate,1,False,False,False,224891,37658,5489.0,N02AJ;R05DA,DB00956,CHEMBL1457,68446.0,L01BA,DB00642,CHEMBL225072,27.0,4.5628205785016975,11.25276165168746,13.953995556865369,0.037037037037037,0.1851851851851851,0.4074074074074074,True,False,no_label_signal,,1,pk_inducer,ANTI_DDI_SUPPORTED,DEFAULT_BENCHMARK,development,NOT_ANCHORED,,,,,
ADDI2-0535,solifenacin,liraglutide,128.0,83.26006077651779,1.5373517483198909,9.05,T2_moderate,1,False,False,False,32070,52777,322167.0,G04BD,DB01591,CHEMBL1734,475968.0,A10AE;A10BJ,,CHEMBL4084119,18.0,2.757617622089813,12.1071128886253,13.098624465988651,0.1111111111111111,0.3888888888888889,0.5555555555555556,False,False,no_label_signal,,0,,ANTI_DDI_SUPPORTED,DEFAULT_BENCHMARK,not_used_in_paper5,NOT_ANCHORED,,,,,
ADDI2-0536,venlafaxine,sevelamer,128.0,115.18305793691884,1.1112745423906047,9.05,T2_moderate,1,False,False,False,149512,15661,39786.0,N06AX,DB00285,CHEMBL637,214824.0,V03AE,,CHEMBL5314349,27.0,4.004235042650251,8.603015257766394,11.315694615467786,0.1111111111111111,0.2592592592592592,0.3333333333333333,False,False,no_label_signal,,0,,ANTI_DDI_SUPPORTED,DEFAULT_BENCHMARK,not_used_in_paper5,NOT_ANCHORED,,,,,
ADDI2-0537,atenolol,raltegravir,126.0,123.295525239718,1.0219348979212657,9.15,T2_moderate,1,False,False,False,138293,18124,1202.0,C07AB;C07FB,DB00335,CHEMBL24,719872.0,J05AJ,DB06817,CHEMBL254316,24.0,6.591782534648889,10.720940178660808,12.22257723950034,0.0416666666666666,0.0833333333333333,0.2083333333333333,False,False,no_label_signal,,0,,ANTI_DDI_SUPPORTED,DEFAULT_BENCHMARK,not_used_in_paper5,NOT_ANCHORED,,,,,
ADDI2-0538,cefdinir,conjugated estrogens,126.0,27.1510017795148,4.64071274508427,9.15,T2_moderate,1,False,False,True,7944,69479,25037.0,J01DD,DB00535,CHEMBL927,4099.0,G03CA;G03CC,,CHEMBL1201649,32.0,5.100867825587548,10.764285113046126,12.794794951633191,0.03125,0.125,0.3125,False,False,no_label_signal,,0,,ANTI_DDI_SUPPORTED,DEFAULT_BENCHMARK,not_used_in_paper5,NOT_ANCHORED,,,,,
ADDI2-0539,levetiracetam,cinacalcet,126.0,326.7417010784081,0.3856257085769527,9.15,T2_moderate,1,False,False,False,133748,49662,114477.0,N03AX,DB01202,CHEMBL1286,407990.0,H05BX,DB01012,CHEMBL1201284,17.0,3.6650197514580567,18.664856600281198,21.964977809260965,0.0588235294117647,0.1176470588235294,0.2941176470588235,True,False,no_label_signal,,0,,ANTI_DDI_SUPPORTED,DEFAULT_BENCHMARK,development,NOT_ANCHORED,,,,,
ADDI2-0540,sumatriptan,liraglutide,124.0,131.33904629321043,0.9441213675571678,9.3,T2_moderate,1,False,False,False,50589,52777,37418.0,N02CC,DB00669,CHEMBL128,475968.0,A10AE;A10BJ,,CHEMBL4084119,22.0,3.536149435723376,8.8184784512919,9.11071554057244,0.0909090909090909,0.3181818181818182,0.4090909090909091,False,False,no_label_signal,,0,,ANTI_DDI_SUPPORTED,DEFAULT_BENCHMARK,not_used_in_paper5,NOT_ANCHORED,,,,,
ADDI2-0541,citalopram,pemetrexed,124.0,263.06318106409327,0.4713696515735069,9.3,T2_moderate,1,False,False,False,142007,37658,2556.0,N06AB,DB00215,CHEMBL549,68446.0,L01BA,DB00642,CHEMBL225072,24.0,3.431188208616359,8.096271220680265,12.307817864838215,0.0,0.0833333333333333,0.4166666666666667,True,False,no_label_signal,,1,pk_inducer,ANTI_DDI_SUPPORTED,DEFAULT_BENCHMARK,confirmatory,NOT_ANCHORED,,,,,
ADDI2-0542,phenytoin,dalteparin,124.0,29.27367033842756,4.235888379094888,9.3,T2_moderate,1,False,False,False,42053,14151,8183.0,N03AB,DB00252,CHEMBL16,67109.0,B01AB,,CHEMBL1201460,25.0,4.5106672508255805,17.882806563006135,21.526101370499013,0.04,0.16,0.4,False,False,no_label_signal,,0,,ANTI_DDI_SUPPORTED,DEFAULT_BENCHMARK,not_used_in_paper5,NOT_ANCHORED,,,,,
ADDI2-0543,sitagliptin,dalteparin,123.0,67.68731384270663,1.8171795129266068,9.35,T2_moderate,1,False,False,False,97236,14151,593411.0,A10BD;A10BH,DB01261,CHEMBL1422,67109.0,B01AB,,CHEMBL1201460,,,,,,,,False,False,no_label_signal,,0,,ANTI_DDI_SUPPORTED,DEFAULT_BENCHMARK,not_used_in_paper5,NOT_ANCHORED,,,,,
ADDI2-0544,penicillin v potassium,liraglutide,122.0,7.066850185022807,17.2637026123126,9.4,T2_moderate,1,False,False,True,2722,52777,,J01CA;J01CE,DB00417,CHEMBL615,475968.0,A10AE;A10BJ,,CHEMBL4084119,,,,,,,,False,False,no_label_signal,,0,,ANTI_DDI_SUPPORTED,DEFAULT_BENCHMARK,not_used_in_paper5,NOT_ANCHORED,,,,,
ADDI2-0545,triamcinolone,sevelamer,122.0,45.22517412066512,2.697612610058554,9.4,T2_moderate,1,False,False,False,58704,15661,10759.0,A01AC;C05AA;D07AB;D07XB;H02AB;R01AD;R03BA;S01BA,DB00620,CHEMBL1451,214824.0,V03AE,,CHEMBL5314349,20.0,3.963701388197616,8.519903806451275,8.85113005887321,0.2,0.25,0.45,False,False,no_label_signal,,0,,ANTI_DDI_SUPPORTED,DEFAULT_BENCHMARK,not_used_in_paper5,NOT_ANCHORED,,,,,
ADDI2-0546,triamterene,liraglutide,122.0,55.07054596792938,2.215340303164006,9.4,T2_moderate,1,False,False,False,21212,52777,10763.0,C03DB,DB00384,CHEMBL585,475968.0,A10AE;A10BJ,,CHEMBL4084119,17.0,2.556084782750674,6.984525640368253,9.877045002911572,0.1764705882352941,0.2352941176470588,0.6470588235294118,False,False,no_label_signal,,0,,ANTI_DDI_SUPPORTED,DEFAULT_BENCHMARK,not_used_in_paper5,NOT_ANCHORED,,,,,
ADDI2-0547,colchicine,liraglutide,121.0,70.82167751551695,1.7085164351478264,9.45,T2_moderate,1,False,False,False,27279,52777,2683.0,M04AC,DB01394,CHEMBL107,475968.0,A10AE;A10BJ,,CHEMBL4084119,20.0,4.463602188703073,12.766400038481288,19.74035515942439,0.05,0.15,0.3,False,False,no_label_signal,,0,,ANTI_DDI_SUPPORTED,DEFAULT_BENCHMARK,not_used_in_paper5,NOT_ANCHORED,,,,,
ADDI2-0548,sumatriptan,ustekinumab,120.0,250.35969102605569,0.4793103854226727,9.5,T2_moderate,1,False,False,False,50589,100604,37418.0,N02CC,DB00669,CHEMBL128,847083.0,L04AC,,CHEMBL1201835,15.0,2.3129965838368896,7.151040738076504,9.469064653790443,0.2666666666666666,0.4,0.6666666666666666,False,False,no_label_signal,,0,,ANTI_DDI_SUPPORTED,DEFAULT_BENCHMARK,not_used_in_paper5,NOT_ANCHORED,,,,,
ADDI2-0549,dextromethorphan,nabumetone,120.0,20.924478474265904,5.734909959528154,9.5,T2_moderate,1,False,False,True,65230,6521,3289.0,N06AX;R05DA,DB00514,CHEMBL52440,31448.0,M01AX,DB00461,CHEMBL1070,33.0,3.917979577891692,9.065075400059094,10.247984860833132,0.0303030303030303,0.1515151515151515,0.303030303030303,True,False,no_label_signal,,1,pk_inhibitor,ANTI_DDI_SUPPORTED,DEFAULT_BENCHMARK,confirmatory,NOT_ANCHORED,,,,,
ADDI2-0550,levetiracetam,niacin,118.0,89.4523009114018,1.3191387901455247,9.65,T2_moderate,1,False,False,False,133748,13596,114477.0,N03AX,DB01202,CHEMBL1286,7393.0,C04AC;C10AD;C10BA,DB00627,CHEMBL573,13.0,2.0128607824268645,5.842368616645325,6.221774150347695,0.1538461538461538,0.4615384615384615,0.6153846153846154,True,False,no_label_signal,,1,transporter_inhibitor,ANTI_DDI_SUPPORTED,DEFAULT_BENCHMARK,confirmatory,NOT_ANCHORED,,,,,
ADDI2-0551,olanzapine,sevelamer,116.0,84.86191452179997,1.366926502349897,9.75,T2_moderate,1,False,False,False,110154,15661,61381.0,N05AH,DB00334,CHEMBL715,214824.0,V03AE,,CHEMBL5314349,19.0,3.3486445173533226,7.3129105408024415,8.928112055753566,0.0526315789473684,0.0526315789473684,0.4210526315789473,False,False,no_label_signal,,0,,ANTI_DDI_SUPPORTED,DEFAULT_BENCHMARK,not_used_in_paper5,NOT_ANCHORED,,,,,
ADDI2-0552,ropinirole,liraglutide,115.0,53.8581216342021,2.135239709640566,9.85,T2_moderate,1,False,False,False,20745,52777,72302.0,N04BC,DB00268,CHEMBL589,475968.0,A10AE;A10BJ,,CHEMBL4084119,19.0,2.3427913601656805,7.585809663808711,8.071285499548909,0.0526315789473684,0.2105263157894736,0.5789473684210527,False,False,no_label_signal,,0,,ANTI_DDI_SUPPORTED,DEFAULT_BENCHMARK,not_used_in_paper5,NOT_ANCHORED,,,,,
ADDI2-0553,tizanidine,ustekinumab,114.0,233.39487612879896,0.488442599472874,9.9,T2_moderate,1,False,False,False,47161,100604,57258.0,M03BX,DB00697,CHEMBL1079,847083.0,L04AC,,CHEMBL1201835,19.0,2.2097730497343067,8.900973975137648,10.125090094029938,0.1052631578947368,0.4736842105263157,0.7368421052631579,False,False,no_label_signal,,0,,ANTI_DDI_SUPPORTED,DEFAULT_BENCHMARK,not_used_in_paper5,NOT_ANCHORED,,,,,
ADDI2-0554,dextromethorphan,alfuzosin,114.0,40.94728873027253,2.7840671149423195,9.9,T2_moderate,1,False,False,True,65230,12761,3289.0,N06AX;R05DA,DB00514,CHEMBL52440,17300.0,G04CA,DB00346,CHEMBL709,18.0,3.62477717374792,6.813815279142329,8.390657105317063,0.0555555555555555,0.1111111111111111,0.3888888888888889,True,False,no_label_signal,,2,pk_inhibitor;biological_process,ANTI_DDI_SUPPORTED,DEFAULT_BENCHMARK,confirmatory,NOT_ANCHORED,,,,,
ADDI2-0555,levetiracetam,atomoxetine,114.0,178.09534667334037,0.6401065616222807,9.9,T2_moderate,1,False,False,False,133748,27069,114477.0,N03AX,DB01202,CHEMBL1286,38400.0,N06BA,DB00289,CHEMBL641,10.0,3.4206460666069427,9.981095941816056,12.805024460318275,0.1,0.3,0.4,True,False,no_label_signal,,0,,ANTI_DDI_SUPPORTED,DEFAULT_BENCHMARK,confirmatory,NOT_ANCHORED,,,,,
ADDI2-0556,baclofen,ustekinumab,112.0,454.92230006284257,0.246195888802392,10.05,T2_moderate,1,False,False,False,91924,100604,1292.0,M03BX,DB00181,CHEMBL701,847083.0,L04AC,,CHEMBL1201835,18.0,2.292367617258256,7.26230126510726,8.465678159568638,0.2222222222222222,0.2777777777777778,0.6666666666666666,False,False,no_label_signal,,0,,ANTI_DDI_SUPPORTED,DEFAULT_BENCHMARK,not_used_in_paper5,NOT_ANCHORED,,,,,
ADDI2-0557,tizanidine,sevelamer,109.0,36.332523110941125,3.0000669005884677,10.25,T2_moderate,1,False,False,False,47161,15661,57258.0,M03BX,DB00697,CHEMBL1079,214824.0,V03AE,,CHEMBL5314349,19.0,4.098328543158078,10.8469162130443,13.283642708715572,0.0,0.1578947368421052,0.4210526315789473,False,False,no_label_signal,,0,,ANTI_DDI_SUPPORTED,DEFAULT_BENCHMARK,not_used_in_paper5,NOT_ANCHORED,,,,,
ADDI2-0558,alprazolam,dalteparin,109.0,145.58661598267463,0.7486951960815644,10.25,T2_moderate,1,False,False,False,209142,14151,596.0,N05BA,DB00404,CHEMBL661,67109.0,B01AB,,CHEMBL1201460,29.0,4.482259650729517,12.474868989586431,13.246978271996518,0.0,0.1034482758620689,0.2758620689655172,False,False,no_label_signal,,0,,ANTI_DDI_SUPPORTED,DEFAULT_BENCHMARK,not_used_in_paper5,NOT_ANCHORED,,,,,
ADDI2-0559,dextromethorphan,sevelamer,109.0,50.25276144540382,2.169035031406603,10.25,T2_moderate,2,False,False,True,65230,15661,3289.0,N06AX;R05DA,DB00514,CHEMBL52440,214824.0,V03AE,,CHEMBL5314349,13.0,7.003228982734581,9.103561540989292,9.57121633848644,0.0,0.0,0.2307692307692307,False,False,no_label_signal,,0,,ANTI_DDI_SUPPORTED,DEFAULT_BENCHMARK,not_used_in_paper5,NOT_ANCHORED,,,,,
ADDI2-0560,tetracycline,atenolol,109.0,44.851434446339695,2.430245572868081,10.25,T2_moderate,1,False,False,False,6593,138293,10395.0,A01AB;A02BD;D06AA;J01AA;J01RA;S01AA;S02AA;S03AA,DB00759,CHEMBL1440,1202.0,C07AB;C07FB,DB00335,CHEMBL24,21.0,3.174522346587813,9.051257512914844,11.422971335203396,0.0476190476190476,0.1428571428571428,0.4761904761904761,True,False,no_label_signal,,1,transporter_inhibitor,ANTI_DDI_SUPPORTED,DEFAULT_BENCHMARK,confirmatory,NOT_ANCHORED,,,,,
ADDI2-0561,valganciclovir,chlorpheniramine,109.0,67.22196218869252,1.6214938756776578,10.25,T2_moderate,1,False,False,False,19719,69300,275891.0,J05AB,DB01610,CHEMBL1201314,2400.0,R06AB,DB01114,CHEMBL505,22.0,3.963540185104212,9.501179485586867,10.719735912622973,0.0454545454545454,0.1363636363636363,0.3181818181818182,True,False,no_label_signal,,1,transporter_inhibitor,ANTI_DDI_SUPPORTED,DEFAULT_BENCHMARK,confirmatory,NOT_ANCHORED,,,,,
ADDI2-0562,risperidone,dalteparin,108.0,92.77107569025374,1.1641559526656018,10.35,T2_moderate,1,False,False,False,133270,14151,35636.0,N05AX,DB00734,CHEMBL85,67109.0,B01AB,,CHEMBL1201460,14.0,6.89495077113409,12.92226505743978,13.217643841321191,0.0,0.0714285714285714,0.2857142857142857,False,False,no_label_signal,,0,,ANTI_DDI_SUPPORTED,DEFAULT_BENCHMARK,not_used_in_paper5,NOT_ANCHORED,,,,,
ADDI2-0563,nortriptyline,liraglutide,107.0,63.51338094283539,1.6846843674768994,10.4,T2_moderate,1,False,False,False,24464,52777,7531.0,N06AA,DB00540,CHEMBL445,475968.0,A10AE;A10BJ,,CHEMBL4084119,21.0,2.630566900928576,12.066260920691542,13.069167626613666,0.238095238095238,0.3809523809523809,0.5238095238095238,False,False,no_label_signal,,0,,ANTI_DDI_SUPPORTED,DEFAULT_BENCHMARK,not_used_in_paper5,NOT_ANCHORED,,,,,
ADDI2-0564,ustekinumab,glimepiride,105.0,196.99079842045003,0.533019820427814,10.55,T2_moderate,1,False,False,False,100604,39805,847083.0,L04AC,,CHEMBL1201835,25789.0,A10BB;A10BD,DB00222,CHEMBL1481,28.0,3.986429165472324,10.402628245978995,11.071802268672288,0.0714285714285714,0.1071428571428571,0.3571428571428571,False,False,no_label_signal,,0,,ANTI_DDI_SUPPORTED,DEFAULT_BENCHMARK,not_used_in_paper5,NOT_ANCHORED,,,,,
ADDI2-0565,sevelamer,lovastatin,104.0,19.95935219266476,5.210589952825269,10.65,T2_moderate,1,False,False,False,15661,25908,214824.0,V03AE,,CHEMBL5314349,6472.0,C10AA;C10BA,DB00227,CHEMBL503,18.0,5.54911307004604,11.766813003533242,12.10973690914206,0.0,0.1111111111111111,0.2777777777777778,False,False,no_label_signal,,0,,ANTI_DDI_SUPPORTED,DEFAULT_BENCHMARK,not_used_in_paper5,NOT_ANCHORED,,,,,
ADDI2-0566,chlorpheniramine,zolmitriptan,102.0,24.517488313863613,4.160295650771179,10.8,T2_moderate,1,False,False,False,69300,7192,2400.0,R06AB,DB01114,CHEMBL505,135775.0,N02CC,DB00315,CHEMBL1185,21.0,3.229782585938004,8.119544390302558,9.028058942853026,0.1428571428571428,0.1904761904761904,0.4761904761904761,True,False,no_label_signal,,1,pk_inhibitor,ANTI_DDI_SUPPORTED,DEFAULT_BENCHMARK,confirmatory,NOT_ANCHORED,,,,,
ADDI2-0567,conjugated estrogens,zolmitriptan,102.0,24.580816313981675,4.149577406100299,10.8,T2_moderate,1,False,False,True,69479,7192,4099.0,G03CA;G03CC,,CHEMBL1201649,135775.0,N02CC,DB00315,CHEMBL1185,17.0,3.8109379618581993,8.195075035793744,8.497197617758491,0.0,0.1764705882352941,0.3529411764705882,False,False,no_label_signal,,0,,ANTI_DDI_SUPPORTED,DEFAULT_BENCHMARK,not_used_in_paper5,NOT_ANCHORED,,,,,
ADDI2-0568,levetiracetam,eletriptan,102.0,55.52279842536922,1.8370831963216507,10.8,T2_moderate,1,False,False,False,133748,8439,114477.0,N03AX,DB01202,CHEMBL1286,231049.0,N02CC,DB00216,CHEMBL1510,14.0,2.65713860950735,5.498625983083624,7.45790770095476,0.1428571428571428,0.2857142857142857,0.5714285714285714,True,False,no_label_signal,,0,,ANTI_DDI_SUPPORTED,DEFAULT_BENCHMARK,confirmatory,NOT_ANCHORED,,,,,
ADDI2-0569,sildenafil,dalteparin,102.0,89.73601986366482,1.13666730656171,10.8,T2_moderate,1,False,False,False,128910,14151,136411.0,G04BE,DB00203,CHEMBL192,67109.0,B01AB,,CHEMBL1201460,14.0,4.086085386371823,11.685910569479418,12.16820966312587,0.0,0.1428571428571428,0.3571428571428571,False,False,no_label_signal,,0,,ANTI_DDI_SUPPORTED,DEFAULT_BENCHMARK,not_used_in_paper5,NOT_ANCHORED,,,,,
ADDI2-0570,nitrofurantoin,liraglutide,100.0,69.50280907540248,1.4387907673128952,11.0,T2_moderate,1,False,False,False,26771,52777,7454.0,J01XE,DB00698,CHEMBL572,475968.0,A10AE;A10BJ,,CHEMBL4084119,17.0,3.2081596573346167,9.948799702228584,11.201984208593718,0.0588235294117647,0.2352941176470588,0.3529411764705882,False,False,no_label_signal,,0,,ANTI_DDI_SUPPORTED,DEFAULT_BENCHMARK,not_used_in_paper5,NOT_ANCHORED,,,,,
ADDI2-0571,lamotrigine,dalteparin,98.0,92.73975057277748,1.0567205474969932,11.15,T3_limited,1,False,False,False,133225,14151,28439.0,N03AX,DB00555,CHEMBL741,67109.0,B01AB,,CHEMBL1201460,,,,,,,,False,False,no_label_signal,,0,,ANTI_DDI_CANDIDATE_LIMITED,SENSITIVITY_ONLY,not_used_in_paper5,NOT_ANCHORED,,,,,
ADDI2-0572,ustekinumab,ketoconazole,98.0,87.37275583753411,1.1216310972521777,11.15,T3_limited,1,False,False,False,100604,17655,847083.0,L04AC,,CHEMBL1201835,6135.0,D01AC;G01AF;H02CA;J02AB,DB01026,CHEMBL157101,15.0,4.38772493748582,11.243665772579249,11.77790617015645,0.0,0.0666666666666666,0.2666666666666666,False,False,no_label_signal,,0,,ANTI_DDI_CANDIDATE_LIMITED,SENSITIVITY_ONLY,not_used_in_paper5,NOT_ANCHORED,,,,,
ADDI2-0573,sevelamer,pioglitazone,97.0,37.85096850123533,2.5626821146421723,11.25,T3_limited,1,False,False,False,15661,49132,214824.0,V03AE,,CHEMBL5314349,33738.0,A10BD;A10BG,DB01132,CHEMBL595,,,,,,,,False,False,no_label_signal,,0,,ANTI_DDI_CANDIDATE_LIMITED,SENSITIVITY_ONLY,not_used_in_paper5,NOT_ANCHORED,,,,,
ADDI2-0574,baclofen,dalteparin,96.0,63.98955775306435,1.5002447801009022,11.35,T3_limited,1,False,False,False,91924,14151,1292.0,M03BX,DB00181,CHEMBL701,67109.0,B01AB,,CHEMBL1201460,23.0,3.3537916506937124,6.633786165602475,9.32832737641176,0.0,0.0434782608695652,0.3478260869565217,False,False,no_label_signal,,0,,ANTI_DDI_CANDIDATE_LIMITED,SENSITIVITY_ONLY,not_used_in_paper5,NOT_ANCHORED,,,,,
ADDI2-0575,buprenorphine,dalteparin,96.0,92.39447816681692,1.0390231310866151,11.35,T3_limited,1,False,False,False,132729,14151,1819.0,N02AE;N07BC,,CHEMBL511142,67109.0,B01AB,,CHEMBL1201460,25.0,5.763371366429123,11.92420874434718,13.812568201735033,0.04,0.08,0.16,False,False,no_label_signal,,0,,ANTI_DDI_CANDIDATE_LIMITED,SENSITIVITY_ONLY,not_used_in_paper5,NOT_ANCHORED,,,,,
ADDI2-0576,conjugated estrogens,cefuroxime,96.0,55.88102707641829,1.717935496581305,11.35,T3_limited,1,False,False,True,69479,16350,4099.0,G03CA;G03CC,,CHEMBL1201649,2194.0,J01DC;S01AA,DB01112,CHEMBL1436,18.0,3.498144314218224,12.63885799652448,15.3578382050704,0.0,0.0555555555555555,0.3888888888888889,False,False,no_label_signal,,0,,ANTI_DDI_CANDIDATE_LIMITED,SENSITIVITY_ONLY,not_used_in_paper5,NOT_ANCHORED,,,,,
ADDI2-0577,ropinirole,sevelamer,94.0,15.981811071361372,5.881686348329034,11.55,T3_limited,1,False,False,False,20745,15661,72302.0,N04BC,DB00268,CHEMBL589,214824.0,V03AE,,CHEMBL5314349,12.0,5.630429822242917,10.743227327986336,13.406618997755611,0.0833333333333333,0.1666666666666666,0.1666666666666666,False,False,no_label_signal,,0,,ANTI_DDI_CANDIDATE_LIMITED,SENSITIVITY_ONLY,not_used_in_paper5,NOT_ANCHORED,,,,,
ADDI2-0578,doxazosin,ustekinumab,93.0,190.10193542833176,0.4892112212874386,11.65,T3_limited,1,False,False,False,38413,100604,49276.0,C02CA,DB00590,CHEMBL707,847083.0,L04AC,,CHEMBL1201835,,,,,,,,False,False,no_label_signal,,0,,ANTI_DDI_CANDIDATE_LIMITED,SENSITIVITY_ONLY,not_used_in_paper5,NOT_ANCHORED,,,,,
ADDI2-0579,levetiracetam,zolmitriptan,93.0,47.31839865804662,1.9654088607705893,11.65,T3_limited,1,False,False,False,133748,7192,114477.0,N03AX,DB01202,CHEMBL1286,135775.0,N02CC,DB00315,CHEMBL1185,19.0,2.9508285657869333,13.583768813969051,14.850885267521532,0.1052631578947368,0.3157894736842105,0.5263157894736842,True,False,no_label_signal,,0,,ANTI_DDI_CANDIDATE_LIMITED,SENSITIVITY_ONLY,not_used_in_paper5,NOT_ANCHORED,,,,,
ADDI2-0580,ustekinumab,clarithromycin,93.0,183.1883279570752,0.5076742663527767,11.65,T3_limited,1,False,False,False,100604,37016,847083.0,L04AC,,CHEMBL1201835,21212.0,J01FA,DB01211,CHEMBL1741,,,,,,,,False,False,no_label_signal,,0,,ANTI_DDI_CANDIDATE_LIMITED,SENSITIVITY_ONLY,not_used_in_paper5,NOT_ANCHORED,,,,,
ADDI2-0581,isosorbide,ustekinumab,88.0,213.1786366727624,0.4127993375578411,12.2,T3_limited,1,False,False,True,43076,100604,6057.0,C01DA,DB01020,CHEMBL1311,847083.0,L04AC,,CHEMBL1201835,97.0,4.891138134043423,10.557415913141991,13.878493751651671,0.0206185567010309,0.0412371134020618,0.1443298969072164,False,False,no_label_signal,,0,,ANTI_DDI_CANDIDATE_LIMITED,SENSITIVITY_ONLY,not_used_in_paper5,NOT_ANCHORED,,,,,
ADDI2-0582,fenofibrate,sevelamer,87.0,27.769600476177008,3.132922278613104,12.3,T3_limited,1,False,False,False,36046,15661,8703.0,C10AB;C10BA,DB01039,CHEMBL672,214824.0,V03AE,,CHEMBL5314349,,,,,,,,False,False,no_label_signal,,0,,ANTI_DDI_CANDIDATE_LIMITED,SENSITIVITY_ONLY,not_used_in_paper5,NOT_ANCHORED,,,,,
ADDI2-0583,conjugated estrogens,moxifloxacin,86.0,75.26336986237354,1.1426541245397257,12.4,T3_limited,1,False,False,True,69479,22021,4099.0,G03CA;G03CC,,CHEMBL1201649,139462.0,J01MA;S01AE,DB00218,CHEMBL32,32.0,5.170059516841335,14.535049633527926,23.650618637621168,0.0625,0.0625,0.25,False,False,no_label_signal,,0,,ANTI_DDI_CANDIDATE_LIMITED,SENSITIVITY_ONLY,not_used_in_paper5,NOT_ANCHORED,,,,,
ADDI2-0584,glipizide,ustekinumab,86.0,314.77946801485103,0.2732071457594006,12.4,T3_limited,1,False,False,False,63606,100604,4821.0,A10BB,DB01067,CHEMBL1073,847083.0,L04AC,,CHEMBL1201835,,,,,,,,False,False,no_label_signal,,0,,ANTI_DDI_CANDIDATE_LIMITED,SENSITIVITY_ONLY,not_used_in_paper5,NOT_ANCHORED,,,,,
ADDI2-0585,nitrofurantoin,dalteparin,86.0,18.63566044348903,4.614808273674405,12.4,T3_limited,1,False,False,False,26771,14151,7454.0,J01XE,DB00698,CHEMBL572,67109.0,B01AB,,CHEMBL1201460,15.0,3.3912626941757185,8.214078064218201,9.447088933775216,0.0,0.1333333333333333,0.4,False,False,no_label_signal,,0,,ANTI_DDI_CANDIDATE_LIMITED,SENSITIVITY_ONLY,not_used_in_paper5,NOT_ANCHORED,,,,,
ADDI2-0586,raloxifene,levetiracetam,86.0,110.88111409678248,0.7756054825074626,12.4,T3_limited,1,False,False,False,16853,133748,72143.0,G03XC,DB00481,CHEMBL81,114477.0,N03AX,DB01202,CHEMBL1286,12.0,3.824846824497443,6.325457934194228,6.442983016418557,0.1666666666666666,0.25,0.3333333333333333,True,False,no_label_signal,,0,,ANTI_DDI_CANDIDATE_LIMITED,SENSITIVITY_ONLY,not_used_in_paper5,NOT_ANCHORED,,,,,
ADDI2-0587,levofloxacin,ustekinumab,85.0,326.6568180012618,0.2602119267557172,12.55,T3_limited,1,False,False,False,66006,100604,82122.0,J01MA;S01AE,,CHEMBL5315124,847083.0,L04AC,,CHEMBL1201835,,,,,,,,False,False,no_label_signal,,0,,ANTI_DDI_CANDIDATE_LIMITED,SENSITIVITY_ONLY,not_used_in_paper5,NOT_ANCHORED,,,,,
ADDI2-0588,tetracycline,heparin,85.0,23.891813912190106,3.5577039195266464,12.55,EXCLUDED_label,1,False,False,False,6593,73667,10395.0,A01AB;A02BD;D06AA;J01AA;J01RA;S01AA;S02AA;S03AA,DB00759,CHEMBL1440,5224.0,B01AB;C05BA;S01XA,,CHEMBL4650299,16.0,5.651925900724692,14.43414176833509,14.77505589382361,0.0,0.0625,0.1875,False,False,label_explicit_INTERACTION,"heparin sodium. to reduce the risk of bleeding, a reduction in the dose of antiplatelet agent or heparin is recommended. 7.3 other interactions digitalis, tetracyclines, nicotine or antihistamines may",0,,POSITIVE_CONCERN_EXCLUDED,EXCLUDE_POSITIVE_CONCERN,not_used_in_paper5,NOT_ANCHORED,,,,,
ADDI2-0589,baclofen,sevelamer,84.0,70.81764285002761,1.186145099151196,12.65,T3_limited,1,False,False,False,91924,15661,1292.0,M03BX,DB00181,CHEMBL701,214824.0,V03AE,,CHEMBL5314349,15.0,6.7345011656500615,10.912118554533334,11.4214662465335,0.0,0.0,0.2,False,False,no_label_signal,,0,,ANTI_DDI_CANDIDATE_LIMITED,SENSITIVITY_ONLY,not_used_in_paper5,NOT_ANCHORED,,,,,
ADDI2-0590,cephalexin,ustekinumab,84.0,124.20738748289048,0.6762882764245483,12.65,T3_limited,1,False,False,False,25098,100604,2231.0,J01DB,,CHEMBL1200544,847083.0,L04AC,,CHEMBL1201835,,,,,,,,False,False,no_label_signal,,0,,ANTI_DDI_CANDIDATE_LIMITED,SENSITIVITY_ONLY,not_used_in_paper5,NOT_ANCHORED,,,,,
ADDI2-0591,dicyclomine,sevelamer,83.0,12.877896065021774,6.445152187975797,12.8,T3_limited,1,False,False,False,16716,15661,3361.0,A03AA,DB00804,CHEMBL1123,214824.0,V03AE,,CHEMBL5314349,11.0,9.965441025214531,12.121020292135544,13.04274770357792,0.0,0.1818181818181818,0.1818181818181818,False,False,no_label_signal,,0,,ANTI_DDI_CANDIDATE_LIMITED,SENSITIVITY_ONLY,not_used_in_paper5,NOT_ANCHORED,,,,,
ADDI2-0592,metoclopramide,ustekinumab,81.0,395.4266744225801,0.2048420231596158,13.05,T3_limited,1,False,False,False,79902,100604,6915.0,A03FA,DB01233,CHEMBL86,847083.0,L04AC,,CHEMBL1201835,,,,,,,,False,False,no_label_signal,,0,,ANTI_DDI_CANDIDATE_LIMITED,SENSITIVITY_ONLY,not_used_in_paper5,NOT_ANCHORED,,,,,
ADDI2-0593,nortriptyline,ustekinumab,81.0,121.06978752814696,0.6690356170086503,13.05,T3_limited,1,False,False,False,24464,100604,7531.0,N06AA,DB00540,CHEMBL445,847083.0,L04AC,,CHEMBL1201835,19.0,3.064099554452114,6.23834687518442,8.66551026502624,0.0,0.1052631578947368,0.4736842105263157,False,False,no_label_signal,,0,,ANTI_DDI_CANDIDATE_LIMITED,SENSITIVITY_ONLY,not_used_in_paper5,NOT_ANCHORED,,,,,
ADDI2-0594,ustekinumab,acyclovir,81.0,616.5334422112716,0.1313797345841998,13.05,T3_limited,1,False,False,False,100604,124580,847083.0,L04AC,,CHEMBL1201835,281.0,D06BB;J05AB;S01AD,DB00787,CHEMBL184,10.0,2.4394640336834783,6.61725787566332,7.288791007182739,0.2,0.2,0.6,False,False,no_label_signal,,0,,ANTI_DDI_CANDIDATE_LIMITED,SENSITIVITY_ONLY,not_used_in_paper5,NOT_ANCHORED,,,,,
ADDI2-0595,methocarbamol,sevelamer,80.0,17.42398751511112,4.591371517605785,13.2,T3_limited,1,False,False,False,22617,15661,6845.0,M03BA,DB00423,CHEMBL1201117,214824.0,V03AE,,CHEMBL5314349,11.0,8.153888566060953,13.69920332618683,15.830986581659037,0.0,0.0909090909090909,0.0909090909090909,False,False,no_label_signal,,0,,ANTI_DDI_CANDIDATE_LIMITED,SENSITIVITY_ONLY,not_used_in_paper5,NOT_ANCHORED,,,,,
ADDI2-0596,risperidone,ustekinumab,80.0,659.5393469537338,0.1212967814119086,13.2,T3_limited,1,False,False,False,133270,100604,35636.0,N05AX,DB00734,CHEMBL85,847083.0,L04AC,,CHEMBL1201835,,,,,,,,False,False,no_label_signal,,0,,ANTI_DDI_CANDIDATE_LIMITED,SENSITIVITY_ONLY,not_used_in_paper5,NOT_ANCHORED,,,,,
ADDI2-0597,ustekinumab,finasteride,76.0,298.42336730439786,0.2546717460046567,13.75,T3_limited,1,False,False,False,100604,60301,847083.0,L04AC,,CHEMBL1201835,25025.0,D11AX;G04CB,DB01216,CHEMBL710,10.0,3.892034705003185,8.66793697224711,9.675828708645987,0.2,0.2,0.3,False,False,no_label_signal,,0,,ANTI_DDI_CANDIDATE_LIMITED,SENSITIVITY_ONLY,not_used_in_paper5,NOT_ANCHORED,,,,,
ADDI2-0598,memantine,heparin,75.0,62.3259984037248,1.2033501575727306,13.95,T3_limited,1,False,False,False,17199,73667,6719.0,N06DA;N06DX,DB01043,CHEMBL807,5224.0,B01AB;C05BA;S01XA,,CHEMBL4650299,10.0,4.4509323425289455,8.654817562550758,9.386166729702897,0.0,0.0,0.1,False,False,no_label_signal,,0,,ANTI_DDI_CANDIDATE_LIMITED,SENSITIVITY_ONLY,not_used_in_paper5,NOT_ANCHORED,,,,,
ADDI2-0599,terazosin,sevelamer,75.0,9.847938825028317,7.615806853855466,13.95,T3_limited,1,False,False,False,12783,15661,37798.0,G04CA,DB01162,CHEMBL611,214824.0,V03AE,,CHEMBL5314349,16.0,5.4872849321918125,10.716681151463728,10.964893548339308,0.0,0.0,0.1875,False,False,no_label_signal,,0,,ANTI_DDI_CANDIDATE_LIMITED,SENSITIVITY_ONLY,not_used_in_paper5,NOT_ANCHORED,,,,,
ADDI2-0600,meloxicam,sevelamer,74.0,44.85461489553498,1.649774503077191,14.1,T3_limited,1,False,False,False,58223,15661,41493.0,M01AC;N01BB,DB00814,CHEMBL599,214824.0,V03AE,,CHEMBL5314349,,,,,,,,False,False,no_label_signal,,0,,ANTI_DDI_CANDIDATE_LIMITED,SENSITIVITY_ONLY,not_used_in_paper5,NOT_ANCHORED,,,,,
ADDI2-0601,cinacalcet,dalteparin,73.0,34.57039964680259,2.11163309495474,14.25,T3_limited,1,False,False,False,49662,14151,407990.0,H05BX,DB01012,CHEMBL1201284,67109.0,B01AB,,CHEMBL1201460,,,,,,,,False,False,no_label_signal,,0,,ANTI_DDI_CANDIDATE_LIMITED,SENSITIVITY_ONLY,not_used_in_paper5,NOT_ANCHORED,,,,,
ADDI2-0602,ustekinumab,tadalafil,72.0,498.88829059587306,0.1443208857718489,14.4,T3_limited,1,False,False,False,100604,100808,847083.0,L04AC,,CHEMBL1201835,358263.0,C02KX;G04BE;G04CB,DB00820,CHEMBL779,,,,,,,,False,False,no_label_signal,,0,,ANTI_DDI_CANDIDATE_LIMITED,SENSITIVITY_ONLY,not_used_in_paper5,NOT_ANCHORED,,,,,
ADDI2-0603,colchicine,dalteparin,70.0,18.989286214109946,3.6862891638331656,14.8,T3_limited,1,False,False,False,27279,14151,2683.0,M04AC,DB01394,CHEMBL107,67109.0,B01AB,,CHEMBL1201460,46.0,6.900771107664502,10.03172666914919,12.301567471896789,0.0,0.0217391304347826,0.0652173913043478,False,False,no_label_signal,,0,,ANTI_DDI_CANDIDATE_LIMITED,SENSITIVITY_ONLY,not_used_in_paper5,NOT_ANCHORED,,,,,
ADDI2-0604,cefdinir,liraglutide,70.0,20.62419466194753,3.3940719212252595,14.8,T3_limited,1,False,False,False,7944,52777,25037.0,J01DD,DB00535,CHEMBL927,475968.0,A10AE;A10BJ,,CHEMBL4084119,,,,,,,,False,False,no_label_signal,,0,,ANTI_DDI_CANDIDATE_LIMITED,SENSITIVITY_ONLY,not_used_in_paper5,NOT_ANCHORED,,,,,
ADDI2-0605,sevelamer,clarithromycin,70.0,28.516882073632804,2.454686308946909,14.8,T3_limited,1,False,False,False,15661,37016,214824.0,V03AE,,CHEMBL5314349,21212.0,J01FA,DB01211,CHEMBL1741,,,,,,,,False,False,no_label_signal,,0,,ANTI_DDI_CANDIDATE_LIMITED,SENSITIVITY_ONLY,not_used_in_paper5,NOT_ANCHORED,,,,,
ADDI2-0606,chlorpheniramine,raltegravir,69.0,61.78461599005341,1.11678285758235,14.95,T3_limited,1,False,False,False,69300,18124,2400.0,R06AB,DB01114,CHEMBL505,719872.0,J05AJ,DB06817,CHEMBL254316,24.0,8.33844872664228,13.785720416408369,16.464311676357386,0.0,0.0,0.0,False,False,no_label_signal,,0,,ANTI_DDI_CANDIDATE_LIMITED,SENSITIVITY_ONLY,not_used_in_paper5,NOT_ANCHORED,,,,,
ADDI2-0607,chlorpheniramine,penicillin v potassium,68.0,9.27928297974649,7.32815241742501,15.15,T3_limited,1,False,False,True,69300,2722,2400.0,R06AB,DB01114,CHEMBL505,,J01CA;J01CE,DB00417,CHEMBL615,20.0,4.413011565482839,12.311481529460426,14.084397185342285,0.05,0.05,0.25,True,False,no_label_signal,,0,,ANTI_DDI_CANDIDATE_LIMITED,SENSITIVITY_ONLY,not_used_in_paper5,NOT_ANCHORED,,,,,
ADDI2-0608,heparin,raltegravir,68.0,65.6780275056171,1.0353538707322525,15.15,T3_limited,1,False,False,False,73667,18124,5224.0,B01AB;C05BA;S01XA,,CHEMBL4650299,719872.0,J05AJ,DB06817,CHEMBL254316,16.0,12.527829730097295,29.977449882784928,36.21525697641914,0.0,0.0,0.0,False,False,no_label_signal,,0,,ANTI_DDI_CANDIDATE_LIMITED,SENSITIVITY_ONLY,not_used_in_paper5,NOT_ANCHORED,,,,,
ADDI2-0609,donepezil,sevelamer,65.0,30.95748836305545,2.099653538998685,15.75,T3_limited,1,False,False,False,40184,15661,135447.0,N06DA,DB00843,CHEMBL502,214824.0,V03AE,,CHEMBL5314349,,,,,,,,False,False,no_label_signal,,0,,ANTI_DDI_CANDIDATE_LIMITED,SENSITIVITY_ONLY,not_used_in_paper5,NOT_ANCHORED,,,,,
ADDI2-0610,lamotrigine,sevelamer,65.0,102.6356606402564,0.6333081464524164,15.75,T3_limited,1,False,False,False,133225,15661,28439.0,N03AX,DB00555,CHEMBL741,214824.0,V03AE,,CHEMBL5314349,,,,,,,,False,False,no_label_signal,,0,,ANTI_DDI_CANDIDATE_LIMITED,SENSITIVITY_ONLY,not_used_in_paper5,NOT_ANCHORED,,,,,
ADDI2-0611,sevelamer,ketoconazole,65.0,13.601295467094964,4.778956545518163,15.75,T3_limited,1,False,False,False,15661,17655,214824.0,V03AE,,CHEMBL5314349,6135.0,D01AC;G01AF;H02CA;J02AB,DB01026,CHEMBL157101,10.0,9.341925752358122,15.871836727766365,18.671668525584888,0.0,0.0,0.0,False,False,no_label_signal,,0,,ANTI_DDI_CANDIDATE_LIMITED,SENSITIVITY_ONLY,not_used_in_paper5,NOT_ANCHORED,,,,,
ADDI2-0612,valproate,dalteparin,64.0,23.87809288157188,2.680281055837275,15.95,T3_limited,1,False,False,False,34302,14151,40254.0,N03AG,DB00313,CHEMBL109,67109.0,B01AB,,CHEMBL1201460,,,,,,,,False,False,no_label_signal,,0,,ANTI_DDI_CANDIDATE_LIMITED,SENSITIVITY_ONLY,not_used_in_paper5,NOT_ANCHORED,,,,,
ADDI2-0613,hydrocodone,vardenafil,63.0,10.675603922065369,5.901305486782394,16.2,T3_limited,1,False,False,False,224891,965,5489.0,N02AJ;R05DA,DB00956,CHEMBL1457,306674.0,G04BE,DB00862,CHEMBL1520,,,,,,,,True,False,no_label_signal,,0,,ANTI_DDI_CANDIDATE_LIMITED,SENSITIVITY_ONLY,not_used_in_paper5,NOT_ANCHORED,,,,,
ADDI2-0614,sevelamer,gemfibrozil,63.0,11.790100585013953,5.343465863224053,16.2,T3_limited,1,False,False,False,15661,15304,214824.0,V03AE,,CHEMBL5314349,4719.0,C10AB,DB01241,CHEMBL457,,,,,,,,False,False,no_label_signal,,0,,ANTI_DDI_CANDIDATE_LIMITED,SENSITIVITY_ONLY,not_used_in_paper5,NOT_ANCHORED,,,,,
ADDI2-0615,celecoxib,sevelamer,62.0,101.6572610229689,0.609892489489673,16.45,T3_limited,1,False,False,False,131955,15661,140587.0,C08CA;L01XX;M01AH;N02AJ,DB00482,CHEMBL118,214824.0,V03AE,,CHEMBL5314349,,,,,,,,False,False,no_label_signal,,0,,ANTI_DDI_CANDIDATE_LIMITED,SENSITIVITY_ONLY,not_used_in_paper5,NOT_ANCHORED,,,,,
ADDI2-0616,penicillin v potassium,heparin,62.0,9.864025097676546,6.285466570295324,16.45,T3_limited,1,False,False,True,2722,73667,,J01CA;J01CE,DB00417,CHEMBL615,5224.0,B01AB;C05BA;S01XA,,CHEMBL4650299,19.0,5.424753652143225,8.933414701341208,9.838365786997397,0.0526315789473684,0.0526315789473684,0.1578947368421052,False,False,no_label_signal,,0,,ANTI_DDI_CANDIDATE_LIMITED,SENSITIVITY_ONLY,not_used_in_paper5,NOT_ANCHORED,,,,,
ADDI2-0617,valganciclovir,dextromethorphan,62.0,63.27400567919788,0.9798652595876868,16.45,T3_limited,1,False,False,True,19719,65230,275891.0,J05AB,DB01610,CHEMBL1201314,3289.0,N06AX;R05DA,DB00514,CHEMBL52440,13.0,5.706097934592254,9.30945940723142,10.319321242441443,0.0,0.0,0.0,True,False,no_label_signal,,1,transporter_inhibitor,ANTI_DDI_CANDIDATE_LIMITED,SENSITIVITY_ONLY,not_used_in_paper5,NOT_ANCHORED,,,,,
ADDI2-0618,nortriptyline,dalteparin,61.0,17.029726087539338,3.5819718817811017,16.65,T3_limited,1,False,False,False,24464,14151,7531.0,N06AA,DB00540,CHEMBL445,67109.0,B01AB,,CHEMBL1201460,,,,,,,,False,False,no_label_signal,,0,,ANTI_DDI_CANDIDATE_LIMITED,SENSITIVITY_ONLY,not_used_in_paper5,NOT_ANCHORED,,,,,
ADDI2-0619,valganciclovir,dalteparin,61.0,13.726666478097949,4.443904869207001,16.65,T3_limited,1,False,False,False,19719,14151,275891.0,J05AB,DB01610,CHEMBL1201314,67109.0,B01AB,,CHEMBL1201460,,,,,,,,False,False,no_label_signal,,0,,ANTI_DDI_CANDIDATE_LIMITED,SENSITIVITY_ONLY,not_used_in_paper5,NOT_ANCHORED,,,,,
ADDI2-0620,raltegravir,sevelamer,60.0,13.96260997143184,4.29719086351068,16.9,T3_limited,1,False,False,False,18124,15661,719872.0,J05AJ,DB06817,CHEMBL254316,214824.0,V03AE,,CHEMBL5314349,16.0,10.408831622439756,17.87559520859277,18.98266593626448,0.0,0.0,0.0,False,False,no_label_signal,,0,,ANTI_DDI_CANDIDATE_LIMITED,SENSITIVITY_ONLY,not_used_in_paper5,NOT_ANCHORED,,,,,
ADDI2-0621,conjugated estrogens,ustekinumab,59.0,343.8443332107637,0.1715892754406256,17.15,T3_limited,2,False,False,True,69479,100604,4099.0,G03CA;G03CC,,CHEMBL1201649,847083.0,L04AC,,CHEMBL1201835,10.0,4.327787347470204,9.926226830151,10.279590695178404,0.0,0.1,0.1,False,False,no_label_signal,,0,,ANTI_DDI_CANDIDATE_LIMITED,SENSITIVITY_ONLY,not_used_in_paper5,NOT_ANCHORED,,,,,
ADDI2-0622,methadone,liraglutide,59.0,143.86570027658112,0.4101047010272273,17.15,T3_limited,1,False,False,False,55414,52777,6813.0,N07BC,DB00333,CHEMBL651,475968.0,A10AE;A10BJ,,CHEMBL4084119,,,,,,,,False,False,no_label_signal,,0,,ANTI_DDI_CANDIDATE_LIMITED,SENSITIVITY_ONLY,not_used_in_paper5,NOT_ANCHORED,,,,,
ADDI2-0623,methylphenidate,ustekinumab,59.0,372.508337844635,0.1583857165221563,17.15,T3_limited,1,False,False,False,75271,100604,6901.0,N06BA,DB00422,CHEMBL796,847083.0,L04AC,,CHEMBL1201835,,,,,,,,False,False,no_label_signal,,0,,ANTI_DDI_CANDIDATE_LIMITED,SENSITIVITY_ONLY,not_used_in_paper5,NOT_ANCHORED,,,,,
ADDI2-0624,nitrofurantoin,ustekinumab,59.0,132.4868902025843,0.4453270803608095,17.15,T3_limited,1,False,False,False,26771,100604,7454.0,J01XE,DB00698,CHEMBL572,847083.0,L04AC,,CHEMBL1201835,,,,,,,,False,False,no_label_signal,,0,,ANTI_DDI_CANDIDATE_LIMITED,SENSITIVITY_ONLY,not_used_in_paper5,NOT_ANCHORED,,,,,
ADDI2-0625,ustekinumab,pioglitazone,59.0,243.1491498051388,0.2426494192855823,17.15,T3_limited,1,False,False,False,100604,49132,847083.0,L04AC,,CHEMBL1201835,33738.0,A10BD;A10BG,DB01132,CHEMBL595,,,,,,,,False,False,no_label_signal,,0,,ANTI_DDI_CANDIDATE_LIMITED,SENSITIVITY_ONLY,not_used_in_paper5,NOT_ANCHORED,,,,,
ADDI2-0626,moxifloxacin,dalteparin,58.0,15.329120265439167,3.7836483109057495,17.45,T3_limited,1,False,False,False,22021,14151,139462.0,J01MA;S01AE,DB00218,CHEMBL32,67109.0,B01AB,,CHEMBL1201460,,,,,,,,False,False,no_label_signal,,0,,ANTI_DDI_CANDIDATE_LIMITED,SENSITIVITY_ONLY,not_used_in_paper5,NOT_ANCHORED,,,,,
ADDI2-0627,triamterene,ustekinumab,58.0,104.97597829656038,0.5525073539790999,17.45,T3_limited,1,False,False,False,21212,100604,10763.0,C03DB,DB00384,CHEMBL585,847083.0,L04AC,,CHEMBL1201835,17.0,12.278449103287368,20.53267044972568,22.24253372406492,0.0,0.0,0.0,False,False,no_label_signal,,0,,ANTI_DDI_CANDIDATE_LIMITED,SENSITIVITY_ONLY,not_used_in_paper5,NOT_ANCHORED,,,,,
ADDI2-0628,cephalexin,dalteparin,57.0,17.471062187093782,3.262537754693989,17.7,T3_limited,1,False,False,False,25098,14151,2231.0,J01DB,,CHEMBL1200544,67109.0,B01AB,,CHEMBL1201460,,,,,,,,False,False,no_label_signal,,0,,ANTI_DDI_CANDIDATE_LIMITED,SENSITIVITY_ONLY,not_used_in_paper5,NOT_ANCHORED,,,,,
ADDI2-0629,nortriptyline,sevelamer,57.0,18.84690412387489,3.0243693937930907,17.7,T3_limited,1,False,False,False,24464,15661,7531.0,N06AA,DB00540,CHEMBL445,214824.0,V03AE,,CHEMBL5314349,,,,,,,,False,False,no_label_signal,,0,,ANTI_DDI_CANDIDATE_LIMITED,SENSITIVITY_ONLY,not_used_in_paper5,NOT_ANCHORED,,,,,
ADDI2-0630,dextromethorphan,raltegravir,55.0,58.15599568587567,0.9457322388060811,18.3,T3_limited,1,False,False,True,65230,18124,3289.0,N06AX;R05DA,DB00514,CHEMBL52440,719872.0,J05AJ,DB06817,CHEMBL254316,18.0,10.72795108294916,15.502732011035498,15.605229569554773,0.0,0.0,0.0,False,False,no_label_signal,,0,,ANTI_DDI_CANDIDATE_LIMITED,SENSITIVITY_ONLY,not_used_in_paper5,NOT_ANCHORED,,,,,
ADDI2-0631,imipramine,ustekinumab,55.0,25.55114915826613,2.152545063993992,18.3,T3_limited,1,False,False,False,5163,100604,5691.0,N06AA,DB00458,CHEMBL11,847083.0,L04AC,,CHEMBL1201835,,,,,,,,False,False,no_label_signal,,0,,ANTI_DDI_CANDIDATE_LIMITED,SENSITIVITY_ONLY,not_used_in_paper5,NOT_ANCHORED,,,,,
ADDI2-0632,phenytoin,sevelamer,55.0,32.39735362660688,1.697669526773641,18.3,T3_limited,1,False,False,False,42053,15661,8183.0,N03AB,DB00252,CHEMBL16,214824.0,V03AE,,CHEMBL5314349,,,,,,,,False,False,no_label_signal,,0,,ANTI_DDI_CANDIDATE_LIMITED,SENSITIVITY_ONLY,not_used_in_paper5,NOT_ANCHORED,,,,,
ADDI2-0633,risperidone,sevelamer,54.0,102.67032834323116,0.525955267421331,18.6,T3_limited,1,False,False,False,133270,15661,35636.0,N05AX,DB00734,CHEMBL85,214824.0,V03AE,,CHEMBL5314349,,,,,,,,False,False,no_label_signal,,0,,ANTI_DDI_CANDIDATE_LIMITED,SENSITIVITY_ONLY,not_used_in_paper5,NOT_ANCHORED,,,,,
ADDI2-0634,heparin,zolmitriptan,53.0,26.062479244118197,2.0335747610028734,18.9,T3_limited,1,False,False,False,73667,7192,5224.0,B01AB;C05BA;S01XA,,CHEMBL4650299,135775.0,N02CC,DB00315,CHEMBL1185,,,,,,,,False,False,no_label_signal,,0,,ANTI_DDI_CANDIDATE_LIMITED,SENSITIVITY_ONLY,not_used_in_paper5,NOT_ANCHORED,,,,,
ADDI2-0635,methadone,sevelamer,53.0,42.69057983651092,1.2414916874629094,18.9,T3_limited,1,False,False,False,55414,15661,6813.0,N07BC,DB00333,CHEMBL651,214824.0,V03AE,,CHEMBL5314349,,,,,,,,False,False,no_label_signal,,0,,ANTI_DDI_CANDIDATE_LIMITED,SENSITIVITY_ONLY,not_used_in_paper5,NOT_ANCHORED,,,,,
ADDI2-0636,sevelamer,perindopril,53.0,32.0576101374543,1.653273583799617,18.9,T3_limited,1,False,False,False,15661,41612,214824.0,V03AE,,CHEMBL5314349,54552.0,C09AA;C09BB,DB00790,CHEMBL1581,,,,,,,,False,False,no_label_signal,,0,,ANTI_DDI_CANDIDATE_LIMITED,SENSITIVITY_ONLY,not_used_in_paper5,NOT_ANCHORED,,,,,
ADDI2-0637,haloperidol,sevelamer,51.0,21.514006072732595,2.3705487405545878,19.6,T3_limited,1,False,False,False,27926,15661,5093.0,N05AD,DB00502,CHEMBL54,214824.0,V03AE,,CHEMBL5314349,,,,,,,,False,False,no_label_signal,,0,,ANTI_DDI_CANDIDATE_LIMITED,SENSITIVITY_ONLY,not_used_in_paper5,NOT_ANCHORED,,,,,
ADDI2-0638,citalopram,penicillin v potassium,51.0,19.014763897617023,2.6821263874010786,19.6,T3_limited,1,False,False,True,142007,2722,2556.0,N06AB,DB00215,CHEMBL549,,J01CA;J01CE,DB00417,CHEMBL615,,,,,,,,True,False,no_label_signal,,0,,ANTI_DDI_CANDIDATE_LIMITED,SENSITIVITY_ONLY,not_used_in_paper5,NOT_ANCHORED,,,,,
ADDI2-0639,dextromethorphan,entacapone,51.0,19.0922629844935,2.671239131863078,19.6,T3_limited,1,False,False,True,65230,5950,3289.0,N06AX;R05DA,DB00514,CHEMBL52440,60307.0,N04BX,DB00494,CHEMBL953,,,,,,,,True,False,no_label_signal,,1,pk_inhibitor,ANTI_DDI_CANDIDATE_LIMITED,SENSITIVITY_ONLY,not_used_in_paper5,NOT_ANCHORED,,,,,
ADDI2-0640,hydralazine,dalteparin,50.0,25.74158931454861,1.942382010256882,19.95,T3_limited,1,False,False,False,36979,14151,5470.0,C02DB,DB01275,CHEMBL276832,67109.0,B01AB,,CHEMBL1201460,,,,,,,,False,False,no_label_signal,,0,,ANTI_DDI_CANDIDATE_LIMITED,SENSITIVITY_ONLY,not_used_in_paper5,NOT_ANCHORED,,,,,
ADDI2-0641,hydrocodone,dalteparin,50.0,156.5497109856446,0.3193873670235324,19.95,T3_limited,2,False,False,False,224891,14151,5489.0,N02AJ;R05DA,DB00956,CHEMBL1457,67109.0,B01AB,,CHEMBL1201460,,,,,,,,False,False,no_label_signal,,0,,ANTI_DDI_CANDIDATE_LIMITED,SENSITIVITY_ONLY,not_used_in_paper5,NOT_ANCHORED,,,,,
ADDI2-0642,sevelamer,niacin,50.0,10.474268658772196,4.773602972091519,19.95,T3_limited,1,False,False,False,15661,13596,214824.0,V03AE,,CHEMBL5314349,7393.0,C04AC;C10AD;C10BA,DB00627,CHEMBL573,,,,,,,,False,False,no_label_signal,,0,,ANTI_DDI_CANDIDATE_LIMITED,SENSITIVITY_ONLY,not_used_in_paper5,NOT_ANCHORED,,,,,
ADDI2-0643,sildenafil,ustekinumab,50.0,637.9621611450876,0.078374554237283,19.95,T3_limited,1,False,False,False,128910,100604,136411.0,G04BE,DB00203,CHEMBL192,847083.0,L04AC,,CHEMBL1201835,,,,,,,,False,False,no_label_signal,,0,,ANTI_DDI_CANDIDATE_LIMITED,SENSITIVITY_ONLY,not_used_in_paper5,NOT_ANCHORED,,,,,
ADDI2-0644,cefdinir,sevelamer,47.0,6.120005165143154,7.679732080569349,21.1,T3_limited,1,False,False,False,7944,15661,25037.0,J01DD,DB00535,CHEMBL927,214824.0,V03AE,,CHEMBL5314349,,,,,,,,False,False,no_label_signal,,0,,ANTI_DDI_CANDIDATE_LIMITED,SENSITIVITY_ONLY,not_used_in_paper5,NOT_ANCHORED,,,,,
ADDI2-0645,conjugated estrogens,emtricitabine,47.0,321.9464897564143,0.1459869931663499,21.1,T3_limited,1,False,False,True,69479,94197,4099.0,G03CA;G03CC,,CHEMBL1201649,276237.0,J05AF;J05AR,DB00879,CHEMBL885,14.0,6.985549763111932,9.405566065404903,10.16589295236179,0.0,0.0714285714285714,0.2857142857142857,False,False,no_label_signal,,0,,ANTI_DDI_CANDIDATE_LIMITED,SENSITIVITY_ONLY,not_used_in_paper5,NOT_ANCHORED,,,,,
ADDI2-0646,conjugated estrogens,memantine,47.0,58.78273912460662,0.7995544389377675,21.1,T3_limited,1,False,False,True,69479,17199,4099.0,G03CA;G03CC,,CHEMBL1201649,6719.0,N06DA;N06DX,DB01043,CHEMBL807,,,,,,,,False,False,no_label_signal,,0,,ANTI_DDI_CANDIDATE_LIMITED,SENSITIVITY_ONLY,not_used_in_paper5,NOT_ANCHORED,,,,,
ADDI2-0647,clozapine,dalteparin,46.0,89.49098783362828,0.5140182393060416,21.55,T3_limited,1,False,False,False,128558,14151,2626.0,N05AH,DB00363,CHEMBL42,67109.0,B01AB,,CHEMBL1201460,,,,,,,,False,False,no_label_signal,,0,,ANTI_DDI_CANDIDATE_LIMITED,SENSITIVITY_ONLY,not_used_in_paper5,NOT_ANCHORED,,,,,
ADDI2-0648,donepezil,dalteparin,46.0,27.972633792580147,1.6444643840510178,21.55,T3_limited,1,False,False,False,40184,14151,135447.0,N06DA,DB00843,CHEMBL502,67109.0,B01AB,,CHEMBL1201460,,,,,,,,False,False,no_label_signal,,0,,ANTI_DDI_CANDIDATE_LIMITED,SENSITIVITY_ONLY,not_used_in_paper5,NOT_ANCHORED,,,,,
ADDI2-0649,dutasteride,dalteparin,46.0,16.574467713550998,2.7753530789040783,21.55,T3_limited,1,False,False,False,23810,14151,228790.0,G04CA;G04CB,DB01126,CHEMBL1200969,67109.0,B01AB,,CHEMBL1201460,,,,,,,,False,False,no_label_signal,,0,,ANTI_DDI_CANDIDATE_LIMITED,SENSITIVITY_ONLY,not_used_in_paper5,NOT_ANCHORED,,,,,
ADDI2-0650,methadone,ustekinumab,46.0,274.238113394569,0.1677374433137818,21.55,T3_limited,1,False,False,False,55414,100604,6813.0,N07BC,DB00333,CHEMBL651,847083.0,L04AC,,CHEMBL1201835,,,,,,,,False,False,no_label_signal,,0,,ANTI_DDI_CANDIDATE_LIMITED,SENSITIVITY_ONLY,not_used_in_paper5,NOT_ANCHORED,,,,,
ADDI2-0651,sevelamer,cefuroxime,46.0,12.595932080827112,3.651972692836195,21.55,T3_limited,1,False,False,False,15661,16350,214824.0,V03AE,,CHEMBL5314349,2194.0,J01DC;S01AA,DB01112,CHEMBL1436,,,,,,,,False,False,no_label_signal,,0,,ANTI_DDI_CANDIDATE_LIMITED,SENSITIVITY_ONLY,not_used_in_paper5,NOT_ANCHORED,,,,,
ADDI2-0652,nabumetone,liraglutide,45.0,16.929805310996958,2.658034110455465,22.0,T3_limited,1,False,False,False,6521,52777,31448.0,M01AX,DB00461,CHEMBL1070,475968.0,A10AE;A10BJ,,CHEMBL4084119,,,,,,,,False,False,no_label_signal,,0,,ANTI_DDI_CANDIDATE_LIMITED,SENSITIVITY_ONLY,not_used_in_paper5,NOT_ANCHORED,,,,,
ADDI2-0653,oseltamivir,liraglutide,45.0,63.61982504922258,0.7073266857490342,22.0,T3_limited,1,False,False,False,24505,52777,260101.0,J05AH,DB00198,CHEMBL1229,475968.0,A10AE;A10BJ,,CHEMBL4084119,,,,,,,,False,False,no_label_signal,,0,,ANTI_DDI_CANDIDATE_LIMITED,SENSITIVITY_ONLY,not_used_in_paper5,NOT_ANCHORED,,,,,
ADDI2-0654,oseltamivir,sevelamer,45.0,18.878490253251886,2.383665187010841,22.0,T3_limited,1,False,False,False,24505,15661,260101.0,J05AH,DB00198,CHEMBL1229,214824.0,V03AE,,CHEMBL5314349,,,,,,,,False,False,no_label_signal,,0,,ANTI_DDI_CANDIDATE_LIMITED,SENSITIVITY_ONLY,not_used_in_paper5,NOT_ANCHORED,,,,,
ADDI2-0655,solifenacin,ustekinumab,45.0,158.7110891934137,0.2835340632383956,22.0,T3_limited,1,False,False,False,32070,100604,322167.0,G04BD,DB01591,CHEMBL1734,847083.0,L04AC,,CHEMBL1201835,,,,,,,,False,False,no_label_signal,,0,,ANTI_DDI_CANDIDATE_LIMITED,SENSITIVITY_ONLY,not_used_in_paper5,NOT_ANCHORED,,,,,
ADDI2-0656,tetracycline,levetiracetam,44.0,43.37739187326214,1.014353286351493,22.45,T3_limited,1,False,False,False,6593,133748,10395.0,A01AB;A02BD;D06AA;J01AA;J01RA;S01AA;S02AA;S03AA,DB00759,CHEMBL1440,114477.0,N03AX,DB01202,CHEMBL1286,,,,,,,,True,False,no_label_signal,,1,transporter_inhibitor,ANTI_DDI_CANDIDATE_LIMITED,SENSITIVITY_ONLY,not_used_in_paper5,NOT_ANCHORED,,,,,
ADDI2-0657,ustekinumab,gemfibrozil,43.0,75.73790174667924,0.5677474422756286,22.95,T3_limited,1,False,False,False,100604,15304,847083.0,L04AC,,CHEMBL1201835,4719.0,C10AB,DB01241,CHEMBL457,,,,,,,,False,False,no_label_signal,,0,,ANTI_DDI_CANDIDATE_LIMITED,SENSITIVITY_ONLY,not_used_in_paper5,NOT_ANCHORED,,,,,
ADDI2-0658,dutasteride,sevelamer,42.0,18.343066840641807,2.289693450112863,23.45,T3_limited,1,False,False,False,23810,15661,228790.0,G04CA;G04CB,DB01126,CHEMBL1200969,214824.0,V03AE,,CHEMBL5314349,,,,,,,,False,False,no_label_signal,,0,,ANTI_DDI_CANDIDATE_LIMITED,SENSITIVITY_ONLY,not_used_in_paper5,NOT_ANCHORED,,,,,
ADDI2-0659,phenazopyridine,liraglutide,42.0,12.672041055509302,3.314383201255497,23.45,T3_limited,1,False,False,False,4881,52777,8120.0,G04BX,DB01438,CHEMBL1242,475968.0,A10AE;A10BJ,,CHEMBL4084119,,,,,,,,False,False,no_label_signal,,0,,ANTI_DDI_CANDIDATE_LIMITED,SENSITIVITY_ONLY,not_used_in_paper5,NOT_ANCHORED,,,,,
ADDI2-0660,sumatriptan,dalteparin,41.0,35.21569706681359,1.164253540749514,24.0,T3_limited,1,False,False,False,50589,14151,37418.0,N02CC,DB00669,CHEMBL128,67109.0,B01AB,,CHEMBL1201460,,,,,,,,False,False,no_label_signal,,0,,ANTI_DDI_CANDIDATE_LIMITED,SENSITIVITY_ONLY,not_used_in_paper5,NOT_ANCHORED,,,,,
ADDI2-0661,olanzapine,ustekinumab,41.0,545.1406710012876,0.0752099452141283,24.0,T3_limited,1,False,False,False,110154,100604,61381.0,N05AH,DB00334,CHEMBL715,847083.0,L04AC,,CHEMBL1201835,,,,,,,,False,False,no_label_signal,,0,,ANTI_DDI_CANDIDATE_LIMITED,SENSITIVITY_ONLY,not_used_in_paper5,NOT_ANCHORED,,,,,
ADDI2-0662,sumatriptan,sevelamer,40.0,38.97343168421791,1.0263402084809945,24.6,T3_limited,1,False,False,False,50589,15661,37418.0,N02CC,DB00669,CHEMBL128,214824.0,V03AE,,CHEMBL5314349,,,,,,,,False,False,no_label_signal,,0,,ANTI_DDI_CANDIDATE_LIMITED,SENSITIVITY_ONLY,not_used_in_paper5,NOT_ANCHORED,,,,,
ADDI2-0663,dextromethorphan,penicillin v potassium,40.0,8.734309217443919,4.579640931433149,24.6,T3_limited,1,False,False,True,65230,2722,3289.0,N06AX;R05DA,DB00514,CHEMBL52440,,J01CA;J01CE,DB00417,CHEMBL615,,,,,,,,True,False,no_label_signal,,0,,ANTI_DDI_CANDIDATE_LIMITED,SENSITIVITY_ONLY,not_used_in_paper5,NOT_ANCHORED,,,,,
ADDI2-0664,ropinirole,ustekinumab,40.0,102.66484394503796,0.3896173067911559,24.6,T3_limited,1,False,False,False,20745,100604,72302.0,N04BC,DB00268,CHEMBL589,847083.0,L04AC,,CHEMBL1201835,,,,,,,,False,False,no_label_signal,,0,,ANTI_DDI_CANDIDATE_LIMITED,SENSITIVITY_ONLY,not_used_in_paper5,NOT_ANCHORED,,,,,
ADDI2-0665,buprenorphine,sevelamer,35.0,102.25354551413466,0.342286419742403,27.95,T3_limited,1,False,False,False,132729,15661,1819.0,N02AE;N07BC,,CHEMBL511142,214824.0,V03AE,,CHEMBL5314349,,,,,,,,False,False,no_label_signal,,0,,ANTI_DDI_CANDIDATE_LIMITED,SENSITIVITY_ONLY,not_used_in_paper5,NOT_ANCHORED,,,,,
ADDI2-0666,hydralazine,ustekinumab,35.0,183.00521881145136,0.1912513764761003,27.95,T3_limited,1,False,False,False,36979,100604,5470.0,C02DB,DB01275,CHEMBL276832,847083.0,L04AC,,CHEMBL1201835,,,,,,,,False,False,no_label_signal,,0,,ANTI_DDI_CANDIDATE_LIMITED,SENSITIVITY_ONLY,not_used_in_paper5,NOT_ANCHORED,,,,,
ADDI2-0667,conjugated estrogens,zaleplon,34.0,5.584684907820642,6.088078479125531,28.8,T3_limited,1,False,False,True,69479,1634,4099.0,G03CA;G03CC,,CHEMBL1201649,74667.0,N05CF,DB00962,CHEMBL1521,,,,,,,,False,False,no_label_signal,,0,,ANTI_DDI_CANDIDATE_LIMITED,SENSITIVITY_ONLY,not_used_in_paper5,NOT_ANCHORED,,,,,
ADDI2-0668,memantine,dalteparin,31.0,11.972459899427284,2.589275742864081,inf,T3_limited,1,False,False,False,17199,14151,6719.0,N06DA;N06DX,DB01043,CHEMBL807,67109.0,B01AB,,CHEMBL1201460,,,,,,,,False,False,no_label_signal,,0,,ANTI_DDI_CANDIDATE_LIMITED,SENSITIVITY_ONLY,not_used_in_paper5,NOT_ANCHORED,,,,,
ADDI2-0669,dutasteride,ustekinumab,30.0,117.83320965685004,0.25459715548244,inf,T3_limited,1,False,False,False,23810,100604,228790.0,G04CA;G04CB,DB01126,CHEMBL1200969,847083.0,L04AC,,CHEMBL1201835,,,,,,,,False,False,no_label_signal,,0,,ANTI_DDI_CANDIDATE_LIMITED,SENSITIVITY_ONLY,not_used_in_paper5,NOT_ANCHORED,,,,,
ADDI2-0670,raltegravir,ustekinumab,30.0,89.69378798071187,0.3344713237716231,inf,T3_limited,1,False,False,False,18124,100604,719872.0,J05AJ,DB06817,CHEMBL254316,847083.0,L04AC,,CHEMBL1201835,,,,,,,,False,False,no_label_signal,,0,,ANTI_DDI_CANDIDATE_LIMITED,SENSITIVITY_ONLY,not_used_in_paper5,NOT_ANCHORED,,,,,
ADDI2-0671,ustekinumab,cefuroxime,30.0,80.91444678242327,0.3707619738248866,inf,T3_limited,1,False,False,False,100604,16350,847083.0,L04AC,,CHEMBL1201835,2194.0,J01DC;S01AA,DB01112,CHEMBL1436,,,,,,,,False,False,no_label_signal,,0,,ANTI_DDI_CANDIDATE_LIMITED,SENSITIVITY_ONLY,not_used_in_paper5,NOT_ANCHORED,,,,,
ADDI2-0672,conjugated estrogens,granisetron,29.0,46.24624938049027,0.6270778795790113,inf,T3_limited,1,False,False,True,69479,13531,4099.0,G03CA;G03CC,,CHEMBL1201649,26237.0,A04AA,,CHEMBL289469,,,,,,,,False,False,no_label_signal,,0,,ANTI_DDI_CANDIDATE_LIMITED,SENSITIVITY_ONLY,not_used_in_paper5,NOT_ANCHORED,,,,,
ADDI2-0673,imipramine,heparin,29.0,18.709758111426897,1.5499933151080336,inf,T3_limited,1,False,False,False,5163,73667,5691.0,N06AA,DB00458,CHEMBL11,5224.0,B01AB;C05BA;S01XA,,CHEMBL4650299,,,,,,,,False,False,no_label_signal,,0,,ANTI_DDI_CANDIDATE_LIMITED,SENSITIVITY_ONLY,not_used_in_paper5,NOT_ANCHORED,,,,,
ADDI2-0674,fenofibrate,dalteparin,26.0,25.09211521220745,1.0361820747320205,inf,T3_limited,1,False,False,False,36046,14151,8703.0,C10AB;C10BA,DB01039,CHEMBL672,67109.0,B01AB,,CHEMBL1201460,,,,,,,,False,False,no_label_signal,,0,,ANTI_DDI_CANDIDATE_LIMITED,SENSITIVITY_ONLY,not_used_in_paper5,NOT_ANCHORED,,,,,
ADDI2-0675,dextromethorphan,dalteparin,25.0,45.407498066145806,0.5505698632323259,inf,T3_limited,2,False,False,True,65230,14151,3289.0,N06AX;R05DA,DB00514,CHEMBL52440,67109.0,B01AB,,CHEMBL1201460,,,,,,,,False,False,no_label_signal,,0,,ANTI_DDI_CANDIDATE_LIMITED,SENSITIVITY_ONLY,not_used_in_paper5,NOT_ANCHORED,,,,,
ADDI2-0676,levetiracetam,penicillin v potassium,25.0,17.908882250723426,1.3959553505350748,inf,T3_limited,1,False,False,True,133748,2722,114477.0,N03AX,DB01202,CHEMBL1286,,J01CA;J01CE,DB00417,CHEMBL615,,,,,,,,True,False,no_label_signal,,0,,ANTI_DDI_CANDIDATE_LIMITED,SENSITIVITY_ONLY,not_used_in_paper5,NOT_ANCHORED,,,,,
ADDI2-0677,ustekinumab,niacin,25.0,67.28518767301692,0.3715528018067138,inf,T3_limited,1,False,False,False,100604,13596,847083.0,L04AC,,CHEMBL1201835,7393.0,C04AC;C10AD;C10BA,DB00627,CHEMBL573,21.0,10.636843660972056,13.129055727325092,13.648156368552105,0.0,0.0,0.0,False,False,no_label_signal,,0,,ANTI_DDI_CANDIDATE_LIMITED,SENSITIVITY_ONLY,not_used_in_paper5,NOT_ANCHORED,,,,,
ADDI2-0678,atenolol,gabapentin,10945.0,2494.217317888736,4.388150110859043,1.45,T3_trivial_inert,1,True,False,False,138293,366641,1202.0,C07AB;C07FB,DB00335,CHEMBL24,25480.0,N02BF,DB00996,CHEMBL940,445.0,1.2555270722786045,2.6991091773429914,11.717766346110851,0.6876404494382022,0.8629213483146068,0.9640449438202248,True,False,no_label_signal,,1,biological_process,STRUCTURAL_CONTROL_ONLY,EXCLUDE_FROM_BENCHMARK,not_used_in_paper5,NOT_ANCHORED,,,,,
ADDI2-0679,atenolol,pregabalin,5232.0,1832.3984493748333,2.855274190929938,1.65,T3_trivial_inert,1,True,False,False,138293,269356,1202.0,C07AB;C07FB,DB00335,CHEMBL24,187832.0,N02BF,DB00230,CHEMBL1059,424.0,1.5139804909874262,4.477484749636482,17.892556342368405,0.4882075471698113,0.7122641509433962,0.8915094339622641,True,False,no_label_signal,,0,,STRUCTURAL_CONTROL_ONLY,EXCLUDE_FROM_BENCHMARK,not_used_in_paper5,NOT_ANCHORED,,,,,
ADDI2-0680,gabapentin,heparin,4085.0,1328.6392453479891,3.0745742415053243,1.75,T3_trivial_inert,1,True,False,False,366641,73667,25480.0,N02BF,DB00996,CHEMBL940,5224.0,B01AB;C05BA;S01XA,,CHEMBL4650299,401.0,2.0233266835863057,6.724820607801143,22.05497275189429,0.3291770573566084,0.486284289276808,0.7206982543640897,False,False,no_label_signal,,0,,STRUCTURAL_CONTROL_ONLY,EXCLUDE_FROM_BENCHMARK,not_used_in_paper5,NOT_ANCHORED,,,,,
ADDI2-0681,ustekinumab,pregabalin,2917.0,1333.0147845581896,2.188272803715978,1.9,T3_trivial_inert,1,True,False,False,100604,269356,847083.0,L04AC,,CHEMBL1201835,187832.0,N02BF,DB00230,CHEMBL1059,339.0,8.233698918178131,38.22415490457967,85.41148459501318,0.2094395280235988,0.247787610619469,0.2979351032448377,False,False,no_label_signal,,0,,STRUCTURAL_CONTROL_ONLY,EXCLUDE_FROM_BENCHMARK,not_used_in_paper5,NOT_ANCHORED,,,,,
ADDI2-0682,gabapentin,liraglutide,1957.0,951.8725270708842,2.0559475605647624,2.15,T3_trivial_inert,1,True,False,False,366641,52777,25480.0,N02BF,DB00996,CHEMBL940,475968.0,A10AE;A10BJ,,CHEMBL4084119,324.0,1.6657465363415596,5.520600804303872,18.15519002724361,0.419753086419753,0.6450617283950617,0.8117283950617284,False,False,no_label_signal,,0,,STRUCTURAL_CONTROL_ONLY,EXCLUDE_FROM_BENCHMARK,not_used_in_paper5,NOT_ANCHORED,,,,,
ADDI2-0683,heparin,insulin glargine,1745.0,897.2095451353575,1.9449191211365688,2.25,T3_trivial_inert,1,True,False,True,73667,247587,5224.0,B01AB;C05BA;S01XA,,CHEMBL4650299,274783.0,A10AE,,CHEMBL1201497,396.0,2.4019991096231754,6.269649154506229,14.26007499385372,0.1792929292929292,0.3409090909090909,0.648989898989899,False,False,no_label_signal,,0,,STRUCTURAL_CONTROL_ONLY,EXCLUDE_FROM_BENCHMARK,not_used_in_paper5,NOT_ANCHORED,,,,,
ADDI2-0684,levetiracetam,insulin glargine,1610.0,1628.9516641476346,0.9883657295886976,2.3,T3_trivial_inert,1,True,False,True,133748,247587,114477.0,N03AX,DB01202,CHEMBL1286,274783.0,A10AE,,CHEMBL1201497,311.0,2.387409253044818,6.370348485939569,18.7175605360301,0.2347266881028939,0.3858520900321543,0.6045016077170418,False,False,no_label_signal,,0,,STRUCTURAL_CONTROL_ONLY,EXCLUDE_FROM_BENCHMARK,not_used_in_paper5,NOT_ANCHORED,,,,,
ADDI2-0685,heparin,pregabalin,1532.0,976.0963792100528,1.5695171426000325,2.35,T3_trivial_inert,1,True,False,False,73667,269356,5224.0,B01AB;C05BA;S01XA,,CHEMBL4650299,187832.0,N02BF,DB00230,CHEMBL1059,390.0,2.166455147213048,5.75772474950443,11.155923028867443,0.2923076923076923,0.4512820512820513,0.6717948717948717,False,False,no_label_signal,,0,,STRUCTURAL_CONTROL_ONLY,EXCLUDE_FROM_BENCHMARK,not_used_in_paper5,NOT_ANCHORED,,,,,
ADDI2-0686,gabapentin,sevelamer,1427.0,282.45780636370233,5.052082002515257,2.4,T3_trivial_inert,1,True,False,False,366641,15661,25480.0,N02BF,DB00996,CHEMBL940,214824.0,V03AE,,CHEMBL5314349,251.0,2.175265998100217,7.206501111066904,14.511664480807612,0.3306772908366533,0.4422310756972111,0.6573705179282868,False,False,no_label_signal,,0,,STRUCTURAL_CONTROL_ONLY,EXCLUDE_FROM_BENCHMARK,not_used_in_paper5,NOT_ANCHORED,,,,,
ADDI2-0687,atenolol,heparin,1345.0,501.148281716746,2.6838363994635173,2.45,T3_trivial_inert,2,True,False,False,138293,73667,1202.0,C07AB;C07FB,DB00335,CHEMBL24,5224.0,B01AB;C05BA;S01XA,,CHEMBL4650299,349.0,2.502513777423912,6.1311745314394885,10.410854408996794,0.2091690544412607,0.3753581661891118,0.6275071633237822,False,False,no_label_signal,,0,,STRUCTURAL_CONTROL_ONLY,EXCLUDE_FROM_BENCHMARK,not_used_in_paper5,NOT_ANCHORED,,,,,
ADDI2-0688,heparin,levetiracetam,1287.0,484.67804142690767,2.655370967933746,2.5,T3_trivial_inert,2,True,False,False,73667,133748,5224.0,B01AB;C05BA;S01XA,,CHEMBL4650299,114477.0,N03AX,DB01202,CHEMBL1286,345.0,2.4202301510084903,6.271003393299763,16.696525534596343,0.2144927536231884,0.3681159420289855,0.6144927536231884,False,False,no_label_signal,,0,,STRUCTURAL_CONTROL_ONLY,EXCLUDE_FROM_BENCHMARK,not_used_in_paper5,NOT_ANCHORED,,,,,
ADDI2-0689,insulin lispro,heparin,1284.0,502.8949606649753,2.5532170740032347,2.5,T3_trivial_inert,1,True,False,True,138775,73667,86009.0,A10AB;A10AC;A10AD,,CHEMBL1201538,5224.0,B01AB;C05BA;S01XA,,CHEMBL4650299,326.0,2.6610622211520445,7.735596018536826,24.73459358388572,0.1533742331288343,0.3067484662576687,0.5828220858895705,False,False,no_label_signal,,0,,STRUCTURAL_CONTROL_ONLY,EXCLUDE_FROM_BENCHMARK,not_used_in_paper5,NOT_ANCHORED,,,,,
ADDI2-0690,atenolol,levetiracetam,1210.0,909.8725397131868,1.3298565976960028,2.55,T3_trivial_inert,2,True,False,False,138293,133748,1202.0,C07AB;C07FB,DB00335,CHEMBL24,114477.0,N03AX,DB01202,CHEMBL1286,297.0,2.198756806695789,6.627876854309247,17.657599970060048,0.2727272727272727,0.4478114478114478,0.7037037037037037,True,False,no_label_signal,,1,transporter_inhibitor,STRUCTURAL_CONTROL_ONLY,EXCLUDE_FROM_BENCHMARK,not_used_in_paper5,NOT_ANCHORED,,,,,
ADDI2-0691,lactulose,heparin,1170.0,141.7600285804588,8.253384340536744,2.6,T3_trivial_inert,2,True,False,False,39119,73667,6218.0,A06AD,DB00581,CHEMBL296306,5224.0,B01AB;C05BA;S01XA,,CHEMBL4650299,337.0,2.221143922224432,5.8792853390376,25.23362875076154,0.2522255192878338,0.4243323442136498,0.6943620178041543,False,False,no_label_signal,,0,,STRUCTURAL_CONTROL_ONLY,EXCLUDE_FROM_BENCHMARK,not_used_in_paper5,NOT_ANCHORED,,,,,
ADDI2-0692,atenolol,lactulose,1113.0,266.12213925471906,4.182290143604666,2.65,T3_trivial_inert,2,True,False,False,138293,39119,1202.0,C07AB;C07FB,DB00335,CHEMBL24,6218.0,A06AD,DB00581,CHEMBL296306,275.0,2.124214659147306,5.415729772929614,7.705585148399045,0.2981818181818181,0.4690909090909091,0.6945454545454546,True,False,no_label_signal,,0,,STRUCTURAL_CONTROL_ONLY,EXCLUDE_FROM_BENCHMARK,not_used_in_paper5,NOT_ANCHORED,,,,,
ADDI2-0693,pregabalin,liraglutide,1105.0,699.301432195813,1.5801483439413095,2.65,T3_trivial_inert,1,True,False,False,269356,52777,187832.0,N02BF,DB00230,CHEMBL1059,475968.0,A10AE;A10BJ,,CHEMBL4084119,235.0,1.8120795599198656,6.205540321647909,12.021749809561994,0.3787234042553191,0.5702127659574469,0.7489361702127659,False,False,no_label_signal,,0,,STRUCTURAL_CONTROL_ONLY,EXCLUDE_FROM_BENCHMARK,not_used_in_paper5,NOT_ANCHORED,,,,,
ADDI2-0694,sevelamer,insulin glargine,988.0,190.73939058689555,5.179842490635906,2.75,T3_trivial_inert,1,True,False,True,15661,247587,214824.0,V03AE,,CHEMBL5314349,274783.0,A10AE,,CHEMBL1201497,192.0,2.8429530100790816,8.843029214806654,28.01038863879057,0.1875,0.328125,0.515625,False,False,no_label_signal,,0,,STRUCTURAL_CONTROL_ONLY,EXCLUDE_FROM_BENCHMARK,not_used_in_paper5,NOT_ANCHORED,,,,,
ADDI2-0695,insulin lispro,levetiracetam,873.0,913.0437672094577,0.956142554554812,2.9,T3_trivial_inert,1,True,False,True,138775,133748,86009.0,A10AB;A10AC;A10AD,,CHEMBL1201538,114477.0,N03AX,DB01202,CHEMBL1286,174.0,2.53494921951207,8.07991401060261,17.97948392000455,0.2126436781609195,0.367816091954023,0.6206896551724138,False,False,no_label_signal,,0,,STRUCTURAL_CONTROL_ONLY,EXCLUDE_FROM_BENCHMARK,not_used_in_paper5,NOT_ANCHORED,,,,,
ADDI2-0696,gabapentin,dalteparin,865.0,255.22383103586947,3.389181944684593,2.95,T3_trivial_inert,1,True,False,False,366641,14151,25480.0,N02BF,DB00996,CHEMBL940,67109.0,B01AB,,CHEMBL1201460,178.0,3.576171672538337,42.15923805705482,166.88823390782588,0.2247191011235955,0.3258426966292135,0.449438202247191,False,False,no_label_signal,,0,,STRUCTURAL_CONTROL_ONLY,EXCLUDE_FROM_BENCHMARK,not_used_in_paper5,NOT_ANCHORED,,,,,
ADDI2-0697,gabapentin,ustekinumab,795.0,1814.4681151531768,0.4381449270784712,3.05,T3_trivial_inert,1,True,False,False,366641,100604,25480.0,N02BF,DB00996,CHEMBL940,847083.0,L04AC,,CHEMBL1201835,153.0,1.2743359248686186,4.596776009205639,17.159257095907265,0.5751633986928104,0.7058823529411765,0.8300653594771242,False,False,no_label_signal,,0,,STRUCTURAL_CONTROL_ONLY,EXCLUDE_FROM_BENCHMARK,not_used_in_paper5,NOT_ANCHORED,,,,,
ADDI2-0698,atenolol,liraglutide,665.0,359.03597084399667,1.852182104307723,3.3,T3_trivial_inert,2,True,False,False,138293,52777,1202.0,C07AB;C07FB,DB00335,CHEMBL24,475968.0,A10AE;A10BJ,,CHEMBL4084119,120.0,1.724868908166778,6.206496216640891,14.23921260516523,0.3666666666666666,0.5833333333333334,0.7083333333333334,False,False,no_label_signal,,0,,STRUCTURAL_CONTROL_ONLY,EXCLUDE_FROM_BENCHMARK,not_used_in_paper5,NOT_ANCHORED,,,,,
ADDI2-0699,heparin,sevelamer,662.0,56.75257055647039,11.66466987325784,3.3,T3_trivial_inert,2,True,False,False,73667,15661,5224.0,B01AB;C05BA;S01XA,,CHEMBL4650299,214824.0,V03AE,,CHEMBL5314349,181.0,2.948020208973912,9.789160704242883,15.450775971903765,0.1381215469613259,0.3038674033149171,0.5082872928176796,False,False,no_label_signal,,0,,STRUCTURAL_CONTROL_ONLY,EXCLUDE_FROM_BENCHMARK,not_used_in_paper5,NOT_ANCHORED,,,,,
ADDI2-0700,lactulose,dalteparin,584.0,27.231272678975284,21.445931186715875,3.5,T3_trivial_inert,2,True,False,False,39119,14151,6218.0,A06AD,DB00581,CHEMBL296306,67109.0,B01AB,,CHEMBL1201460,119.0,1.8904169138941769,7.551656083731348,11.664635179266268,0.3361344537815126,0.5378151260504201,0.680672268907563,False,False,no_label_signal,,0,,STRUCTURAL_CONTROL_ONLY,EXCLUDE_FROM_BENCHMARK,not_used_in_paper5,NOT_ANCHORED,,,,,
ADDI2-0701,sevelamer,pregabalin,539.0,207.5100844992824,2.597464124698305,3.65,T3_trivial_inert,1,True,False,False,15661,269356,214824.0,V03AE,,CHEMBL5314349,187832.0,N02BF,DB00230,CHEMBL1059,95.0,1.9663341235620215,6.629854793344409,13.96460706245273,0.4,0.5263157894736842,0.6526315789473685,False,False,no_label_signal,,0,,STRUCTURAL_CONTROL_ONLY,EXCLUDE_FROM_BENCHMARK,not_used_in_paper5,NOT_ANCHORED,,,,,
ADDI2-0702,insulin lispro,sevelamer,536.0,106.91134400714266,5.013499783186621,3.65,T3_trivial_inert,1,True,False,True,138775,15661,86009.0,A10AB;A10AC;A10AD,,CHEMBL1201538,214824.0,V03AE,,CHEMBL5314349,103.0,2.9439760334109604,8.396709757793081,10.306033440183755,0.1262135922330097,0.2912621359223301,0.5145631067961165,False,False,no_label_signal,,0,,STRUCTURAL_CONTROL_ONLY,EXCLUDE_FROM_BENCHMARK,not_used_in_paper5,NOT_ANCHORED,,,,,
ADDI2-0703,lactulose,sevelamer,427.0,30.137019392652952,14.168620806080694,4.15,T3_trivial_inert,2,True,False,False,39119,15661,6218.0,A06AD,DB00581,CHEMBL296306,214824.0,V03AE,,CHEMBL5314349,96.0,2.80115682203398,7.73006818937106,17.09437150858291,0.2083333333333333,0.3645833333333333,0.5520833333333334,False,False,no_label_signal,,0,,STRUCTURAL_CONTROL_ONLY,EXCLUDE_FROM_BENCHMARK,not_used_in_paper5,NOT_ANCHORED,,,,,
ADDI2-0704,ustekinumab,insulin glargine,400.0,1225.2822712856164,0.3264553885859326,4.3,T3_trivial_inert,1,True,False,True,100604,247587,847083.0,L04AC,,CHEMBL1201835,274783.0,A10AE,,CHEMBL1201497,63.0,6.589958055318459,110.0995980022765,131.16459609592576,0.1428571428571428,0.2539682539682539,0.3809523809523809,False,False,no_label_signal,,0,,STRUCTURAL_CONTROL_ONLY,EXCLUDE_FROM_BENCHMARK,not_used_in_paper5,NOT_ANCHORED,,,,,
ADDI2-0705,levetiracetam,dalteparin,389.0,93.10381804922382,4.178131554114531,4.35,T3_trivial_inert,2,True,False,False,133748,14151,114477.0,N03AX,DB01202,CHEMBL1286,67109.0,B01AB,,CHEMBL1201460,108.0,4.145984335968699,13.614607830388335,26.809353788812334,0.2129629629629629,0.3055555555555556,0.4259259259259259,False,False,no_label_signal,,0,,STRUCTURAL_CONTROL_ONLY,EXCLUDE_FROM_BENCHMARK,not_used_in_paper5,NOT_ANCHORED,,,,,
ADDI2-0706,atenolol,sevelamer,310.0,106.54001438861307,2.909704882047891,4.95,T3_trivial_inert,2,True,False,False,138293,15661,1202.0,C07AB;C07FB,DB00335,CHEMBL24,214824.0,V03AE,,CHEMBL5314349,68.0,3.148024378824879,10.926957984954978,15.554780614549996,0.1911764705882352,0.3088235294117647,0.4852941176470588,False,False,no_label_signal,,0,,STRUCTURAL_CONTROL_ONLY,EXCLUDE_FROM_BENCHMARK,not_used_in_paper5,NOT_ANCHORED,,,,,
ADDI2-0707,insulin lispro,ustekinumab,280.0,686.7830184850635,0.4076979081655753,5.3,T3_trivial_inert,1,True,False,True,138775,100604,86009.0,A10AB;A10AC;A10AD,,CHEMBL1201538,847083.0,L04AC,,CHEMBL1201835,48.0,12.891371992449436,115.8822417911279,163.16109996882176,0.1458333333333333,0.2291666666666666,0.2708333333333333,False,False,no_label_signal,,0,,STRUCTURAL_CONTROL_ONLY,EXCLUDE_FROM_BENCHMARK,not_used_in_paper5,NOT_ANCHORED,,,,,
ADDI2-0708,levetiracetam,sevelamer,259.0,103.03857638816297,2.5136216849920863,5.55,T3_trivial_inert,2,True,False,False,133748,15661,114477.0,N03AX,DB01202,CHEMBL1286,214824.0,V03AE,,CHEMBL5314349,42.0,3.134827510271676,7.675744832006764,10.022313643138837,0.1428571428571428,0.2619047619047619,0.4285714285714285,False,False,no_label_signal,,0,,STRUCTURAL_CONTROL_ONLY,EXCLUDE_FROM_BENCHMARK,not_used_in_paper5,NOT_ANCHORED,,,,,
ADDI2-0709,atenolol,dalteparin,221.0,96.26765491432626,2.2956828043300703,6.15,T3_trivial_inert,2,True,False,False,138293,14151,1202.0,C07AB;C07FB,DB00335,CHEMBL24,67109.0,B01AB,,CHEMBL1201460,41.0,2.4235260539198245,8.608052912062497,16.04118429792141,0.2195121951219512,0.3414634146341463,0.5853658536585366,False,False,no_label_signal,,0,,STRUCTURAL_CONTROL_ONLY,EXCLUDE_FROM_BENCHMARK,not_used_in_paper5,NOT_ANCHORED,,,,,
ADDI2-0710,heparin,liraglutide,128.0,191.25409720061535,0.6692667078694519,9.05,T3_trivial_inert,2,True,False,False,73667,52777,5224.0,B01AB;C05BA;S01XA,,CHEMBL4650299,475968.0,A10AE;A10BJ,,CHEMBL4084119,22.0,5.357218235468751,13.187451302660495,20.96336274061236,0.0909090909090909,0.0909090909090909,0.1818181818181818,False,False,no_label_signal,,0,,STRUCTURAL_CONTROL_ONLY,EXCLUDE_FROM_BENCHMARK,not_used_in_paper5,NOT_ANCHORED,,,,,
ADDI2-0711,insulin lispro,dalteparin,122.0,96.60318172818312,1.2628983623259646,9.4,T3_trivial_inert,1,True,False,True,138775,14151,86009.0,A10AB;A10AC;A10AD,,CHEMBL1201538,67109.0,B01AB,,CHEMBL1201460,24.0,4.518481778431225,12.72121864305779,19.1088556206654,0.0,0.0833333333333333,0.2083333333333333,False,False,no_label_signal,,0,,STRUCTURAL_CONTROL_ONLY,EXCLUDE_FROM_BENCHMARK,not_used_in_paper5,NOT_ANCHORED,,,,,
ADDI2-0712,lactulose,liraglutide,120.0,101.56065848196442,1.1815598854285698,9.5,T3_trivial_inert,2,True,False,False,39119,52777,6218.0,A06AD,DB00581,CHEMBL296306,475968.0,A10AE;A10BJ,,CHEMBL4084119,14.0,3.278882337913976,16.633461929072464,17.048509420130255,0.2142857142857142,0.2857142857142857,0.4285714285714285,False,False,no_label_signal,,0,,STRUCTURAL_CONTROL_ONLY,EXCLUDE_FROM_BENCHMARK,not_used_in_paper5,NOT_ANCHORED,,,,,
ADDI2-0713,levetiracetam,liraglutide,120.0,347.236252221319,0.3455860361132893,9.5,T3_trivial_inert,2,True,False,False,133748,52777,114477.0,N03AX,DB01202,CHEMBL1286,475968.0,A10AE;A10BJ,,CHEMBL4084119,23.0,4.592303133135673,10.187921372079837,10.290181978044474,0.0869565217391304,0.217391304347826,0.3043478260869565,False,False,no_label_signal,,0,,STRUCTURAL_CONTROL_ONLY,EXCLUDE_FROM_BENCHMARK,not_used_in_paper5,NOT_ANCHORED,,,,,
ADDI2-0714,emtricitabine,sevelamer,107.0,72.56874704695238,1.4744639304681726,10.4,T3_trivial_inert,1,True,False,False,94197,15661,276237.0,J05AF;J05AR,DB00879,CHEMBL885,214824.0,V03AE,,CHEMBL5314349,28.0,7.903877857715589,19.111528943277264,20.27061818459199,0.1071428571428571,0.2142857142857142,0.2857142857142857,False,False,no_label_signal,,0,,STRUCTURAL_CONTROL_ONLY,EXCLUDE_FROM_BENCHMARK,not_used_in_paper5,NOT_ANCHORED,,,,,
ADDI2-0715,levetiracetam,ustekinumab,106.0,661.9049191593607,0.1601438468452889,10.5,T3_trivial_inert,2,True,False,False,133748,100604,114477.0,N03AX,DB01202,CHEMBL1286,847083.0,L04AC,,CHEMBL1201835,12.0,2.549808624807321,4.872926670058698,5.489132715048471,0.1666666666666666,0.1666666666666666,0.5833333333333334,False,False,no_label_signal,,0,,STRUCTURAL_CONTROL_ONLY,EXCLUDE_FROM_BENCHMARK,not_used_in_paper5,NOT_ANCHORED,,,,,
ADDI2-0716,ustekinumab,liraglutide,70.0,261.18787509700013,0.2680063152778564,14.8,T3_trivial_inert,2,True,False,False,100604,52777,847083.0,L04AC,,CHEMBL1201835,475968.0,A10AE;A10BJ,,CHEMBL4084119,,,,,,,,False,False,no_label_signal,,0,,STRUCTURAL_CONTROL_ONLY,EXCLUDE_FROM_BENCHMARK,not_used_in_paper5,NOT_ANCHORED,,,,,
ADDI2-0717,lactulose,ustekinumab,67.0,193.5958558826676,0.3460817882414105,15.35,T3_trivial_inert,2,True,False,False,39119,100604,6218.0,A06AD,DB00581,CHEMBL296306,847083.0,L04AC,,CHEMBL1201835,,,,,,,,False,False,no_label_signal,,0,,STRUCTURAL_CONTROL_ONLY,EXCLUDE_FROM_BENCHMARK,not_used_in_paper5,NOT_ANCHORED,,,,,
ADDI2-0718,heparin,ustekinumab,58.0,364.5703089370504,0.1590913976760919,17.45,T3_trivial_inert,2,True,False,False,73667,100604,5224.0,B01AB;C05BA;S01XA,,CHEMBL4650299,847083.0,L04AC,,CHEMBL1201835,,,,,,,,False,False,no_label_signal,,0,,STRUCTURAL_CONTROL_ONLY,EXCLUDE_FROM_BENCHMARK,not_used_in_paper5,NOT_ANCHORED,,,,,
ADDI2-0719,sevelamer,dalteparin,51.0,10.901836995460824,4.678110672654047,19.6,T3_trivial_inert,2,True,False,False,15661,14151,214824.0,V03AE,,CHEMBL5314349,67109.0,B01AB,,CHEMBL1201460,,,,,,,,False,False,no_label_signal,,0,,STRUCTURAL_CONTROL_ONLY,EXCLUDE_FROM_BENCHMARK,not_used_in_paper5,NOT_ANCHORED,,,,,
ADDI2-0720,emtricitabine,ustekinumab,45.0,466.1711402791391,0.0965310722003391,22.0,T3_trivial_inert,1,True,False,False,94197,100604,276237.0,J05AF;J05AR,DB00879,CHEMBL885,847083.0,L04AC,,CHEMBL1201835,,,,,,,,False,False,no_label_signal,,0,,STRUCTURAL_CONTROL_ONLY,EXCLUDE_FROM_BENCHMARK,not_used_in_paper5,NOT_ANCHORED,,,,,
ADDI2-0721,sevelamer,liraglutide,26.0,40.659052442190365,0.6394639923536629,inf,T3_trivial_inert,2,True,False,False,15661,52777,214824.0,V03AE,,CHEMBL5314349,475968.0,A10AE;A10BJ,,CHEMBL4084119,,,,,,,,False,False,no_label_signal,,0,,STRUCTURAL_CONTROL_ONLY,EXCLUDE_FROM_BENCHMARK,not_used_in_paper5,NOT_ANCHORED,,,,,
ADDI2-0722,donepezil,ustekinumab,24.0,198.8664299391374,0.1206840189535516,inf,T4_uninformative,1,False,False,False,40184,100604,135447.0,N06DA,DB00843,CHEMBL502,847083.0,L04AC,,CHEMBL1201835,,,,,,,,False,False,no_label_signal,,0,,UNRESOLVED,DO_NOT_LABEL_NEGATIVE,not_used_in_paper5,NOT_ANCHORED,,,,,
ADDI2-0723,ropinirole,dalteparin,24.0,14.440879156556718,1.6619486763797944,inf,T4_uninformative,1,False,False,False,20745,14151,72302.0,N04BC,DB00268,CHEMBL589,67109.0,B01AB,,CHEMBL1201460,,,,,,,,False,False,no_label_signal,,0,,UNRESOLVED,DO_NOT_LABEL_NEGATIVE,not_used_in_paper5,NOT_ANCHORED,,,,,
ADDI2-0724,sevelamer,alfuzosin,24.0,9.83099017024066,2.4412596884340583,inf,T4_uninformative,1,False,False,False,15661,12761,214824.0,V03AE,,CHEMBL5314349,17300.0,G04CA,DB00346,CHEMBL709,,,,,,,,False,False,no_label_signal,,0,,UNRESOLVED,DO_NOT_LABEL_NEGATIVE,not_used_in_paper5,NOT_ANCHORED,,,,,
ADDI2-0725,atomoxetine,liraglutide,22.0,70.27647599499718,0.3130492769951374,inf,T4_uninformative,1,False,False,False,27069,52777,38400.0,N06BA,DB00289,CHEMBL641,475968.0,A10AE;A10BJ,,CHEMBL4084119,,,,,,,,False,False,no_label_signal,,0,,UNRESOLVED,DO_NOT_LABEL_NEGATIVE,not_used_in_paper5,NOT_ANCHORED,,,,,
ADDI2-0726,heparin,zaleplon,22.0,5.921314110802159,3.715391480392123,inf,T4_uninformative,1,False,False,False,73667,1634,5224.0,B01AB;C05BA;S01XA,,CHEMBL4650299,74667.0,N05CF,DB00962,CHEMBL1521,,,,,,,,False,False,no_label_signal,,0,,UNRESOLVED,DO_NOT_LABEL_NEGATIVE,not_used_in_paper5,NOT_ANCHORED,,,,,
ADDI2-0727,methylphenidate,sevelamer,22.0,57.98828156917049,0.3793869969013932,inf,T4_uninformative,1,False,False,False,75271,15661,6901.0,N06BA,DB00422,CHEMBL796,214824.0,V03AE,,CHEMBL5314349,,,,,,,,False,False,no_label_signal,,0,,UNRESOLVED,DO_NOT_LABEL_NEGATIVE,not_used_in_paper5,NOT_ANCHORED,,,,,
ADDI2-0728,nabumetone,ustekinumab,22.0,32.27174969224355,0.6817107907008728,inf,T4_uninformative,1,False,False,False,6521,100604,31448.0,M01AX,DB00461,CHEMBL1070,847083.0,L04AC,,CHEMBL1201835,,,,,,,,False,False,no_label_signal,,0,,UNRESOLVED,DO_NOT_LABEL_NEGATIVE,not_used_in_paper5,NOT_ANCHORED,,,,,
ADDI2-0729,oseltamivir,ustekinumab,22.0,121.27269225708147,0.1814093477314993,inf,T4_uninformative,1,False,False,False,24505,100604,260101.0,J05AH,DB00198,CHEMBL1229,847083.0,L04AC,,CHEMBL1201835,,,,,,,,False,False,no_label_signal,,0,,UNRESOLVED,DO_NOT_LABEL_NEGATIVE,not_used_in_paper5,NOT_ANCHORED,,,,,
ADDI2-0730,raltegravir,liraglutide,22.0,47.05348741857213,0.4675530169378379,inf,T4_uninformative,1,False,False,False,18124,52777,719872.0,J05AJ,DB06817,CHEMBL254316,475968.0,A10AE;A10BJ,,CHEMBL4084119,,,,,,,,False,False,no_label_signal,,0,,UNRESOLVED,DO_NOT_LABEL_NEGATIVE,not_used_in_paper5,NOT_ANCHORED,,,,,
ADDI2-0731,sevelamer,granisetron,22.0,10.424193087808664,2.1104751048529127,inf,T4_uninformative,1,False,False,False,15661,13531,214824.0,V03AE,,CHEMBL5314349,26237.0,A04AA,,CHEMBL289469,,,,,,,,False,False,no_label_signal,,0,,UNRESOLVED,DO_NOT_LABEL_NEGATIVE,not_used_in_paper5,NOT_ANCHORED,,,,,
ADDI2-0732,solifenacin,sevelamer,22.0,24.706516320007676,0.8904533409343551,inf,T4_uninformative,1,False,False,False,32070,15661,322167.0,G04BD,DB01591,CHEMBL1734,214824.0,V03AE,,CHEMBL5314349,,,,,,,,False,False,no_label_signal,,0,,UNRESOLVED,DO_NOT_LABEL_NEGATIVE,not_used_in_paper5,NOT_ANCHORED,,,,,
ADDI2-0733,cefdinir,ustekinumab,21.0,39.3140284550196,0.5341604721079845,inf,T4_uninformative,1,False,False,False,7944,100604,25037.0,J01DD,DB00535,CHEMBL927,847083.0,L04AC,,CHEMBL1201835,,,,,,,,False,False,no_label_signal,,0,,UNRESOLVED,DO_NOT_LABEL_NEGATIVE,not_used_in_paper5,NOT_ANCHORED,,,,,
ADDI2-0734,tetracycline,liraglutide,21.0,17.116731546603734,1.2268697410380769,inf,T4_uninformative,1,False,False,False,6593,52777,10395.0,A01AB;A02BD;D06AA;J01AA;J01RA;S01AA;S02AA;S03AA,DB00759,CHEMBL1440,475968.0,A10AE;A10BJ,,CHEMBL4084119,,,,,,,,False,False,no_label_signal,,0,,UNRESOLVED,DO_NOT_LABEL_NEGATIVE,not_used_in_paper5,NOT_ANCHORED,,,,,
ADDI2-0735,valproate,ustekinumab,20.0,169.75702468077571,0.117815448507121,inf,T4_uninformative,1,False,False,False,34302,100604,40254.0,N03AG,DB00313,CHEMBL109,847083.0,L04AC,,CHEMBL1201835,,,,,,,,False,False,no_label_signal,,0,,UNRESOLVED,DO_NOT_LABEL_NEGATIVE,not_used_in_paper5,NOT_ANCHORED,,,,,
ADDI2-0736,conjugated estrogens,sevelamer,19.0,53.52616299961999,0.3549665982995061,inf,T4_uninformative,2,False,False,True,69479,15661,4099.0,G03CA;G03CC,,CHEMBL1201649,214824.0,V03AE,,CHEMBL5314349,,,,,,,,False,False,no_label_signal,,0,,UNRESOLVED,DO_NOT_LABEL_NEGATIVE,not_used_in_paper5,NOT_ANCHORED,,,,,
ADDI2-0737,glipizide,dalteparin,19.0,44.2770093821136,0.429116606228499,inf,T4_uninformative,1,False,False,False,63606,14151,4821.0,A10BB,DB01067,CHEMBL1073,67109.0,B01AB,,CHEMBL1201460,,,,,,,,False,False,no_label_signal,,0,,UNRESOLVED,DO_NOT_LABEL_NEGATIVE,not_used_in_paper5,NOT_ANCHORED,,,,,
ADDI2-0738,raltegravir,dalteparin,19.0,12.616365091994888,1.5059805151053802,inf,T4_uninformative,1,False,False,False,18124,14151,719872.0,J05AJ,DB06817,CHEMBL254316,67109.0,B01AB,,CHEMBL1201460,,,,,,,,False,False,no_label_signal,,0,,UNRESOLVED,DO_NOT_LABEL_NEGATIVE,not_used_in_paper5,NOT_ANCHORED,,,,,
ADDI2-0739,eletriptan,ustekinumab,18.0,41.763731889716816,0.4309959667285387,inf,T4_uninformative,1,False,False,False,8439,100604,231049.0,N02CC,DB00216,CHEMBL1510,847083.0,L04AC,,CHEMBL1201835,,,,,,,,False,False,no_label_signal,,0,,UNRESOLVED,DO_NOT_LABEL_NEGATIVE,not_used_in_paper5,NOT_ANCHORED,,,,,
ADDI2-0740,tetracycline,dalteparin,18.0,4.58947776713321,3.9220148594909943,inf,T4_uninformative,1,False,False,False,6593,14151,10395.0,A01AB;A02BD;D06AA;J01AA;J01RA;S01AA;S02AA;S03AA,DB00759,CHEMBL1440,67109.0,B01AB,,CHEMBL1201460,,,,,,,,False,False,no_label_signal,,0,,UNRESOLVED,DO_NOT_LABEL_NEGATIVE,not_used_in_paper5,NOT_ANCHORED,,,,,
ADDI2-0741,phenazopyridine,sevelamer,17.0,3.760290182661598,4.5209276875454085,inf,T4_uninformative,1,False,False,False,4881,15661,8120.0,G04BX,DB01438,CHEMBL1242,214824.0,V03AE,,CHEMBL5314349,,,,,,,,False,False,no_label_signal,,0,,UNRESOLVED,DO_NOT_LABEL_NEGATIVE,not_used_in_paper5,NOT_ANCHORED,,,,,
ADDI2-0742,terazosin,dalteparin,17.0,8.898421704423454,1.910451152427313,inf,T4_uninformative,1,False,False,False,12783,14151,37798.0,G04CA,DB01162,CHEMBL611,67109.0,B01AB,,CHEMBL1201460,,,,,,,,False,False,no_label_signal,,0,,UNRESOLVED,DO_NOT_LABEL_NEGATIVE,not_used_in_paper5,NOT_ANCHORED,,,,,
ADDI2-0743,clozapine,sevelamer,16.0,99.04023464507472,0.1615505057852332,inf,T4_uninformative,1,False,False,False,128558,15661,2626.0,N05AH,DB00363,CHEMBL42,214824.0,V03AE,,CHEMBL5314349,,,,,,,,False,False,no_label_signal,,0,,UNRESOLVED,DO_NOT_LABEL_NEGATIVE,not_used_in_paper5,NOT_ANCHORED,,,,,
ADDI2-0744,memantine,liraglutide,16.0,44.652004530568426,0.3583265783520764,inf,T4_uninformative,1,False,False,False,17199,52777,6719.0,N06DA;N06DX,DB01043,CHEMBL807,475968.0,A10AE;A10BJ,,CHEMBL4084119,,,,,,,,False,False,no_label_signal,,0,,UNRESOLVED,DO_NOT_LABEL_NEGATIVE,not_used_in_paper5,NOT_ANCHORED,,,,,
ADDI2-0745,ustekinumab,zolmitriptan,16.0,35.59245879261089,0.4495334276630995,inf,T4_uninformative,1,False,False,False,100604,7192,847083.0,L04AC,,CHEMBL1201835,135775.0,N02CC,DB00315,CHEMBL1185,,,,,,,,False,False,no_label_signal,,0,,UNRESOLVED,DO_NOT_LABEL_NEGATIVE,not_used_in_paper5,NOT_ANCHORED,,,,,
ADDI2-0746,valganciclovir,conjugated estrogens,16.0,67.39559467399953,0.2374042409951851,inf,T4_uninformative,1,False,False,True,19719,69479,275891.0,J05AB,DB01610,CHEMBL1201314,4099.0,G03CA;G03CC,,CHEMBL1201649,,,,,,,,False,False,no_label_signal,,0,,UNRESOLVED,DO_NOT_LABEL_NEGATIVE,not_used_in_paper5,NOT_ANCHORED,,,,,
ADDI2-0747,penicillin v potassium,dalteparin,15.0,1.8948215504529955,7.9163127506196815,inf,T4_uninformative,1,False,False,True,2722,14151,,J01CA;J01CE,DB00417,CHEMBL615,67109.0,B01AB,,CHEMBL1201460,,,,,,,,False,False,no_label_signal,,0,,UNRESOLVED,DO_NOT_LABEL_NEGATIVE,not_used_in_paper5,NOT_ANCHORED,,,,,
ADDI2-0748,ustekinumab,fluvoxamine,15.0,31.17804371432823,0.4811077993680077,inf,T4_uninformative,1,False,False,False,100604,6300,847083.0,L04AC,,CHEMBL1201835,42355.0,N06AB,DB00176,CHEMBL814,,,,,,,,False,False,no_label_signal,,0,,UNRESOLVED,DO_NOT_LABEL_NEGATIVE,not_used_in_paper5,NOT_ANCHORED,,,,,
ADDI2-0749,valganciclovir,ustekinumab,15.0,97.58727682584735,0.153708562098405,inf,T4_uninformative,1,False,False,False,19719,100604,275891.0,J05AB,DB01610,CHEMBL1201314,847083.0,L04AC,,CHEMBL1201835,,,,,,,,False,False,no_label_signal,,0,,UNRESOLVED,DO_NOT_LABEL_NEGATIVE,not_used_in_paper5,NOT_ANCHORED,,,,,
ADDI2-0750,haloperidol,ustekinumab,13.0,138.20286488354446,0.0940646202302271,inf,T4_uninformative,1,False,False,False,27926,100604,5093.0,N05AD,DB00502,CHEMBL54,847083.0,L04AC,,CHEMBL1201835,,,,,,,,False,False,no_label_signal,,0,,UNRESOLVED,DO_NOT_LABEL_NEGATIVE,not_used_in_paper5,NOT_ANCHORED,,,,,
ADDI2-0751,benztropine,ustekinumab,13.0,39.437750850711375,0.3296334025033658,inf,T4_uninformative,1,False,False,False,7969,100604,1424.0,N04AC,DB00245,CHEMBL1201203,847083.0,L04AC,,CHEMBL1201835,,,,,,,,False,False,no_label_signal,,0,,UNRESOLVED,DO_NOT_LABEL_NEGATIVE,not_used_in_paper5,NOT_ANCHORED,,,,,
ADDI2-0752,clozapine,ustekinumab,13.0,636.2201498137474,0.02043317867849,inf,T4_uninformative,1,False,False,False,128558,100604,2626.0,N05AH,DB00363,CHEMBL42,847083.0,L04AC,,CHEMBL1201835,,,,,,,,False,False,no_label_signal,,0,,UNRESOLVED,DO_NOT_LABEL_NEGATIVE,not_used_in_paper5,NOT_ANCHORED,,,,,
ADDI2-0753,dicyclomine,dalteparin,13.0,11.63623697184874,1.1171996609772197,inf,T4_uninformative,1,False,False,False,16716,14151,3361.0,A03AA,DB00804,CHEMBL1123,67109.0,B01AB,,CHEMBL1201460,,,,,,,,False,False,no_label_signal,,0,,UNRESOLVED,DO_NOT_LABEL_NEGATIVE,not_used_in_paper5,NOT_ANCHORED,,,,,
ADDI2-0754,memantine,sevelamer,13.0,13.249996076950795,0.9811323659645697,inf,T4_uninformative,1,False,False,False,17199,15661,6719.0,N06DA;N06DX,DB01043,CHEMBL807,214824.0,V03AE,,CHEMBL5314349,,,,,,,,False,False,no_label_signal,,0,,UNRESOLVED,DO_NOT_LABEL_NEGATIVE,not_used_in_paper5,NOT_ANCHORED,,,,,
ADDI2-0755,nabumetone,sevelamer,13.0,5.023735357741504,2.58771592734621,inf,T4_uninformative,1,False,False,False,6521,15661,31448.0,M01AX,DB00461,CHEMBL1070,214824.0,V03AE,,CHEMBL5314349,,,,,,,,False,False,no_label_signal,,0,,UNRESOLVED,DO_NOT_LABEL_NEGATIVE,not_used_in_paper5,NOT_ANCHORED,,,,,
ADDI2-0756,terazosin,ustekinumab,13.0,63.26173536512028,0.2054954693381304,inf,T4_uninformative,1,False,False,False,12783,100604,37798.0,G04CA,DB01162,CHEMBL611,847083.0,L04AC,,CHEMBL1201835,,,,,,,,False,False,no_label_signal,,0,,UNRESOLVED,DO_NOT_LABEL_NEGATIVE,not_used_in_paper5,NOT_ANCHORED,,,,,
ADDI2-0757,ustekinumab,alfuzosin,13.0,63.15285965691152,0.2058497441069917,inf,T4_uninformative,1,False,False,False,100604,12761,847083.0,L04AC,,CHEMBL1201835,17300.0,G04CA,DB00346,CHEMBL709,,,,,,,,False,False,no_label_signal,,0,,UNRESOLVED,DO_NOT_LABEL_NEGATIVE,not_used_in_paper5,NOT_ANCHORED,,,,,
ADDI2-0758,conjugated estrogens,dalteparin,12.0,48.36528526962663,0.2481118416463883,inf,T4_uninformative,2,False,False,True,69479,14151,4099.0,G03CA;G03CC,,CHEMBL1201649,67109.0,B01AB,,CHEMBL1201460,,,,,,,,False,False,no_label_signal,,0,,UNRESOLVED,DO_NOT_LABEL_NEGATIVE,not_used_in_paper5,NOT_ANCHORED,,,,,
ADDI2-0759,conjugated estrogens,raltegravir,12.0,61.9442039592052,0.1937227251786604,inf,T4_uninformative,1,False,False,True,69479,18124,4099.0,G03CA;G03CC,,CHEMBL1201649,719872.0,J05AJ,DB06817,CHEMBL254316,,,,,,,,False,False,no_label_signal,,0,,UNRESOLVED,DO_NOT_LABEL_NEGATIVE,not_used_in_paper5,NOT_ANCHORED,,,,,
ADDI2-0760,liraglutide,zaleplon,11.0,4.242187069187093,2.5930021049514607,inf,T4_uninformative,1,False,False,False,52777,1634,475968.0,A10AE;A10BJ,,CHEMBL4084119,74667.0,N05CF,DB00962,CHEMBL1521,,,,,,,,False,False,no_label_signal,,0,,UNRESOLVED,DO_NOT_LABEL_NEGATIVE,not_used_in_paper5,NOT_ANCHORED,,,,,
ADDI2-0761,tetracycline,sevelamer,11.0,5.0792036825011095,2.165693814937416,inf,T4_uninformative,1,False,False,False,6593,15661,10395.0,A01AB;A02BD;D06AA;J01AA;J01RA;S01AA;S02AA;S03AA,DB00759,CHEMBL1440,214824.0,V03AE,,CHEMBL5314349,,,,,,,,False,False,no_label_signal,,0,,UNRESOLVED,DO_NOT_LABEL_NEGATIVE,not_used_in_paper5,NOT_ANCHORED,,,,,
ADDI2-0762,valproate,sevelamer,11.0,26.426034387555447,0.4162561752050138,inf,T4_uninformative,1,False,False,False,34302,15661,40254.0,N03AG,DB00313,CHEMBL109,214824.0,V03AE,,CHEMBL5314349,,,,,,,,False,False,no_label_signal,,0,,UNRESOLVED,DO_NOT_LABEL_NEGATIVE,not_used_in_paper5,NOT_ANCHORED,,,,,
ADDI2-0763,entacapone,dalteparin,10.0,4.141876644083513,2.414364516211404,inf,T4_uninformative,1,False,False,False,5950,14151,60307.0,N04BX,DB00494,CHEMBL953,67109.0,B01AB,,CHEMBL1201460,,,,,,,,False,False,no_label_signal,,0,,UNRESOLVED,DO_NOT_LABEL_NEGATIVE,not_used_in_paper5,NOT_ANCHORED,,,,,
ADDI2-0764,ustekinumab,zaleplon,10.0,8.086495782414655,1.2366295944587713,inf,T4_uninformative,1,False,False,False,100604,1634,847083.0,L04AC,,CHEMBL1201835,74667.0,N05CF,DB00962,CHEMBL1521,,,,,,,,False,False,no_label_signal,,0,,UNRESOLVED,DO_NOT_LABEL_NEGATIVE,not_used_in_paper5,NOT_ANCHORED,,,,,
ADDI2-0765,valganciclovir,liraglutide,10.0,51.19442277680555,0.1953337777358564,inf,T4_uninformative,1,False,False,False,19719,52777,275891.0,J05AB,DB01610,CHEMBL1201314,475968.0,A10AE;A10BJ,,CHEMBL4084119,,,,,,,,False,False,no_label_signal,,0,,UNRESOLVED,DO_NOT_LABEL_NEGATIVE,not_used_in_paper5,NOT_ANCHORED,,,,,
ADDI2-0766,zolmitriptan,liraglutide,10.0,18.67185397894343,0.535565456503525,inf,T4_uninformative,1,False,False,False,7192,52777,135775.0,N02CC,DB00315,CHEMBL1185,475968.0,A10AE;A10BJ,,CHEMBL4084119,,,,,,,,False,False,no_label_signal,,0,,UNRESOLVED,DO_NOT_LABEL_NEGATIVE,not_used_in_paper5,NOT_ANCHORED,,,,,
ADDI2-0767,benztropine,sevelamer,9.0,6.139265000129129,1.4659735326314631,inf,T4_uninformative,1,False,False,False,7969,15661,1424.0,N04AC,DB00245,CHEMBL1201203,214824.0,V03AE,,CHEMBL5314349,,,,,,,,False,False,no_label_signal,,0,,UNRESOLVED,DO_NOT_LABEL_NEGATIVE,not_used_in_paper5,NOT_ANCHORED,,,,,
ADDI2-0768,memantine,ustekinumab,9.0,85.11605934011607,0.1057379778830786,inf,T4_uninformative,1,False,False,False,17199,100604,6719.0,N06DA;N06DX,DB01043,CHEMBL807,847083.0,L04AC,,CHEMBL1201835,,,,,,,,False,False,no_label_signal,,0,,UNRESOLVED,DO_NOT_LABEL_NEGATIVE,not_used_in_paper5,NOT_ANCHORED,,,,,
ADDI2-0769,penicillin v potassium,sevelamer,9.0,2.0970108332728685,4.291823321653244,inf,T4_uninformative,1,False,False,True,2722,15661,,J01CA;J01CE,DB00417,CHEMBL615,214824.0,V03AE,,CHEMBL5314349,,,,,,,,False,False,no_label_signal,,0,,UNRESOLVED,DO_NOT_LABEL_NEGATIVE,not_used_in_paper5,NOT_ANCHORED,,,,,
ADDI2-0770,raloxifene,sevelamer,9.0,12.983439960744912,0.6931907127241519,inf,T4_uninformative,1,False,False,False,16853,15661,72143.0,G03XC,DB00481,CHEMBL81,214824.0,V03AE,,CHEMBL5314349,,,,,,,,False,False,no_label_signal,,0,,UNRESOLVED,DO_NOT_LABEL_NEGATIVE,not_used_in_paper5,NOT_ANCHORED,,,,,
ADDI2-0771,raloxifene,ustekinumab,8.0,83.40374138374185,0.095918958397704,inf,T4_uninformative,1,False,False,False,16853,100604,72143.0,G03XC,DB00481,CHEMBL81,847083.0,L04AC,,CHEMBL1201835,,,,,,,,False,False,no_label_signal,,0,,UNRESOLVED,DO_NOT_LABEL_NEGATIVE,not_used_in_paper5,NOT_ANCHORED,,,,,
ADDI2-0772,sevelamer,zaleplon,8.0,1.2588228146832725,6.35514379520747,inf,T4_uninformative,1,False,False,False,15661,1634,214824.0,V03AE,,CHEMBL5314349,74667.0,N05CF,DB00962,CHEMBL1521,,,,,,,,False,False,no_label_signal,,0,,UNRESOLVED,DO_NOT_LABEL_NEGATIVE,not_used_in_paper5,NOT_ANCHORED,,,,,
ADDI2-0773,atomoxetine,dalteparin,7.0,18.843102332554054,0.3714887217858248,inf,T4_uninformative,1,False,False,False,27069,14151,38400.0,N06BA,DB00289,CHEMBL641,67109.0,B01AB,,CHEMBL1201460,,,,,,,,False,False,no_label_signal,,0,,UNRESOLVED,DO_NOT_LABEL_NEGATIVE,not_used_in_paper5,NOT_ANCHORED,,,,,
ADDI2-0774,imipramine,liraglutide,7.0,13.404168811635838,0.522225592527861,inf,T4_uninformative,1,False,False,False,5163,52777,5691.0,N06AA,DB00458,CHEMBL11,475968.0,A10AE;A10BJ,,CHEMBL4084119,,,,,,,,False,False,no_label_signal,,0,,UNRESOLVED,DO_NOT_LABEL_NEGATIVE,not_used_in_paper5,NOT_ANCHORED,,,,,
ADDI2-0775,liraglutide,granisetron,7.0,35.129151305489934,0.1992647058030704,inf,T4_uninformative,1,False,False,False,52777,13531,475968.0,A10AE;A10BJ,,CHEMBL4084119,26237.0,A04AA,,CHEMBL289469,,,,,,,,False,False,no_label_signal,,0,,UNRESOLVED,DO_NOT_LABEL_NEGATIVE,not_used_in_paper5,NOT_ANCHORED,,,,,
ADDI2-0776,benztropine,dalteparin,6.0,5.547330248185129,1.0816013706706873,inf,T4_uninformative,1,False,False,False,7969,14151,1424.0,N04AC,DB00245,CHEMBL1201203,67109.0,B01AB,,CHEMBL1201460,,,,,,,,False,False,no_label_signal,,0,,UNRESOLVED,DO_NOT_LABEL_NEGATIVE,not_used_in_paper5,NOT_ANCHORED,,,,,
ADDI2-0777,eletriptan,sevelamer,5.0,6.501349897865443,0.7690710511737918,inf,T4_uninformative,1,False,False,False,8439,15661,231049.0,N02CC,DB00216,CHEMBL1510,214824.0,V03AE,,CHEMBL5314349,,,,,,,,False,False,no_label_signal,,0,,UNRESOLVED,DO_NOT_LABEL_NEGATIVE,not_used_in_paper5,NOT_ANCHORED,,,,,
ADDI2-0778,phenazopyridine,dalteparin,5.0,3.39773107559187,1.4715702593175424,inf,T4_uninformative,1,False,False,False,4881,14151,8120.0,G04BX,DB01438,CHEMBL1242,67109.0,B01AB,,CHEMBL1201460,,,,,,,,False,False,no_label_signal,,0,,UNRESOLVED,DO_NOT_LABEL_NEGATIVE,not_used_in_paper5,NOT_ANCHORED,,,,,
ADDI2-0779,ustekinumab,granisetron,5.0,66.9635094442183,0.0746675322350762,inf,T4_uninformative,1,False,False,False,100604,13531,847083.0,L04AC,,CHEMBL1201835,26237.0,A04AA,,CHEMBL289469,,,,,,,,False,False,no_label_signal,,0,,UNRESOLVED,DO_NOT_LABEL_NEGATIVE,not_used_in_paper5,NOT_ANCHORED,,,,,
ADDI2-0780,atomoxetine,sevelamer,4.0,20.8537789294134,0.1918117581249585,inf,T4_uninformative,1,False,False,False,27069,15661,38400.0,N06BA,DB00289,CHEMBL641,214824.0,V03AE,,CHEMBL5314349,,,,,,,,False,False,no_label_signal,,0,,UNRESOLVED,DO_NOT_LABEL_NEGATIVE,not_used_in_paper5,NOT_ANCHORED,,,,,
ADDI2-0781,cefdinir,dalteparin,4.0,5.529927405142761,0.7233368011811605,inf,T4_uninformative,1,False,False,False,7944,14151,25037.0,J01DD,DB00535,CHEMBL927,67109.0,B01AB,,CHEMBL1201460,,,,,,,,False,False,no_label_signal,,0,,UNRESOLVED,DO_NOT_LABEL_NEGATIVE,not_used_in_paper5,NOT_ANCHORED,,,,,
ADDI2-0782,methocarbamol,dalteparin,4.0,15.744004043569213,0.2540649753982906,inf,T4_uninformative,1,False,False,False,22617,14151,6845.0,M03BA,DB00423,CHEMBL1201117,67109.0,B01AB,,CHEMBL1201460,,,,,,,,False,False,no_label_signal,,0,,UNRESOLVED,DO_NOT_LABEL_NEGATIVE,not_used_in_paper5,NOT_ANCHORED,,,,,
ADDI2-0783,raloxifene,dalteparin,3.0,11.731604551720917,0.2557194957240464,inf,T4_uninformative,1,False,False,False,16853,14151,72143.0,G03XC,DB00481,CHEMBL81,67109.0,B01AB,,CHEMBL1201460,,,,,,,,False,False,no_label_signal,,0,,UNRESOLVED,DO_NOT_LABEL_NEGATIVE,not_used_in_paper5,NOT_ANCHORED,,,,,
ADDI2-0784,sevelamer,fluvoxamine,3.0,4.853478416465492,0.618113390557679,inf,T4_uninformative,1,False,False,False,15661,6300,214824.0,V03AE,,CHEMBL5314349,42355.0,N06AB,DB00176,CHEMBL814,,,,,,,,False,False,no_label_signal,,0,,UNRESOLVED,DO_NOT_LABEL_NEGATIVE,not_used_in_paper5,NOT_ANCHORED,,,,,
ADDI2-0785,sevelamer,zolmitriptan,3.0,5.540669328765051,0.5414508287699357,inf,T4_uninformative,1,False,False,False,15661,7192,214824.0,V03AE,,CHEMBL5314349,135775.0,N02CC,DB00315,CHEMBL1185,,,,,,,,False,False,no_label_signal,,0,,UNRESOLVED,DO_NOT_LABEL_NEGATIVE,not_used_in_paper5,NOT_ANCHORED,,,,,
ADDI2-0786,ustekinumab,sevelamer,3.0,77.50465755715784,0.0387073512038624,inf,T4_uninformative,2,True,False,False,100604,15661,847083.0,L04AC,,CHEMBL1201835,214824.0,V03AE,,CHEMBL5314349,,,,,,,,False,False,no_label_signal,,0,,UNRESOLVED,DO_NOT_LABEL_NEGATIVE,not_used_in_paper5,NOT_ANCHORED,,,,,
ADDI2-0787,vardenafil,levetiracetam,3.0,6.3490343026995255,0.4725128038329293,inf,T4_uninformative,1,False,False,False,965,133748,306674.0,G04BE,DB00862,CHEMBL1520,114477.0,N03AX,DB01202,CHEMBL1286,,,,,,,,True,False,no_label_signal,,0,,UNRESOLVED,DO_NOT_LABEL_NEGATIVE,not_used_in_paper5,NOT_ANCHORED,,,,,
ADDI2-0788,cinacalcet,ustekinumab,2.0,245.77206459380452,0.0081376213497065,inf,T4_uninformative,1,False,False,False,49662,100604,407990.0,H05BX,DB01012,CHEMBL1201284,847083.0,L04AC,,CHEMBL1201835,,,,,,,,False,False,no_label_signal,,0,,UNRESOLVED,DO_NOT_LABEL_NEGATIVE,not_used_in_paper5,NOT_ANCHORED,,,,,
ADDI2-0789,entacapone,liraglutide,2.0,15.44737641472656,0.1294718239722135,inf,T4_uninformative,1,False,False,False,5950,52777,60307.0,N04BX,DB00494,CHEMBL953,475968.0,A10AE;A10BJ,,CHEMBL4084119,,,,,,,,False,False,no_label_signal,,0,,UNRESOLVED,DO_NOT_LABEL_NEGATIVE,not_used_in_paper5,NOT_ANCHORED,,,,,
ADDI2-0790,entacapone,sevelamer,2.0,4.583840726661854,0.4363153345113028,inf,T4_uninformative,1,False,False,False,5950,15661,60307.0,N04BX,DB00494,CHEMBL953,214824.0,V03AE,,CHEMBL5314349,,,,,,,,False,False,no_label_signal,,0,,UNRESOLVED,DO_NOT_LABEL_NEGATIVE,not_used_in_paper5,NOT_ANCHORED,,,,,
ADDI2-0791,imipramine,sevelamer,2.0,3.977541121303387,0.5028232113775424,inf,T4_uninformative,1,False,False,False,5163,15661,5691.0,N06AA,DB00458,CHEMBL11,214824.0,V03AE,,CHEMBL5314349,,,,,,,,False,False,no_label_signal,,0,,UNRESOLVED,DO_NOT_LABEL_NEGATIVE,not_used_in_paper5,NOT_ANCHORED,,,,,
ADDI2-0792,penicillin v potassium,ustekinumab,2.0,13.470894442920864,0.1484682408042345,inf,T4_uninformative,1,False,False,True,2722,100604,,J01CA;J01CE,DB00417,CHEMBL615,847083.0,L04AC,,CHEMBL1201835,,,,,,,,False,False,no_label_signal,,0,,UNRESOLVED,DO_NOT_LABEL_NEGATIVE,not_used_in_paper5,NOT_ANCHORED,,,,,
ADDI2-0793,vardenafil,dalteparin,2.0,0.6717497414353932,2.9772992479705387,inf,T4_uninformative,1,False,False,False,965,14151,306674.0,G04BE,DB00862,CHEMBL1520,67109.0,B01AB,,CHEMBL1201460,,,,,,,,False,False,no_label_signal,,0,,UNRESOLVED,DO_NOT_LABEL_NEGATIVE,not_used_in_paper5,NOT_ANCHORED,,,,,
ADDI2-0794,vardenafil,sevelamer,2.0,0.7434296304586032,2.69023444595052,inf,T4_uninformative,1,False,False,False,965,15661,306674.0,G04BE,DB00862,CHEMBL1520,214824.0,V03AE,,CHEMBL5314349,,,,,,,,False,False,no_label_signal,,0,,UNRESOLVED,DO_NOT_LABEL_NEGATIVE,not_used_in_paper5,NOT_ANCHORED,,,,,
ADDI2-0795,entacapone,ustekinumab,1.0,29.44593017464333,0.033960550543624,inf,T4_uninformative,1,False,False,False,5950,100604,60307.0,N04BX,DB00494,CHEMBL953,847083.0,L04AC,,CHEMBL1201835,,,,,,,,False,False,no_label_signal,,0,,UNRESOLVED,DO_NOT_LABEL_NEGATIVE,not_used_in_paper5,NOT_ANCHORED,,,,,
ADDI2-0796,imipramine,dalteparin,1.0,3.594035145109778,0.2782387927843859,inf,T4_uninformative,1,False,False,False,5163,14151,5691.0,N06AA,DB00458,CHEMBL11,67109.0,B01AB,,CHEMBL1201460,,,,,,,,False,False,no_label_signal,,0,,UNRESOLVED,DO_NOT_LABEL_NEGATIVE,not_used_in_paper5,NOT_ANCHORED,,,,,
ADDI2-0797,vardenafil,ustekinumab,0.0,4.775684473702658,0.0,inf,T4_uninformative,1,False,False,False,965,100604,306674.0,G04BE,DB00862,CHEMBL1520,847083.0,L04AC,,CHEMBL1201835,,,,,,,,False,False,no_label_signal,,0,,UNRESOLVED,DO_NOT_LABEL_NEGATIVE,not_used_in_paper5,NOT_ANCHORED,,,,,
