pair_index,drug_1,drug_2,defect_class,detail
1,ciprofloxacin,dalteparin,hub_pair,"'dalteparin' degree 82 (9.9% of rows): LMWH, renally cleared, no CYP metabolism"
2,ciprofloxacin,heparin,hub_pair,"'heparin' degree 63 (7.6% of rows): unfractionated heparin, reticuloendothelial clearance, no CYP metabolism"
3,ciprofloxacin,ustekinumab,hub_pair,"'ustekinumab' degree 140 (16.9% of rows): IgG1k monoclonal antibody; cleared by proteolytic catabolism, no CYP/transporter involvement, so absence of a reported interaction is structurally predetermined"
4,clindamycin,dalteparin,hub_pair,"'dalteparin' degree 82 (9.9% of rows): LMWH, renally cleared, no CYP metabolism"
5,clindamycin,sevelamer,hub_pair,"'sevelamer' degree 152 (18.4% of rows): non-absorbed polymeric phosphate binder; negligible systemic exposure, so absence of a reported interaction is a property of the molecule, not evidence about the pair"
6,clindamycin,ustekinumab,hub_pair,"'ustekinumab' degree 140 (16.9% of rows): IgG1k monoclonal antibody; cleared by proteolytic catabolism, no CYP/transporter involvement, so absence of a reported interaction is structurally predetermined"
7,colchicine,dalteparin,hub_pair,"'dalteparin' degree 82 (9.9% of rows): LMWH, renally cleared, no CYP metabolism"
8,colchicine,heparin,hub_pair,"'heparin' degree 63 (7.6% of rows): unfractionated heparin, reticuloendothelial clearance, no CYP metabolism"
9,colchicine,liraglutide,hub_pair,"'liraglutide' degree 72 (8.7% of rows): GLP-1 peptide, endopeptidase-degraded, no CYP involvement"
10,colchicine,sevelamer,hub_pair,"'sevelamer' degree 152 (18.4% of rows): non-absorbed polymeric phosphate binder; negligible systemic exposure, so absence of a reported interaction is a property of the molecule, not evidence about the pair"
11,haloperidol,dalteparin,hub_pair,"'dalteparin' degree 82 (9.9% of rows): LMWH, renally cleared, no CYP metabolism"
12,haloperidol,sevelamer,hub_pair,"'sevelamer' degree 152 (18.4% of rows): non-absorbed polymeric phosphate binder; negligible systemic exposure, so absence of a reported interaction is a property of the molecule, not evidence about the pair"
13,haloperidol,ustekinumab,hub_pair,"'ustekinumab' degree 140 (16.9% of rows): IgG1k monoclonal antibody; cleared by proteolytic catabolism, no CYP/transporter involvement, so absence of a reported interaction is structurally predetermined"
14,isosorbide,citalopram,name_ambiguous,"'isosorbide': resolves to RxNorm IN 6057 'isosorbide', the osmotic diuretic (450 mg/mL oral solution), NOT the intended top-200 antianginal; does not distinguish isosorbide mononitrate (PIN 28004) from isosorbide dinitrate (IN 6058)"
15,isosorbide,dalteparin,hub_pair,"'dalteparin' degree 82 (9.9% of rows): LMWH, renally cleared, no CYP metabolism"
15,isosorbide,dalteparin,name_ambiguous,"'isosorbide': resolves to RxNorm IN 6057 'isosorbide', the osmotic diuretic (450 mg/mL oral solution), NOT the intended top-200 antianginal; does not distinguish isosorbide mononitrate (PIN 28004) from isosorbide dinitrate (IN 6058)"
16,isosorbide,dextromethorph,name_ambiguous,"'isosorbide': resolves to RxNorm IN 6057 'isosorbide', the osmotic diuretic (450 mg/mL oral solution), NOT the intended top-200 antianginal; does not distinguish isosorbide mononitrate (PIN 28004) from isosorbide dinitrate (IN 6058)"
16,isosorbide,dextromethorph,name_truncated,"'dextromethorph': truncated form of 'dextromethorphan'; fails RxNorm exact lookup (search=0), resolves only via normalized search to 4 concepts (IN 3289 dextromethorphan + 3 PIN salts)"
17,isosorbide,heparin,hub_pair,"'heparin' degree 63 (7.6% of rows): unfractionated heparin, reticuloendothelial clearance, no CYP metabolism"
17,isosorbide,heparin,name_ambiguous,"'isosorbide': resolves to RxNorm IN 6057 'isosorbide', the osmotic diuretic (450 mg/mL oral solution), NOT the intended top-200 antianginal; does not distinguish isosorbide mononitrate (PIN 28004) from isosorbide dinitrate (IN 6058)"
18,isosorbide,levetiracetam,hub_pair,"'levetiracetam' degree 78 (9.4% of rows): non-CYP, non-protein-bound antiepileptic; renal/hydrolytic clearance"
18,isosorbide,levetiracetam,name_ambiguous,"'isosorbide': resolves to RxNorm IN 6057 'isosorbide', the osmotic diuretic (450 mg/mL oral solution), NOT the intended top-200 antianginal; does not distinguish isosorbide mononitrate (PIN 28004) from isosorbide dinitrate (IN 6058)"
19,isosorbide,liraglutide,hub_pair,"'liraglutide' degree 72 (8.7% of rows): GLP-1 peptide, endopeptidase-degraded, no CYP involvement"
19,isosorbide,liraglutide,name_ambiguous,"'isosorbide': resolves to RxNorm IN 6057 'isosorbide', the osmotic diuretic (450 mg/mL oral solution), NOT the intended top-200 antianginal; does not distinguish isosorbide mononitrate (PIN 28004) from isosorbide dinitrate (IN 6058)"
20,isosorbide,sevelamer,hub_pair,"'sevelamer' degree 152 (18.4% of rows): non-absorbed polymeric phosphate binder; negligible systemic exposure, so absence of a reported interaction is a property of the molecule, not evidence about the pair"
20,isosorbide,sevelamer,name_ambiguous,"'isosorbide': resolves to RxNorm IN 6057 'isosorbide', the osmotic diuretic (450 mg/mL oral solution), NOT the intended top-200 antianginal; does not distinguish isosorbide mononitrate (PIN 28004) from isosorbide dinitrate (IN 6058)"
21,isosorbide,ustekinumab,hub_pair,"'ustekinumab' degree 140 (16.9% of rows): IgG1k monoclonal antibody; cleared by proteolytic catabolism, no CYP/transporter involvement, so absence of a reported interaction is structurally predetermined"
21,isosorbide,ustekinumab,name_ambiguous,"'isosorbide': resolves to RxNorm IN 6057 'isosorbide', the osmotic diuretic (450 mg/mL oral solution), NOT the intended top-200 antianginal; does not distinguish isosorbide mononitrate (PIN 28004) from isosorbide dinitrate (IN 6058)"
22,spironolactone,sevelamer,hub_pair,"'sevelamer' degree 152 (18.4% of rows): non-absorbed polymeric phosphate binder; negligible systemic exposure, so absence of a reported interaction is a property of the molecule, not evidence about the pair"
22,spironolactone,sevelamer,implausible_coprescription,"sevelamer indicates dialysis-dependent CKD (hyperphosphataemia of ESRD), but spironolactone is contraindicated in anuria/severe renal impairment (hyperkalaemia) — the two drugs are not co-prescribable in the same patient, so 'no reported interaction' reflects absent co-exposure"
23,spironolactone,ustekinumab,hub_pair,"'ustekinumab' degree 140 (16.9% of rows): IgG1k monoclonal antibody; cleared by proteolytic catabolism, no CYP/transporter involvement, so absence of a reported interaction is structurally predetermined"
24,sumatriptan,dalteparin,hub_pair,"'dalteparin' degree 82 (9.9% of rows): LMWH, renally cleared, no CYP metabolism"
25,sumatriptan,heparin,hub_pair,"'heparin' degree 63 (7.6% of rows): unfractionated heparin, reticuloendothelial clearance, no CYP metabolism"
26,sumatriptan,liraglutide,hub_pair,"'liraglutide' degree 72 (8.7% of rows): GLP-1 peptide, endopeptidase-degraded, no CYP involvement"
27,sumatriptan,sevelamer,hub_pair,"'sevelamer' degree 152 (18.4% of rows): non-absorbed polymeric phosphate binder; negligible systemic exposure, so absence of a reported interaction is a property of the molecule, not evidence about the pair"
28,sumatriptan,ustekinumab,hub_pair,"'ustekinumab' degree 140 (16.9% of rows): IgG1k monoclonal antibody; cleared by proteolytic catabolism, no CYP/transporter involvement, so absence of a reported interaction is structurally predetermined"
29,tizanidine,heparin,hub_pair,"'heparin' degree 63 (7.6% of rows): unfractionated heparin, reticuloendothelial clearance, no CYP metabolism"
30,tizanidine,liraglutide,hub_pair,"'liraglutide' degree 72 (8.7% of rows): GLP-1 peptide, endopeptidase-degraded, no CYP involvement"
31,tizanidine,sevelamer,hub_pair,"'sevelamer' degree 152 (18.4% of rows): non-absorbed polymeric phosphate binder; negligible systemic exposure, so absence of a reported interaction is a property of the molecule, not evidence about the pair"
32,tizanidine,ustekinumab,hub_pair,"'ustekinumab' degree 140 (16.9% of rows): IgG1k monoclonal antibody; cleared by proteolytic catabolism, no CYP/transporter involvement, so absence of a reported interaction is structurally predetermined"
35,allopurinol,dalteparin,hub_pair,"'dalteparin' degree 82 (9.9% of rows): LMWH, renally cleared, no CYP metabolism"
36,allopurinol,dextromethorph,name_truncated,"'dextromethorph': truncated form of 'dextromethorphan'; fails RxNorm exact lookup (search=0), resolves only via normalized search to 4 concepts (IN 3289 dextromethorphan + 3 PIN salts)"
37,allopurinol,heparin,hub_pair,"'heparin' degree 63 (7.6% of rows): unfractionated heparin, reticuloendothelial clearance, no CYP metabolism"
38,allopurinol,levetiracetam,hub_pair,"'levetiracetam' degree 78 (9.4% of rows): non-CYP, non-protein-bound antiepileptic; renal/hydrolytic clearance"
39,allopurinol,liraglutide,hub_pair,"'liraglutide' degree 72 (8.7% of rows): GLP-1 peptide, endopeptidase-degraded, no CYP involvement"
40,allopurinol,sevelamer,hub_pair,"'sevelamer' degree 152 (18.4% of rows): non-absorbed polymeric phosphate binder; negligible systemic exposure, so absence of a reported interaction is a property of the molecule, not evidence about the pair"
41,allopurinol,ustekinumab,hub_pair,"'ustekinumab' degree 140 (16.9% of rows): IgG1k monoclonal antibody; cleared by proteolytic catabolism, no CYP/transporter involvement, so absence of a reported interaction is structurally predetermined"
42,alprazolam,dalteparin,hub_pair,"'dalteparin' degree 82 (9.9% of rows): LMWH, renally cleared, no CYP metabolism"
43,alprazolam,heparin,hub_pair,"'heparin' degree 63 (7.6% of rows): unfractionated heparin, reticuloendothelial clearance, no CYP metabolism"
44,alprazolam,sevelamer,hub_pair,"'sevelamer' degree 152 (18.4% of rows): non-absorbed polymeric phosphate binder; negligible systemic exposure, so absence of a reported interaction is a property of the molecule, not evidence about the pair"
45,alprazolam,ustekinumab,hub_pair,"'ustekinumab' degree 140 (16.9% of rows): IgG1k monoclonal antibody; cleared by proteolytic catabolism, no CYP/transporter involvement, so absence of a reported interaction is structurally predetermined"
46,amlodipine,sevelamer,hub_pair,"'sevelamer' degree 152 (18.4% of rows): non-absorbed polymeric phosphate binder; negligible systemic exposure, so absence of a reported interaction is a property of the molecule, not evidence about the pair"
47,amlodipine,ustekinumab,hub_pair,"'ustekinumab' degree 140 (16.9% of rows): IgG1k monoclonal antibody; cleared by proteolytic catabolism, no CYP/transporter involvement, so absence of a reported interaction is structurally predetermined"
49,amoxicillin,dalteparin,hub_pair,"'dalteparin' degree 82 (9.9% of rows): LMWH, renally cleared, no CYP metabolism"
50,amoxicillin,dextromethorph,name_truncated,"'dextromethorph': truncated form of 'dextromethorphan'; fails RxNorm exact lookup (search=0), resolves only via normalized search to 4 concepts (IN 3289 dextromethorphan + 3 PIN salts)"
51,amoxicillin,heparin,hub_pair,"'heparin' degree 63 (7.6% of rows): unfractionated heparin, reticuloendothelial clearance, no CYP metabolism"
52,amoxicillin,levetiracetam,hub_pair,"'levetiracetam' degree 78 (9.4% of rows): non-CYP, non-protein-bound antiepileptic; renal/hydrolytic clearance"
53,amoxicillin,liraglutide,hub_pair,"'liraglutide' degree 72 (8.7% of rows): GLP-1 peptide, endopeptidase-degraded, no CYP involvement"
54,amoxicillin,sevelamer,hub_pair,"'sevelamer' degree 152 (18.4% of rows): non-absorbed polymeric phosphate binder; negligible systemic exposure, so absence of a reported interaction is a property of the molecule, not evidence about the pair"
55,amoxicillin,ustekinumab,hub_pair,"'ustekinumab' degree 140 (16.9% of rows): IgG1k monoclonal antibody; cleared by proteolytic catabolism, no CYP/transporter involvement, so absence of a reported interaction is structurally predetermined"
56,aspirin,levetiracetam,hub_pair,"'levetiracetam' degree 78 (9.4% of rows): non-CYP, non-protein-bound antiepileptic; renal/hydrolytic clearance"
57,aspirin,sevelamer,hub_pair,"'sevelamer' degree 152 (18.4% of rows): non-absorbed polymeric phosphate binder; negligible systemic exposure, so absence of a reported interaction is a property of the molecule, not evidence about the pair"
58,aspirin,ustekinumab,hub_pair,"'ustekinumab' degree 140 (16.9% of rows): IgG1k monoclonal antibody; cleared by proteolytic catabolism, no CYP/transporter involvement, so absence of a reported interaction is structurally predetermined"
59,atenolol,clindamycin,hub_pair,"'atenolol' degree 77 (9.3% of rows): hydrophilic beta-blocker, renally cleared, no significant CYP metabolism"
60,atenolol,colchicine,hub_pair,"'atenolol' degree 77 (9.3% of rows): hydrophilic beta-blocker, renally cleared, no significant CYP metabolism"
61,atenolol,sumatriptan,hub_pair,"'atenolol' degree 77 (9.3% of rows): hydrophilic beta-blocker, renally cleared, no significant CYP metabolism"
62,atenolol,atomoxetine,hub_pair,"'atenolol' degree 77 (9.3% of rows): hydrophilic beta-blocker, renally cleared, no significant CYP metabolism"
63,atenolol,cefdinir,hub_pair,"'atenolol' degree 77 (9.3% of rows): hydrophilic beta-blocker, renally cleared, no significant CYP metabolism"
64,atenolol,cefuroxime,hub_pair,"'atenolol' degree 77 (9.3% of rows): hydrophilic beta-blocker, renally cleared, no significant CYP metabolism"
65,atenolol,cephalexin,hub_pair,"'atenolol' degree 77 (9.3% of rows): hydrophilic beta-blocker, renally cleared, no significant CYP metabolism"
66,atenolol,chlorhexidine,hub_pair,"'atenolol' degree 77 (9.3% of rows): hydrophilic beta-blocker, renally cleared, no significant CYP metabolism"
66,atenolol,chlorhexidine,implausible_coprescription,"chlorhexidine is a topical/oral-rinse antiseptic with negligible systemic absorption; a systemic pharmacokinetic interaction is precluded by route, so the negative label is uninformative"
67,atenolol,acyclovir,hub_pair,"'atenolol' degree 77 (9.3% of rows): hydrophilic beta-blocker, renally cleared, no significant CYP metabolism"
68,atenolol,clopidogrel,hub_pair,"'atenolol' degree 77 (9.3% of rows): hydrophilic beta-blocker, renally cleared, no significant CYP metabolism"
69,atenolol,clotrimazole,hub_pair,"'atenolol' degree 77 (9.3% of rows): hydrophilic beta-blocker, renally cleared, no significant CYP metabolism"
69,atenolol,clotrimazole,implausible_coprescription,"clotrimazole here is topical/troche formulation with minimal systemic exposure; a systemic pharmacokinetic interaction is precluded by route, so the negative label is uninformative"
70,atenolol,cyclosporine,hub_pair,"'atenolol' degree 77 (9.3% of rows): hydrophilic beta-blocker, renally cleared, no significant CYP metabolism"
71,atenolol,finasteride,hub_pair,"'atenolol' degree 77 (9.3% of rows): hydrophilic beta-blocker, renally cleared, no significant CYP metabolism"
72,atenolol,gemfibrozil,hub_pair,"'atenolol' degree 77 (9.3% of rows): hydrophilic beta-blocker, renally cleared, no significant CYP metabolism"
73,atenolol,granisetron,hub_pair,"'atenolol' degree 77 (9.3% of rows): hydrophilic beta-blocker, renally cleared, no significant CYP metabolism"
74,atenolol,irbesartan,hub_pair,"'atenolol' degree 77 (9.3% of rows): hydrophilic beta-blocker, renally cleared, no significant CYP metabolism"
75,atenolol,ketoconazole,hub_pair,"'atenolol' degree 77 (9.3% of rows): hydrophilic beta-blocker, renally cleared, no significant CYP metabolism"
76,atenolol,lansoprazole,hub_pair,"'atenolol' degree 77 (9.3% of rows): hydrophilic beta-blocker, renally cleared, no significant CYP metabolism"
77,atenolol,losartan,hub_pair,"'atenolol' degree 77 (9.3% of rows): hydrophilic beta-blocker, renally cleared, no significant CYP metabolism"
78,atenolol,pioglitazone,hub_pair,"'atenolol' degree 77 (9.3% of rows): hydrophilic beta-blocker, renally cleared, no significant CYP metabolism"
79,atenolol,prednisolone,hub_pair,"'atenolol' degree 77 (9.3% of rows): hydrophilic beta-blocker, renally cleared, no significant CYP metabolism"
80,atenolol,tramadol,hub_pair,"'atenolol' degree 77 (9.3% of rows): hydrophilic beta-blocker, renally cleared, no significant CYP metabolism"
81,atenolol,clarithromycin,hub_pair,"'atenolol' degree 77 (9.3% of rows): hydrophilic beta-blocker, renally cleared, no significant CYP metabolism"
82,atenolol,perindopril,hub_pair,"'atenolol' degree 77 (9.3% of rows): hydrophilic beta-blocker, renally cleared, no significant CYP metabolism"
83,atenolol,pemetrexed,hub_pair,"'atenolol' degree 77 (9.3% of rows): hydrophilic beta-blocker, renally cleared, no significant CYP metabolism"
84,atenolol,doxycycline,hub_pair,"'atenolol' degree 77 (9.3% of rows): hydrophilic beta-blocker, renally cleared, no significant CYP metabolism"
85,atenolol,cinacalcet,hub_pair,"'atenolol' degree 77 (9.3% of rows): hydrophilic beta-blocker, renally cleared, no significant CYP metabolism"
86,atenolol,conjugated estrogens,hub_pair,"'atenolol' degree 77 (9.3% of rows): hydrophilic beta-blocker, renally cleared, no significant CYP metabolism"
86,atenolol,conjugated estrogens,name_ambiguous,"'conjugated estrogens': multi-component botanical mixture (IN 4099, 'estrogens, conjugated (USP)'); not a single ingredient — component estrogens have distinct CYP substrate profiles"
87,atenolol,dalteparin,hub_pair,"'atenolol' degree 77 (9.3% of rows): hydrophilic beta-blocker, renally cleared, no significant CYP metabolism; 'dalteparin' degree 82 (9.9% of rows): LMWH, renally cleared, no CYP metabolism"
88,atenolol,dextromethorph,hub_pair,"'atenolol' degree 77 (9.3% of rows): hydrophilic beta-blocker, renally cleared, no significant CYP metabolism"
88,atenolol,dextromethorph,name_truncated,"'dextromethorph': truncated form of 'dextromethorphan'; fails RxNorm exact lookup (search=0), resolves only via normalized search to 4 concepts (IN 3289 dextromethorphan + 3 PIN salts)"
89,atenolol,dutasteride,hub_pair,"'atenolol' degree 77 (9.3% of rows): hydrophilic beta-blocker, renally cleared, no significant CYP metabolism"
90,atenolol,eletriptan,hub_pair,"'atenolol' degree 77 (9.3% of rows): hydrophilic beta-blocker, renally cleared, no significant CYP metabolism"
91,atenolol,ezetimibe,hub_pair,"'atenolol' degree 77 (9.3% of rows): hydrophilic beta-blocker, renally cleared, no significant CYP metabolism"
92,atenolol,famotidine,hub_pair,"'atenolol' degree 77 (9.3% of rows): hydrophilic beta-blocker, renally cleared, no significant CYP metabolism"
93,atenolol,fenofibrate,hub_pair,"'atenolol' degree 77 (9.3% of rows): hydrophilic beta-blocker, renally cleared, no significant CYP metabolism"
94,atenolol,gabapentin,hub_pair,"'atenolol' degree 77 (9.3% of rows): hydrophilic beta-blocker, renally cleared, no significant CYP metabolism"
95,atenolol,heparin,hub_pair,"'atenolol' degree 77 (9.3% of rows): hydrophilic beta-blocker, renally cleared, no significant CYP metabolism; 'heparin' degree 63 (7.6% of rows): unfractionated heparin, reticuloendothelial clearance, no CYP metabolism"
96,atenolol,hydralazine,hub_pair,"'atenolol' degree 77 (9.3% of rows): hydrophilic beta-blocker, renally cleared, no significant CYP metabolism"
97,atenolol,lactulose,hub_pair,"'atenolol' degree 77 (9.3% of rows): hydrophilic beta-blocker, renally cleared, no significant CYP metabolism"
98,atenolol,levetiracetam,hub_pair,"'atenolol' degree 77 (9.3% of rows): hydrophilic beta-blocker, renally cleared, no significant CYP metabolism; 'levetiracetam' degree 78 (9.4% of rows): non-CYP, non-protein-bound antiepileptic; renal/hydrolytic clearance"
99,atenolol,levofloxacin,hub_pair,"'atenolol' degree 77 (9.3% of rows): hydrophilic beta-blocker, renally cleared, no significant CYP metabolism"
100,atenolol,liraglutide,hub_pair,"'atenolol' degree 77 (9.3% of rows): hydrophilic beta-blocker, renally cleared, no significant CYP metabolism; 'liraglutide' degree 72 (8.7% of rows): GLP-1 peptide, endopeptidase-degraded, no CYP involvement"
101,atenolol,memantine,hub_pair,"'atenolol' degree 77 (9.3% of rows): hydrophilic beta-blocker, renally cleared, no significant CYP metabolism"
102,atenolol,methocarbamol,hub_pair,"'atenolol' degree 77 (9.3% of rows): hydrophilic beta-blocker, renally cleared, no significant CYP metabolism"
103,atenolol,metronidazole,hub_pair,"'atenolol' degree 77 (9.3% of rows): hydrophilic beta-blocker, renally cleared, no significant CYP metabolism"
104,atenolol,montelukast,hub_pair,"'atenolol' degree 77 (9.3% of rows): hydrophilic beta-blocker, renally cleared, no significant CYP metabolism"
105,atenolol,mupirocin,hub_pair,"'atenolol' degree 77 (9.3% of rows): hydrophilic beta-blocker, renally cleared, no significant CYP metabolism"
105,atenolol,mupirocin,implausible_coprescription,"mupirocin is a topical-only antibacterial with negligible systemic absorption; a systemic pharmacokinetic interaction is precluded by route, so the negative label is uninformative"
106,atenolol,nitrofurantoin,hub_pair,"'atenolol' degree 77 (9.3% of rows): hydrophilic beta-blocker, renally cleared, no significant CYP metabolism"
107,atenolol,omeprazole,hub_pair,"'atenolol' degree 77 (9.3% of rows): hydrophilic beta-blocker, renally cleared, no significant CYP metabolism"
108,atenolol,oseltamivir,hub_pair,"'atenolol' degree 77 (9.3% of rows): hydrophilic beta-blocker, renally cleared, no significant CYP metabolism"
109,atenolol,pantoprazole,hub_pair,"'atenolol' degree 77 (9.3% of rows): hydrophilic beta-blocker, renally cleared, no significant CYP metabolism"
110,atenolol,paracetamol,hub_pair,"'atenolol' degree 77 (9.3% of rows): hydrophilic beta-blocker, renally cleared, no significant CYP metabolism"
110,atenolol,paracetamol,name_nomenclature_inconsistent,'paracetamol': INN; the RxNorm/USAN preferred term is acetaminophen (IN 161). Inconsistent with the otherwise-USAN naming of the source top-200 US prescription list
111,atenolol,phenazopyridine,hub_pair,"'atenolol' degree 77 (9.3% of rows): hydrophilic beta-blocker, renally cleared, no significant CYP metabolism"
112,atenolol,phenytoin,hub_pair,"'atenolol' degree 77 (9.3% of rows): hydrophilic beta-blocker, renally cleared, no significant CYP metabolism"
113,atenolol,pravastatin,hub_pair,"'atenolol' degree 77 (9.3% of rows): hydrophilic beta-blocker, renally cleared, no significant CYP metabolism"
114,atenolol,pregabalin,hub_pair,"'atenolol' degree 77 (9.3% of rows): hydrophilic beta-blocker, renally cleared, no significant CYP metabolism"
115,atenolol,raloxifene,hub_pair,"'atenolol' degree 77 (9.3% of rows): hydrophilic beta-blocker, renally cleared, no significant CYP metabolism"
116,atenolol,raltegravir,hub_pair,"'atenolol' degree 77 (9.3% of rows): hydrophilic beta-blocker, renally cleared, no significant CYP metabolism"
117,atenolol,ramipril,hub_pair,"'atenolol' degree 77 (9.3% of rows): hydrophilic beta-blocker, renally cleared, no significant CYP metabolism"
118,atenolol,rosuvastatin,hub_pair,"'atenolol' degree 77 (9.3% of rows): hydrophilic beta-blocker, renally cleared, no significant CYP metabolism"
119,atenolol,sevelamer,hub_pair,"'atenolol' degree 77 (9.3% of rows): hydrophilic beta-blocker, renally cleared, no significant CYP metabolism; 'sevelamer' degree 152 (18.4% of rows): non-absorbed polymeric phosphate binder; negligible systemic exposure, so absence of a reported interaction is a property of the molecule, not evidence about the pair"
120,atenolol,solifenacin,hub_pair,"'atenolol' degree 77 (9.3% of rows): hydrophilic beta-blocker, renally cleared, no significant CYP metabolism"
121,atenolol,triamcinolone,hub_pair,"'atenolol' degree 77 (9.3% of rows): hydrophilic beta-blocker, renally cleared, no significant CYP metabolism"
122,atenolol,valproate,hub_pair,"'atenolol' degree 77 (9.3% of rows): hydrophilic beta-blocker, renally cleared, no significant CYP metabolism"
123,atenolol,venlafaxine,hub_pair,"'atenolol' degree 77 (9.3% of rows): hydrophilic beta-blocker, renally cleared, no significant CYP metabolism"
124,atenolol,zolmitriptan,hub_pair,"'atenolol' degree 77 (9.3% of rows): hydrophilic beta-blocker, renally cleared, no significant CYP metabolism"
125,atomoxetine,dalteparin,hub_pair,"'dalteparin' degree 82 (9.9% of rows): LMWH, renally cleared, no CYP metabolism"
126,atomoxetine,liraglutide,hub_pair,"'liraglutide' degree 72 (8.7% of rows): GLP-1 peptide, endopeptidase-degraded, no CYP involvement"
127,atomoxetine,sevelamer,hub_pair,"'sevelamer' degree 152 (18.4% of rows): non-absorbed polymeric phosphate binder; negligible systemic exposure, so absence of a reported interaction is a property of the molecule, not evidence about the pair"
128,atomoxetine,ustekinumab,hub_pair,"'ustekinumab' degree 140 (16.9% of rows): IgG1k monoclonal antibody; cleared by proteolytic catabolism, no CYP/transporter involvement, so absence of a reported interaction is structurally predetermined"
129,atorvastatin,atenolol,hub_pair,"'atenolol' degree 77 (9.3% of rows): hydrophilic beta-blocker, renally cleared, no significant CYP metabolism"
130,atorvastatin,sevelamer,hub_pair,"'sevelamer' degree 152 (18.4% of rows): non-absorbed polymeric phosphate binder; negligible systemic exposure, so absence of a reported interaction is a property of the molecule, not evidence about the pair"
131,atorvastatin,ustekinumab,hub_pair,"'ustekinumab' degree 140 (16.9% of rows): IgG1k monoclonal antibody; cleared by proteolytic catabolism, no CYP/transporter involvement, so absence of a reported interaction is structurally predetermined"
132,azithromycin,atenolol,hub_pair,"'atenolol' degree 77 (9.3% of rows): hydrophilic beta-blocker, renally cleared, no significant CYP metabolism"
133,azithromycin,dalteparin,hub_pair,"'dalteparin' degree 82 (9.9% of rows): LMWH, renally cleared, no CYP metabolism"
134,azithromycin,heparin,hub_pair,"'heparin' degree 63 (7.6% of rows): unfractionated heparin, reticuloendothelial clearance, no CYP metabolism"
135,azithromycin,liraglutide,hub_pair,"'liraglutide' degree 72 (8.7% of rows): GLP-1 peptide, endopeptidase-degraded, no CYP involvement"
136,azithromycin,sevelamer,hub_pair,"'sevelamer' degree 152 (18.4% of rows): non-absorbed polymeric phosphate binder; negligible systemic exposure, so absence of a reported interaction is a property of the molecule, not evidence about the pair"
137,azithromycin,ustekinumab,hub_pair,"'ustekinumab' degree 140 (16.9% of rows): IgG1k monoclonal antibody; cleared by proteolytic catabolism, no CYP/transporter involvement, so absence of a reported interaction is structurally predetermined"
138,baclofen,dalteparin,hub_pair,"'dalteparin' degree 82 (9.9% of rows): LMWH, renally cleared, no CYP metabolism"
139,baclofen,heparin,hub_pair,"'heparin' degree 63 (7.6% of rows): unfractionated heparin, reticuloendothelial clearance, no CYP metabolism"
140,baclofen,liraglutide,hub_pair,"'liraglutide' degree 72 (8.7% of rows): GLP-1 peptide, endopeptidase-degraded, no CYP involvement"
141,baclofen,sevelamer,hub_pair,"'sevelamer' degree 152 (18.4% of rows): non-absorbed polymeric phosphate binder; negligible systemic exposure, so absence of a reported interaction is a property of the molecule, not evidence about the pair"
142,baclofen,ustekinumab,hub_pair,"'ustekinumab' degree 140 (16.9% of rows): IgG1k monoclonal antibody; cleared by proteolytic catabolism, no CYP/transporter involvement, so absence of a reported interaction is structurally predetermined"
143,benztropine,dalteparin,hub_pair,"'dalteparin' degree 82 (9.9% of rows): LMWH, renally cleared, no CYP metabolism"
144,benztropine,sevelamer,hub_pair,"'sevelamer' degree 152 (18.4% of rows): non-absorbed polymeric phosphate binder; negligible systemic exposure, so absence of a reported interaction is a property of the molecule, not evidence about the pair"
145,benztropine,ustekinumab,hub_pair,"'ustekinumab' degree 140 (16.9% of rows): IgG1k monoclonal antibody; cleared by proteolytic catabolism, no CYP/transporter involvement, so absence of a reported interaction is structurally predetermined"
146,buprenorphine,dalteparin,hub_pair,"'dalteparin' degree 82 (9.9% of rows): LMWH, renally cleared, no CYP metabolism"
147,buprenorphine,sevelamer,hub_pair,"'sevelamer' degree 152 (18.4% of rows): non-absorbed polymeric phosphate binder; negligible systemic exposure, so absence of a reported interaction is a property of the molecule, not evidence about the pair"
148,buprenorphine,ustekinumab,hub_pair,"'ustekinumab' degree 140 (16.9% of rows): IgG1k monoclonal antibody; cleared by proteolytic catabolism, no CYP/transporter involvement, so absence of a reported interaction is structurally predetermined"
149,carvedilol,liraglutide,hub_pair,"'liraglutide' degree 72 (8.7% of rows): GLP-1 peptide, endopeptidase-degraded, no CYP involvement"
150,carvedilol,sevelamer,hub_pair,"'sevelamer' degree 152 (18.4% of rows): non-absorbed polymeric phosphate binder; negligible systemic exposure, so absence of a reported interaction is a property of the molecule, not evidence about the pair"
151,carvedilol,ustekinumab,hub_pair,"'ustekinumab' degree 140 (16.9% of rows): IgG1k monoclonal antibody; cleared by proteolytic catabolism, no CYP/transporter involvement, so absence of a reported interaction is structurally predetermined"
154,cefdinir,conjugated estrogens,name_ambiguous,"'conjugated estrogens': multi-component botanical mixture (IN 4099, 'estrogens, conjugated (USP)'); not a single ingredient — component estrogens have distinct CYP substrate profiles"
155,cefdinir,dalteparin,hub_pair,"'dalteparin' degree 82 (9.9% of rows): LMWH, renally cleared, no CYP metabolism"
156,cefdinir,dextromethorph,name_truncated,"'dextromethorph': truncated form of 'dextromethorphan'; fails RxNorm exact lookup (search=0), resolves only via normalized search to 4 concepts (IN 3289 dextromethorphan + 3 PIN salts)"
157,cefdinir,levetiracetam,hub_pair,"'levetiracetam' degree 78 (9.4% of rows): non-CYP, non-protein-bound antiepileptic; renal/hydrolytic clearance"
158,cefdinir,liraglutide,hub_pair,"'liraglutide' degree 72 (8.7% of rows): GLP-1 peptide, endopeptidase-degraded, no CYP involvement"
159,cefdinir,sevelamer,hub_pair,"'sevelamer' degree 152 (18.4% of rows): non-absorbed polymeric phosphate binder; negligible systemic exposure, so absence of a reported interaction is a property of the molecule, not evidence about the pair"
160,cefdinir,ustekinumab,hub_pair,"'ustekinumab' degree 140 (16.9% of rows): IgG1k monoclonal antibody; cleared by proteolytic catabolism, no CYP/transporter involvement, so absence of a reported interaction is structurally predetermined"
161,cefuroxime,liraglutide,hub_pair,"'liraglutide' degree 72 (8.7% of rows): GLP-1 peptide, endopeptidase-degraded, no CYP involvement"
162,celecoxib,levetiracetam,hub_pair,"'levetiracetam' degree 78 (9.4% of rows): non-CYP, non-protein-bound antiepileptic; renal/hydrolytic clearance"
163,celecoxib,sevelamer,hub_pair,"'sevelamer' degree 152 (18.4% of rows): non-absorbed polymeric phosphate binder; negligible systemic exposure, so absence of a reported interaction is a property of the molecule, not evidence about the pair"
164,celecoxib,ustekinumab,hub_pair,"'ustekinumab' degree 140 (16.9% of rows): IgG1k monoclonal antibody; cleared by proteolytic catabolism, no CYP/transporter involvement, so absence of a reported interaction is structurally predetermined"
165,cephalexin,dalteparin,hub_pair,"'dalteparin' degree 82 (9.9% of rows): LMWH, renally cleared, no CYP metabolism"
166,cephalexin,heparin,hub_pair,"'heparin' degree 63 (7.6% of rows): unfractionated heparin, reticuloendothelial clearance, no CYP metabolism"
167,cephalexin,levetiracetam,hub_pair,"'levetiracetam' degree 78 (9.4% of rows): non-CYP, non-protein-bound antiepileptic; renal/hydrolytic clearance"
168,cephalexin,liraglutide,hub_pair,"'liraglutide' degree 72 (8.7% of rows): GLP-1 peptide, endopeptidase-degraded, no CYP involvement"
169,cephalexin,sevelamer,hub_pair,"'sevelamer' degree 152 (18.4% of rows): non-absorbed polymeric phosphate binder; negligible systemic exposure, so absence of a reported interaction is a property of the molecule, not evidence about the pair"
170,cephalexin,ustekinumab,hub_pair,"'ustekinumab' degree 140 (16.9% of rows): IgG1k monoclonal antibody; cleared by proteolytic catabolism, no CYP/transporter involvement, so absence of a reported interaction is structurally predetermined"
171,chlorhexidine,citalopram,implausible_coprescription,"chlorhexidine is a topical/oral-rinse antiseptic with negligible systemic absorption; a systemic pharmacokinetic interaction is precluded by route, so the negative label is uninformative"
176,chlorpheniramine,lantus,name_brand,'lantus': brand name (RxNorm BN 261551); ingredient is insulin glargine (IN 274783)
177,chlorpheniramine,dalteparin,hub_pair,"'dalteparin' degree 82 (9.9% of rows): LMWH, renally cleared, no CYP metabolism"
179,chlorpheniramine,glyceryl trini.,name_truncated,"'glyceryl trini.': truncated/abbreviated form of 'glyceryl trinitrate'; fails RxNorm exact and normalized lookup; approximate match returns 'glyceryl' (RxCUI 2531034), a different chemical entity"
179,chlorpheniramine,glyceryl trini.,name_unresolvable,'glyceryl trini.': no RxNorm concept returned by exact (search=0) or normalized (search=2) lookup
187,chlorpheniramine,penicillin,name_ambiguous,"'penicillin': class/stem term, not a dispensable ingredient; does not specify penicillin G (IN 7980) vs penicillin V (IN 7984) vs benzathine/procaine salt, nor route (IV vs oral) — PK and DDI profile differ by salt/route"
187,chlorpheniramine,penicillin,name_unresolvable,'penicillin': no RxNorm concept returned by exact (search=0) or normalized (search=2) lookup
189,chlorpheniramine,sevelamer,hub_pair,"'sevelamer' degree 152 (18.4% of rows): non-absorbed polymeric phosphate binder; negligible systemic exposure, so absence of a reported interaction is a property of the molecule, not evidence about the pair"
192,chlorpheniramine,ustekinumab,hub_pair,"'ustekinumab' degree 140 (16.9% of rows): IgG1k monoclonal antibody; cleared by proteolytic catabolism, no CYP/transporter involvement, so absence of a reported interaction is structurally predetermined"
194,cinacalcet,dalteparin,hub_pair,"'dalteparin' degree 82 (9.9% of rows): LMWH, renally cleared, no CYP metabolism"
195,cinacalcet,sevelamer,hub_pair,"'sevelamer' degree 152 (18.4% of rows): non-absorbed polymeric phosphate binder; negligible systemic exposure, so absence of a reported interaction is a property of the molecule, not evidence about the pair"
195,cinacalcet,sevelamer,same_class,both CKD-mineral-and-bone-disorder agents co-prescribed for the same indication; sevelamer alters gastrointestinal pH/binding environment
196,cinacalcet,ustekinumab,hub_pair,"'ustekinumab' degree 140 (16.9% of rows): IgG1k monoclonal antibody; cleared by proteolytic catabolism, no CYP/transporter involvement, so absence of a reported interaction is structurally predetermined"
197,citalopram,isosorbide,duplicate_unordered,"unordered repeat of row 14 (citalopram|isosorbide); direction reversed, no exact ordered duplicate exists"
197,citalopram,isosorbide,name_ambiguous,"'isosorbide': resolves to RxNorm IN 6057 'isosorbide', the osmotic diuretic (450 mg/mL oral solution), NOT the intended top-200 antianginal; does not distinguish isosorbide mononitrate (PIN 28004) from isosorbide dinitrate (IN 6058)"
199,citalopram,allopurinol,duplicate_unordered,"unordered repeat of row 34 (allopurinol|citalopram); direction reversed, no exact ordered duplicate exists"
200,citalopram,amoxicillin,duplicate_unordered,"unordered repeat of row 48 (amoxicillin|citalopram); direction reversed, no exact ordered duplicate exists"
201,citalopram,cefdinir,duplicate_unordered,"unordered repeat of row 153 (cefdinir|citalopram); direction reversed, no exact ordered duplicate exists"
203,citalopram,chlorhexidine,duplicate_unordered,"unordered repeat of row 171 (chlorhexidine|citalopram); direction reversed, no exact ordered duplicate exists"
203,citalopram,chlorhexidine,implausible_coprescription,"chlorhexidine is a topical/oral-rinse antiseptic with negligible systemic absorption; a systemic pharmacokinetic interaction is precluded by route, so the negative label is uninformative"
208,citalopram,conjugated estrogens,name_ambiguous,"'conjugated estrogens': multi-component botanical mixture (IN 4099, 'estrogens, conjugated (USP)'); not a single ingredient — component estrogens have distinct CYP substrate profiles"
216,citalopram,mupirocin,implausible_coprescription,"mupirocin is a topical-only antibacterial with negligible systemic absorption; a systemic pharmacokinetic interaction is precluded by route, so the negative label is uninformative"
219,citalopram,penicillin,name_ambiguous,"'penicillin': class/stem term, not a dispensable ingredient; does not specify penicillin G (IN 7980) vs penicillin V (IN 7984) vs benzathine/procaine salt, nor route (IV vs oral) — PK and DDI profile differ by salt/route"
219,citalopram,penicillin,name_unresolvable,'penicillin': no RxNorm concept returned by exact (search=0) or normalized (search=2) lookup
222,citalopram,sevelamer,hub_pair,"'sevelamer' degree 152 (18.4% of rows): non-absorbed polymeric phosphate binder; negligible systemic exposure, so absence of a reported interaction is a property of the molecule, not evidence about the pair"
223,citalopram,ustekinumab,hub_pair,"'ustekinumab' degree 140 (16.9% of rows): IgG1k monoclonal antibody; cleared by proteolytic catabolism, no CYP/transporter involvement, so absence of a reported interaction is structurally predetermined"
225,clozapine,dalteparin,hub_pair,"'dalteparin' degree 82 (9.9% of rows): LMWH, renally cleared, no CYP metabolism"
226,clozapine,sevelamer,hub_pair,"'sevelamer' degree 152 (18.4% of rows): non-absorbed polymeric phosphate binder; negligible systemic exposure, so absence of a reported interaction is a property of the molecule, not evidence about the pair"
227,clozapine,ustekinumab,hub_pair,"'ustekinumab' degree 140 (16.9% of rows): IgG1k monoclonal antibody; cleared by proteolytic catabolism, no CYP/transporter involvement, so absence of a reported interaction is structurally predetermined"
228,conjugated estrogens,isosorbide,name_ambiguous,"'conjugated estrogens': multi-component botanical mixture (IN 4099, 'estrogens, conjugated (USP)'); not a single ingredient — component estrogens have distinct CYP substrate profiles"
228,conjugated estrogens,isosorbide,name_ambiguous,"'isosorbide': resolves to RxNorm IN 6057 'isosorbide', the osmotic diuretic (450 mg/mL oral solution), NOT the intended top-200 antianginal; does not distinguish isosorbide mononitrate (PIN 28004) from isosorbide dinitrate (IN 6058)"
229,conjugated estrogens,cefuroxime,name_ambiguous,"'conjugated estrogens': multi-component botanical mixture (IN 4099, 'estrogens, conjugated (USP)'); not a single ingredient — component estrogens have distinct CYP substrate profiles"
230,conjugated estrogens,bisoprolol,name_ambiguous,"'conjugated estrogens': multi-component botanical mixture (IN 4099, 'estrogens, conjugated (USP)'); not a single ingredient — component estrogens have distinct CYP substrate profiles"
231,conjugated estrogens,granisetron,name_ambiguous,"'conjugated estrogens': multi-component botanical mixture (IN 4099, 'estrogens, conjugated (USP)'); not a single ingredient — component estrogens have distinct CYP substrate profiles"
232,conjugated estrogens,oxycodone,name_ambiguous,"'conjugated estrogens': multi-component botanical mixture (IN 4099, 'estrogens, conjugated (USP)'); not a single ingredient — component estrogens have distinct CYP substrate profiles"
233,conjugated estrogens,zaleplon,name_ambiguous,"'conjugated estrogens': multi-component botanical mixture (IN 4099, 'estrogens, conjugated (USP)'); not a single ingredient — component estrogens have distinct CYP substrate profiles"
234,conjugated estrogens,dalteparin,hub_pair,"'dalteparin' degree 82 (9.9% of rows): LMWH, renally cleared, no CYP metabolism"
234,conjugated estrogens,dalteparin,name_ambiguous,"'conjugated estrogens': multi-component botanical mixture (IN 4099, 'estrogens, conjugated (USP)'); not a single ingredient — component estrogens have distinct CYP substrate profiles"
235,conjugated estrogens,emtricitabine,name_ambiguous,"'conjugated estrogens': multi-component botanical mixture (IN 4099, 'estrogens, conjugated (USP)'); not a single ingredient — component estrogens have distinct CYP substrate profiles"
236,conjugated estrogens,gabapentin,name_ambiguous,"'conjugated estrogens': multi-component botanical mixture (IN 4099, 'estrogens, conjugated (USP)'); not a single ingredient — component estrogens have distinct CYP substrate profiles"
237,conjugated estrogens,glyceryl trini.,name_ambiguous,"'conjugated estrogens': multi-component botanical mixture (IN 4099, 'estrogens, conjugated (USP)'); not a single ingredient — component estrogens have distinct CYP substrate profiles"
237,conjugated estrogens,glyceryl trini.,name_truncated,"'glyceryl trini.': truncated/abbreviated form of 'glyceryl trinitrate'; fails RxNorm exact and normalized lookup; approximate match returns 'glyceryl' (RxCUI 2531034), a different chemical entity"
237,conjugated estrogens,glyceryl trini.,name_unresolvable,'glyceryl trini.': no RxNorm concept returned by exact (search=0) or normalized (search=2) lookup
238,conjugated estrogens,lactulose,name_ambiguous,"'conjugated estrogens': multi-component botanical mixture (IN 4099, 'estrogens, conjugated (USP)'); not a single ingredient — component estrogens have distinct CYP substrate profiles"
239,conjugated estrogens,levetiracetam,hub_pair,"'levetiracetam' degree 78 (9.4% of rows): non-CYP, non-protein-bound antiepileptic; renal/hydrolytic clearance"
239,conjugated estrogens,levetiracetam,name_ambiguous,"'conjugated estrogens': multi-component botanical mixture (IN 4099, 'estrogens, conjugated (USP)'); not a single ingredient — component estrogens have distinct CYP substrate profiles"
240,conjugated estrogens,memantine,name_ambiguous,"'conjugated estrogens': multi-component botanical mixture (IN 4099, 'estrogens, conjugated (USP)'); not a single ingredient — component estrogens have distinct CYP substrate profiles"
241,conjugated estrogens,methocarbamol,name_ambiguous,"'conjugated estrogens': multi-component botanical mixture (IN 4099, 'estrogens, conjugated (USP)'); not a single ingredient — component estrogens have distinct CYP substrate profiles"
242,conjugated estrogens,methylphenidate,implausible_coprescription,labelled indications are age/sex-exclusive (childhood-onset ADHD vs menopausal HRT / postmenopausal osteoporosis); shared patient population is negligible
242,conjugated estrogens,methylphenidate,name_ambiguous,"'conjugated estrogens': multi-component botanical mixture (IN 4099, 'estrogens, conjugated (USP)'); not a single ingredient — component estrogens have distinct CYP substrate profiles"
243,conjugated estrogens,metoclopramide,name_ambiguous,"'conjugated estrogens': multi-component botanical mixture (IN 4099, 'estrogens, conjugated (USP)'); not a single ingredient — component estrogens have distinct CYP substrate profiles"
244,conjugated estrogens,moxifloxacin,name_ambiguous,"'conjugated estrogens': multi-component botanical mixture (IN 4099, 'estrogens, conjugated (USP)'); not a single ingredient — component estrogens have distinct CYP substrate profiles"
245,conjugated estrogens,nabumetone,name_ambiguous,"'conjugated estrogens': multi-component botanical mixture (IN 4099, 'estrogens, conjugated (USP)'); not a single ingredient — component estrogens have distinct CYP substrate profiles"
246,conjugated estrogens,nitrofurantoin,name_ambiguous,"'conjugated estrogens': multi-component botanical mixture (IN 4099, 'estrogens, conjugated (USP)'); not a single ingredient — component estrogens have distinct CYP substrate profiles"
247,conjugated estrogens,pregabalin,name_ambiguous,"'conjugated estrogens': multi-component botanical mixture (IN 4099, 'estrogens, conjugated (USP)'); not a single ingredient — component estrogens have distinct CYP substrate profiles"
248,conjugated estrogens,raltegravir,name_ambiguous,"'conjugated estrogens': multi-component botanical mixture (IN 4099, 'estrogens, conjugated (USP)'); not a single ingredient — component estrogens have distinct CYP substrate profiles"
249,conjugated estrogens,sevelamer,hub_pair,"'sevelamer' degree 152 (18.4% of rows): non-absorbed polymeric phosphate binder; negligible systemic exposure, so absence of a reported interaction is a property of the molecule, not evidence about the pair"
249,conjugated estrogens,sevelamer,name_ambiguous,"'conjugated estrogens': multi-component botanical mixture (IN 4099, 'estrogens, conjugated (USP)'); not a single ingredient — component estrogens have distinct CYP substrate profiles"
250,conjugated estrogens,ustekinumab,hub_pair,"'ustekinumab' degree 140 (16.9% of rows): IgG1k monoclonal antibody; cleared by proteolytic catabolism, no CYP/transporter involvement, so absence of a reported interaction is structurally predetermined"
250,conjugated estrogens,ustekinumab,name_ambiguous,"'conjugated estrogens': multi-component botanical mixture (IN 4099, 'estrogens, conjugated (USP)'); not a single ingredient — component estrogens have distinct CYP substrate profiles"
251,conjugated estrogens,zolmitriptan,name_ambiguous,"'conjugated estrogens': multi-component botanical mixture (IN 4099, 'estrogens, conjugated (USP)'); not a single ingredient — component estrogens have distinct CYP substrate profiles"
252,dextromethorph,amoxicillin,duplicate_unordered,"unordered repeat of row 50 (amoxicillin|dextromethorph); direction reversed, no exact ordered duplicate exists"
252,dextromethorph,amoxicillin,name_truncated,"'dextromethorph': truncated form of 'dextromethorphan'; fails RxNorm exact lookup (search=0), resolves only via normalized search to 4 concepts (IN 3289 dextromethorphan + 3 PIN salts)"
253,dextromethorph,cefuroxime,name_truncated,"'dextromethorph': truncated form of 'dextromethorphan'; fails RxNorm exact lookup (search=0), resolves only via normalized search to 4 concepts (IN 3289 dextromethorphan + 3 PIN salts)"
254,dextromethorph,acyclovir,name_truncated,"'dextromethorph': truncated form of 'dextromethorphan'; fails RxNorm exact lookup (search=0), resolves only via normalized search to 4 concepts (IN 3289 dextromethorphan + 3 PIN salts)"
255,dextromethorph,alfuzosin,name_truncated,"'dextromethorph': truncated form of 'dextromethorphan'; fails RxNorm exact lookup (search=0), resolves only via normalized search to 4 concepts (IN 3289 dextromethorphan + 3 PIN salts)"
256,dextromethorph,glimepiride,name_truncated,"'dextromethorph': truncated form of 'dextromethorphan'; fails RxNorm exact lookup (search=0), resolves only via normalized search to 4 concepts (IN 3289 dextromethorphan + 3 PIN salts)"
257,dextromethorph,pemetrexed,name_truncated,"'dextromethorph': truncated form of 'dextromethorphan'; fails RxNorm exact lookup (search=0), resolves only via normalized search to 4 concepts (IN 3289 dextromethorphan + 3 PIN salts)"
258,dextromethorph,lantus,name_brand,'lantus': brand name (RxNorm BN 261551); ingredient is insulin glargine (IN 274783)
258,dextromethorph,lantus,name_truncated,"'dextromethorph': truncated form of 'dextromethorphan'; fails RxNorm exact lookup (search=0), resolves only via normalized search to 4 concepts (IN 3289 dextromethorphan + 3 PIN salts)"
259,dextromethorph,dalteparin,hub_pair,"'dalteparin' degree 82 (9.9% of rows): LMWH, renally cleared, no CYP metabolism"
259,dextromethorph,dalteparin,name_truncated,"'dextromethorph': truncated form of 'dextromethorphan'; fails RxNorm exact lookup (search=0), resolves only via normalized search to 4 concepts (IN 3289 dextromethorphan + 3 PIN salts)"
260,dextromethorph,dutasteride,name_truncated,"'dextromethorph': truncated form of 'dextromethorphan'; fails RxNorm exact lookup (search=0), resolves only via normalized search to 4 concepts (IN 3289 dextromethorphan + 3 PIN salts)"
261,dextromethorph,emtricitabine,name_truncated,"'dextromethorph': truncated form of 'dextromethorphan'; fails RxNorm exact lookup (search=0), resolves only via normalized search to 4 concepts (IN 3289 dextromethorphan + 3 PIN salts)"
262,dextromethorph,entacapone,name_truncated,"'dextromethorph': truncated form of 'dextromethorphan'; fails RxNorm exact lookup (search=0), resolves only via normalized search to 4 concepts (IN 3289 dextromethorphan + 3 PIN salts)"
263,dextromethorph,glipizide,name_truncated,"'dextromethorph': truncated form of 'dextromethorphan'; fails RxNorm exact lookup (search=0), resolves only via normalized search to 4 concepts (IN 3289 dextromethorphan + 3 PIN salts)"
264,dextromethorph,glyceryl trini.,name_truncated,"'dextromethorph': truncated form of 'dextromethorphan'; fails RxNorm exact lookup (search=0), resolves only via normalized search to 4 concepts (IN 3289 dextromethorphan + 3 PIN salts)"
264,dextromethorph,glyceryl trini.,name_truncated,"'glyceryl trini.': truncated/abbreviated form of 'glyceryl trinitrate'; fails RxNorm exact and normalized lookup; approximate match returns 'glyceryl' (RxCUI 2531034), a different chemical entity"
264,dextromethorph,glyceryl trini.,name_unresolvable,'glyceryl trini.': no RxNorm concept returned by exact (search=0) or normalized (search=2) lookup
265,dextromethorph,heparin,hub_pair,"'heparin' degree 63 (7.6% of rows): unfractionated heparin, reticuloendothelial clearance, no CYP metabolism"
265,dextromethorph,heparin,name_truncated,"'dextromethorph': truncated form of 'dextromethorphan'; fails RxNorm exact lookup (search=0), resolves only via normalized search to 4 concepts (IN 3289 dextromethorphan + 3 PIN salts)"
266,dextromethorph,hydrochlorothiazide,name_truncated,"'dextromethorph': truncated form of 'dextromethorphan'; fails RxNorm exact lookup (search=0), resolves only via normalized search to 4 concepts (IN 3289 dextromethorphan + 3 PIN salts)"
267,dextromethorph,lactulose,name_truncated,"'dextromethorph': truncated form of 'dextromethorphan'; fails RxNorm exact lookup (search=0), resolves only via normalized search to 4 concepts (IN 3289 dextromethorphan + 3 PIN salts)"
268,dextromethorph,levofloxacin,name_truncated,"'dextromethorph': truncated form of 'dextromethorphan'; fails RxNorm exact lookup (search=0), resolves only via normalized search to 4 concepts (IN 3289 dextromethorphan + 3 PIN salts)"
269,dextromethorph,liraglutide,hub_pair,"'liraglutide' degree 72 (8.7% of rows): GLP-1 peptide, endopeptidase-degraded, no CYP involvement"
269,dextromethorph,liraglutide,name_truncated,"'dextromethorph': truncated form of 'dextromethorphan'; fails RxNorm exact lookup (search=0), resolves only via normalized search to 4 concepts (IN 3289 dextromethorphan + 3 PIN salts)"
270,dextromethorph,mupirocin,implausible_coprescription,"mupirocin is a topical-only antibacterial with negligible systemic absorption; a systemic pharmacokinetic interaction is precluded by route, so the negative label is uninformative"
270,dextromethorph,mupirocin,name_truncated,"'dextromethorph': truncated form of 'dextromethorphan'; fails RxNorm exact lookup (search=0), resolves only via normalized search to 4 concepts (IN 3289 dextromethorphan + 3 PIN salts)"
271,dextromethorph,nabumetone,name_truncated,"'dextromethorph': truncated form of 'dextromethorphan'; fails RxNorm exact lookup (search=0), resolves only via normalized search to 4 concepts (IN 3289 dextromethorphan + 3 PIN salts)"
272,dextromethorph,naproxen,name_truncated,"'dextromethorph': truncated form of 'dextromethorphan'; fails RxNorm exact lookup (search=0), resolves only via normalized search to 4 concepts (IN 3289 dextromethorphan + 3 PIN salts)"
273,dextromethorph,oseltamivir,name_truncated,"'dextromethorph': truncated form of 'dextromethorphan'; fails RxNorm exact lookup (search=0), resolves only via normalized search to 4 concepts (IN 3289 dextromethorphan + 3 PIN salts)"
274,dextromethorph,penicillin,name_ambiguous,"'penicillin': class/stem term, not a dispensable ingredient; does not specify penicillin G (IN 7980) vs penicillin V (IN 7984) vs benzathine/procaine salt, nor route (IV vs oral) — PK and DDI profile differ by salt/route"
274,dextromethorph,penicillin,name_truncated,"'dextromethorph': truncated form of 'dextromethorphan'; fails RxNorm exact lookup (search=0), resolves only via normalized search to 4 concepts (IN 3289 dextromethorphan + 3 PIN salts)"
274,dextromethorph,penicillin,name_unresolvable,'penicillin': no RxNorm concept returned by exact (search=0) or normalized (search=2) lookup
275,dextromethorph,raltegravir,name_truncated,"'dextromethorph': truncated form of 'dextromethorphan'; fails RxNorm exact lookup (search=0), resolves only via normalized search to 4 concepts (IN 3289 dextromethorphan + 3 PIN salts)"
276,dextromethorph,sevelamer,hub_pair,"'sevelamer' degree 152 (18.4% of rows): non-absorbed polymeric phosphate binder; negligible systemic exposure, so absence of a reported interaction is a property of the molecule, not evidence about the pair"
276,dextromethorph,sevelamer,name_truncated,"'dextromethorph': truncated form of 'dextromethorphan'; fails RxNorm exact lookup (search=0), resolves only via normalized search to 4 concepts (IN 3289 dextromethorphan + 3 PIN salts)"
277,dextromethorph,solifenacin,name_truncated,"'dextromethorph': truncated form of 'dextromethorphan'; fails RxNorm exact lookup (search=0), resolves only via normalized search to 4 concepts (IN 3289 dextromethorphan + 3 PIN salts)"
278,dextromethorph,ustekinumab,hub_pair,"'ustekinumab' degree 140 (16.9% of rows): IgG1k monoclonal antibody; cleared by proteolytic catabolism, no CYP/transporter involvement, so absence of a reported interaction is structurally predetermined"
278,dextromethorph,ustekinumab,name_truncated,"'dextromethorph': truncated form of 'dextromethorphan'; fails RxNorm exact lookup (search=0), resolves only via normalized search to 4 concepts (IN 3289 dextromethorphan + 3 PIN salts)"
279,dextromethorph,zolmitriptan,name_truncated,"'dextromethorph': truncated form of 'dextromethorphan'; fails RxNorm exact lookup (search=0), resolves only via normalized search to 4 concepts (IN 3289 dextromethorphan + 3 PIN salts)"
279,dextromethorph,zolmitriptan,same_class,"both serotonergic (dextromethorphan SERT/sigma-1, zolmitriptan 5-HT1B/1D); theoretical serotonin-syndrome additive class"
280,diazepam,dalteparin,hub_pair,"'dalteparin' degree 82 (9.9% of rows): LMWH, renally cleared, no CYP metabolism"
281,diazepam,liraglutide,hub_pair,"'liraglutide' degree 72 (8.7% of rows): GLP-1 peptide, endopeptidase-degraded, no CYP involvement"
282,diazepam,sevelamer,hub_pair,"'sevelamer' degree 152 (18.4% of rows): non-absorbed polymeric phosphate binder; negligible systemic exposure, so absence of a reported interaction is a property of the molecule, not evidence about the pair"
283,diazepam,ustekinumab,hub_pair,"'ustekinumab' degree 140 (16.9% of rows): IgG1k monoclonal antibody; cleared by proteolytic catabolism, no CYP/transporter involvement, so absence of a reported interaction is structurally predetermined"
284,diclofenac,ustekinumab,hub_pair,"'ustekinumab' degree 140 (16.9% of rows): IgG1k monoclonal antibody; cleared by proteolytic catabolism, no CYP/transporter involvement, so absence of a reported interaction is structurally predetermined"
285,dicyclomine,citalopram,duplicate_unordered,"unordered repeat of row 209 (citalopram|dicyclomine); direction reversed, no exact ordered duplicate exists"
286,dicyclomine,dalteparin,hub_pair,"'dalteparin' degree 82 (9.9% of rows): LMWH, renally cleared, no CYP metabolism"
287,dicyclomine,dextromethorph,name_truncated,"'dextromethorph': truncated form of 'dextromethorphan'; fails RxNorm exact lookup (search=0), resolves only via normalized search to 4 concepts (IN 3289 dextromethorphan + 3 PIN salts)"
288,dicyclomine,levetiracetam,hub_pair,"'levetiracetam' degree 78 (9.4% of rows): non-CYP, non-protein-bound antiepileptic; renal/hydrolytic clearance"
289,dicyclomine,sevelamer,hub_pair,"'sevelamer' degree 152 (18.4% of rows): non-absorbed polymeric phosphate binder; negligible systemic exposure, so absence of a reported interaction is a property of the molecule, not evidence about the pair"
290,dicyclomine,ustekinumab,hub_pair,"'ustekinumab' degree 140 (16.9% of rows): IgG1k monoclonal antibody; cleared by proteolytic catabolism, no CYP/transporter involvement, so absence of a reported interaction is structurally predetermined"
291,diphenhydramine,dalteparin,hub_pair,"'dalteparin' degree 82 (9.9% of rows): LMWH, renally cleared, no CYP metabolism"
292,diphenhydramine,liraglutide,hub_pair,"'liraglutide' degree 72 (8.7% of rows): GLP-1 peptide, endopeptidase-degraded, no CYP involvement"
293,diphenhydramine,sevelamer,hub_pair,"'sevelamer' degree 152 (18.4% of rows): non-absorbed polymeric phosphate binder; negligible systemic exposure, so absence of a reported interaction is a property of the molecule, not evidence about the pair"
294,donepezil,dalteparin,hub_pair,"'dalteparin' degree 82 (9.9% of rows): LMWH, renally cleared, no CYP metabolism"
295,donepezil,levetiracetam,hub_pair,"'levetiracetam' degree 78 (9.4% of rows): non-CYP, non-protein-bound antiepileptic; renal/hydrolytic clearance"
296,donepezil,sevelamer,hub_pair,"'sevelamer' degree 152 (18.4% of rows): non-absorbed polymeric phosphate binder; negligible systemic exposure, so absence of a reported interaction is a property of the molecule, not evidence about the pair"
297,donepezil,ustekinumab,hub_pair,"'ustekinumab' degree 140 (16.9% of rows): IgG1k monoclonal antibody; cleared by proteolytic catabolism, no CYP/transporter involvement, so absence of a reported interaction is structurally predetermined"
298,doxazosin,dalteparin,hub_pair,"'dalteparin' degree 82 (9.9% of rows): LMWH, renally cleared, no CYP metabolism"
299,doxazosin,liraglutide,hub_pair,"'liraglutide' degree 72 (8.7% of rows): GLP-1 peptide, endopeptidase-degraded, no CYP involvement"
300,doxazosin,sevelamer,hub_pair,"'sevelamer' degree 152 (18.4% of rows): non-absorbed polymeric phosphate binder; negligible systemic exposure, so absence of a reported interaction is a property of the molecule, not evidence about the pair"
301,doxazosin,ustekinumab,hub_pair,"'ustekinumab' degree 140 (16.9% of rows): IgG1k monoclonal antibody; cleared by proteolytic catabolism, no CYP/transporter involvement, so absence of a reported interaction is structurally predetermined"
302,dutasteride,citalopram,duplicate_unordered,"unordered repeat of row 210 (citalopram|dutasteride); direction reversed, no exact ordered duplicate exists"
303,dutasteride,dalteparin,hub_pair,"'dalteparin' degree 82 (9.9% of rows): LMWH, renally cleared, no CYP metabolism"
305,dutasteride,sevelamer,hub_pair,"'sevelamer' degree 152 (18.4% of rows): non-absorbed polymeric phosphate binder; negligible systemic exposure, so absence of a reported interaction is a property of the molecule, not evidence about the pair"
306,dutasteride,ustekinumab,hub_pair,"'ustekinumab' degree 140 (16.9% of rows): IgG1k monoclonal antibody; cleared by proteolytic catabolism, no CYP/transporter involvement, so absence of a reported interaction is structurally predetermined"
307,eletriptan,sevelamer,hub_pair,"'sevelamer' degree 152 (18.4% of rows): non-absorbed polymeric phosphate binder; negligible systemic exposure, so absence of a reported interaction is a property of the molecule, not evidence about the pair"
308,eletriptan,ustekinumab,hub_pair,"'ustekinumab' degree 140 (16.9% of rows): IgG1k monoclonal antibody; cleared by proteolytic catabolism, no CYP/transporter involvement, so absence of a reported interaction is structurally predetermined"
309,emtricitabine,sevelamer,hub_pair,"'sevelamer' degree 152 (18.4% of rows): non-absorbed polymeric phosphate binder; negligible systemic exposure, so absence of a reported interaction is a property of the molecule, not evidence about the pair"
310,emtricitabine,ustekinumab,hub_pair,"'ustekinumab' degree 140 (16.9% of rows): IgG1k monoclonal antibody; cleared by proteolytic catabolism, no CYP/transporter involvement, so absence of a reported interaction is structurally predetermined"
311,enalapril,citalopram,duplicate_unordered,"unordered repeat of row 211 (citalopram|enalapril); direction reversed, no exact ordered duplicate exists"
312,enalapril,liraglutide,hub_pair,"'liraglutide' degree 72 (8.7% of rows): GLP-1 peptide, endopeptidase-degraded, no CYP involvement"
313,enalapril,sevelamer,hub_pair,"'sevelamer' degree 152 (18.4% of rows): non-absorbed polymeric phosphate binder; negligible systemic exposure, so absence of a reported interaction is a property of the molecule, not evidence about the pair"
314,enalapril,ustekinumab,hub_pair,"'ustekinumab' degree 140 (16.9% of rows): IgG1k monoclonal antibody; cleared by proteolytic catabolism, no CYP/transporter involvement, so absence of a reported interaction is structurally predetermined"
315,entacapone,dalteparin,hub_pair,"'dalteparin' degree 82 (9.9% of rows): LMWH, renally cleared, no CYP metabolism"
316,entacapone,liraglutide,hub_pair,"'liraglutide' degree 72 (8.7% of rows): GLP-1 peptide, endopeptidase-degraded, no CYP involvement"
317,entacapone,sevelamer,hub_pair,"'sevelamer' degree 152 (18.4% of rows): non-absorbed polymeric phosphate binder; negligible systemic exposure, so absence of a reported interaction is a property of the molecule, not evidence about the pair"
318,entacapone,ustekinumab,hub_pair,"'ustekinumab' degree 140 (16.9% of rows): IgG1k monoclonal antibody; cleared by proteolytic catabolism, no CYP/transporter involvement, so absence of a reported interaction is structurally predetermined"
319,ezetimibe,dalteparin,hub_pair,"'dalteparin' degree 82 (9.9% of rows): LMWH, renally cleared, no CYP metabolism"
320,ezetimibe,levetiracetam,hub_pair,"'levetiracetam' degree 78 (9.4% of rows): non-CYP, non-protein-bound antiepileptic; renal/hydrolytic clearance"
321,ezetimibe,sevelamer,hub_pair,"'sevelamer' degree 152 (18.4% of rows): non-absorbed polymeric phosphate binder; negligible systemic exposure, so absence of a reported interaction is a property of the molecule, not evidence about the pair"
322,ezetimibe,ustekinumab,hub_pair,"'ustekinumab' degree 140 (16.9% of rows): IgG1k monoclonal antibody; cleared by proteolytic catabolism, no CYP/transporter involvement, so absence of a reported interaction is structurally predetermined"
323,famotidine,dalteparin,hub_pair,"'dalteparin' degree 82 (9.9% of rows): LMWH, renally cleared, no CYP metabolism"
324,famotidine,dextromethorph,name_truncated,"'dextromethorph': truncated form of 'dextromethorphan'; fails RxNorm exact lookup (search=0), resolves only via normalized search to 4 concepts (IN 3289 dextromethorphan + 3 PIN salts)"
325,famotidine,heparin,hub_pair,"'heparin' degree 63 (7.6% of rows): unfractionated heparin, reticuloendothelial clearance, no CYP metabolism"
326,famotidine,levetiracetam,hub_pair,"'levetiracetam' degree 78 (9.4% of rows): non-CYP, non-protein-bound antiepileptic; renal/hydrolytic clearance"
327,famotidine,liraglutide,hub_pair,"'liraglutide' degree 72 (8.7% of rows): GLP-1 peptide, endopeptidase-degraded, no CYP involvement"
328,famotidine,sevelamer,hub_pair,"'sevelamer' degree 152 (18.4% of rows): non-absorbed polymeric phosphate binder; negligible systemic exposure, so absence of a reported interaction is a property of the molecule, not evidence about the pair"
329,famotidine,ustekinumab,hub_pair,"'ustekinumab' degree 140 (16.9% of rows): IgG1k monoclonal antibody; cleared by proteolytic catabolism, no CYP/transporter involvement, so absence of a reported interaction is structurally predetermined"
330,fenofibrate,dalteparin,hub_pair,"'dalteparin' degree 82 (9.9% of rows): LMWH, renally cleared, no CYP metabolism"
331,fenofibrate,sevelamer,hub_pair,"'sevelamer' degree 152 (18.4% of rows): non-absorbed polymeric phosphate binder; negligible systemic exposure, so absence of a reported interaction is a property of the molecule, not evidence about the pair"
332,fenofibrate,ustekinumab,hub_pair,"'ustekinumab' degree 140 (16.9% of rows): IgG1k monoclonal antibody; cleared by proteolytic catabolism, no CYP/transporter involvement, so absence of a reported interaction is structurally predetermined"
333,fentanyl,dalteparin,hub_pair,"'dalteparin' degree 82 (9.9% of rows): LMWH, renally cleared, no CYP metabolism"
334,fentanyl,heparin,hub_pair,"'heparin' degree 63 (7.6% of rows): unfractionated heparin, reticuloendothelial clearance, no CYP metabolism"
335,fentanyl,sevelamer,hub_pair,"'sevelamer' degree 152 (18.4% of rows): non-absorbed polymeric phosphate binder; negligible systemic exposure, so absence of a reported interaction is a property of the molecule, not evidence about the pair"
336,fluconazole,atenolol,hub_pair,"'atenolol' degree 77 (9.3% of rows): hydrophilic beta-blocker, renally cleared, no significant CYP metabolism"
337,fluconazole,dalteparin,hub_pair,"'dalteparin' degree 82 (9.9% of rows): LMWH, renally cleared, no CYP metabolism"
338,fluconazole,heparin,hub_pair,"'heparin' degree 63 (7.6% of rows): unfractionated heparin, reticuloendothelial clearance, no CYP metabolism"
339,fluconazole,liraglutide,hub_pair,"'liraglutide' degree 72 (8.7% of rows): GLP-1 peptide, endopeptidase-degraded, no CYP involvement"
340,fluconazole,sevelamer,hub_pair,"'sevelamer' degree 152 (18.4% of rows): non-absorbed polymeric phosphate binder; negligible systemic exposure, so absence of a reported interaction is a property of the molecule, not evidence about the pair"
341,fluconazole,ustekinumab,hub_pair,"'ustekinumab' degree 140 (16.9% of rows): IgG1k monoclonal antibody; cleared by proteolytic catabolism, no CYP/transporter involvement, so absence of a reported interaction is structurally predetermined"
342,fluoxetine,sevelamer,hub_pair,"'sevelamer' degree 152 (18.4% of rows): non-absorbed polymeric phosphate binder; negligible systemic exposure, so absence of a reported interaction is a property of the molecule, not evidence about the pair"
343,fluoxetine,ustekinumab,hub_pair,"'ustekinumab' degree 140 (16.9% of rows): IgG1k monoclonal antibody; cleared by proteolytic catabolism, no CYP/transporter involvement, so absence of a reported interaction is structurally predetermined"
344,furosemide,dalteparin,hub_pair,"'dalteparin' degree 82 (9.9% of rows): LMWH, renally cleared, no CYP metabolism"
345,furosemide,dextromethorph,name_truncated,"'dextromethorph': truncated form of 'dextromethorphan'; fails RxNorm exact lookup (search=0), resolves only via normalized search to 4 concepts (IN 3289 dextromethorphan + 3 PIN salts)"
346,furosemide,sevelamer,hub_pair,"'sevelamer' degree 152 (18.4% of rows): non-absorbed polymeric phosphate binder; negligible systemic exposure, so absence of a reported interaction is a property of the molecule, not evidence about the pair"
347,furosemide,ustekinumab,hub_pair,"'ustekinumab' degree 140 (16.9% of rows): IgG1k monoclonal antibody; cleared by proteolytic catabolism, no CYP/transporter involvement, so absence of a reported interaction is structurally predetermined"
348,gabapentin,dalteparin,hub_pair,"'dalteparin' degree 82 (9.9% of rows): LMWH, renally cleared, no CYP metabolism"
349,gabapentin,heparin,hub_pair,"'heparin' degree 63 (7.6% of rows): unfractionated heparin, reticuloendothelial clearance, no CYP metabolism"
350,gabapentin,liraglutide,hub_pair,"'liraglutide' degree 72 (8.7% of rows): GLP-1 peptide, endopeptidase-degraded, no CYP involvement"
351,gabapentin,sevelamer,hub_pair,"'sevelamer' degree 152 (18.4% of rows): non-absorbed polymeric phosphate binder; negligible systemic exposure, so absence of a reported interaction is a property of the molecule, not evidence about the pair"
352,gabapentin,ustekinumab,hub_pair,"'ustekinumab' degree 140 (16.9% of rows): IgG1k monoclonal antibody; cleared by proteolytic catabolism, no CYP/transporter involvement, so absence of a reported interaction is structurally predetermined"
353,glipizide,dalteparin,hub_pair,"'dalteparin' degree 82 (9.9% of rows): LMWH, renally cleared, no CYP metabolism"
354,glipizide,sevelamer,hub_pair,"'sevelamer' degree 152 (18.4% of rows): non-absorbed polymeric phosphate binder; negligible systemic exposure, so absence of a reported interaction is a property of the molecule, not evidence about the pair"
355,glipizide,ustekinumab,hub_pair,"'ustekinumab' degree 140 (16.9% of rows): IgG1k monoclonal antibody; cleared by proteolytic catabolism, no CYP/transporter involvement, so absence of a reported interaction is structurally predetermined"
356,glyceryl trini.,dalteparin,hub_pair,"'dalteparin' degree 82 (9.9% of rows): LMWH, renally cleared, no CYP metabolism"
356,glyceryl trini.,dalteparin,name_truncated,"'glyceryl trini.': truncated/abbreviated form of 'glyceryl trinitrate'; fails RxNorm exact and normalized lookup; approximate match returns 'glyceryl' (RxCUI 2531034), a different chemical entity"
356,glyceryl trini.,dalteparin,name_unresolvable,'glyceryl trini.': no RxNorm concept returned by exact (search=0) or normalized (search=2) lookup
357,heparin,atenolol,duplicate_unordered,"unordered repeat of row 95 (atenolol|heparin); direction reversed, no exact ordered duplicate exists"
357,heparin,atenolol,hub_pair,"'heparin' degree 63 (7.6% of rows): unfractionated heparin, reticuloendothelial clearance, no CYP metabolism; 'atenolol' degree 77 (9.3% of rows): hydrophilic beta-blocker, renally cleared, no significant CYP metabolism"
358,heparin,cefuroxime,hub_pair,"'heparin' degree 63 (7.6% of rows): unfractionated heparin, reticuloendothelial clearance, no CYP metabolism"
359,heparin,acyclovir,hub_pair,"'heparin' degree 63 (7.6% of rows): unfractionated heparin, reticuloendothelial clearance, no CYP metabolism"
360,heparin,granisetron,hub_pair,"'heparin' degree 63 (7.6% of rows): unfractionated heparin, reticuloendothelial clearance, no CYP metabolism"
361,heparin,oxycodone,hub_pair,"'heparin' degree 63 (7.6% of rows): unfractionated heparin, reticuloendothelial clearance, no CYP metabolism"
362,heparin,tramadol,hub_pair,"'heparin' degree 63 (7.6% of rows): unfractionated heparin, reticuloendothelial clearance, no CYP metabolism"
363,heparin,zaleplon,hub_pair,"'heparin' degree 63 (7.6% of rows): unfractionated heparin, reticuloendothelial clearance, no CYP metabolism"
364,heparin,lantus,hub_pair,"'heparin' degree 63 (7.6% of rows): unfractionated heparin, reticuloendothelial clearance, no CYP metabolism"
364,heparin,lantus,name_brand,'lantus': brand name (RxNorm BN 261551); ingredient is insulin glargine (IN 274783)
365,heparin,conjugated estrogens,hub_pair,"'heparin' degree 63 (7.6% of rows): unfractionated heparin, reticuloendothelial clearance, no CYP metabolism"
365,heparin,conjugated estrogens,name_ambiguous,"'conjugated estrogens': multi-component botanical mixture (IN 4099, 'estrogens, conjugated (USP)'); not a single ingredient — component estrogens have distinct CYP substrate profiles"
366,heparin,dextromethorph,duplicate_unordered,"unordered repeat of row 265 (dextromethorph|heparin); direction reversed, no exact ordered duplicate exists"
366,heparin,dextromethorph,hub_pair,"'heparin' degree 63 (7.6% of rows): unfractionated heparin, reticuloendothelial clearance, no CYP metabolism"
366,heparin,dextromethorph,name_truncated,"'dextromethorph': truncated form of 'dextromethorphan'; fails RxNorm exact lookup (search=0), resolves only via normalized search to 4 concepts (IN 3289 dextromethorphan + 3 PIN salts)"
367,heparin,levetiracetam,hub_pair,"'heparin' degree 63 (7.6% of rows): unfractionated heparin, reticuloendothelial clearance, no CYP metabolism; 'levetiracetam' degree 78 (9.4% of rows): non-CYP, non-protein-bound antiepileptic; renal/hydrolytic clearance"
368,heparin,liraglutide,hub_pair,"'heparin' degree 63 (7.6% of rows): unfractionated heparin, reticuloendothelial clearance, no CYP metabolism; 'liraglutide' degree 72 (8.7% of rows): GLP-1 peptide, endopeptidase-degraded, no CYP involvement"
369,heparin,methylphenidate,hub_pair,"'heparin' degree 63 (7.6% of rows): unfractionated heparin, reticuloendothelial clearance, no CYP metabolism"
370,heparin,niacin,hub_pair,"'heparin' degree 63 (7.6% of rows): unfractionated heparin, reticuloendothelial clearance, no CYP metabolism"
371,heparin,pregabalin,hub_pair,"'heparin' degree 63 (7.6% of rows): unfractionated heparin, reticuloendothelial clearance, no CYP metabolism"
372,heparin,raltegravir,hub_pair,"'heparin' degree 63 (7.6% of rows): unfractionated heparin, reticuloendothelial clearance, no CYP metabolism"
373,heparin,salbutamol,hub_pair,"'heparin' degree 63 (7.6% of rows): unfractionated heparin, reticuloendothelial clearance, no CYP metabolism"
373,heparin,salbutamol,name_nomenclature_inconsistent,'salbutamol': INN; the RxNorm/USAN preferred term is albuterol (IN 435). Same inconsistency
374,heparin,sevelamer,hub_pair,"'heparin' degree 63 (7.6% of rows): unfractionated heparin, reticuloendothelial clearance, no CYP metabolism; 'sevelamer' degree 152 (18.4% of rows): non-absorbed polymeric phosphate binder; negligible systemic exposure, so absence of a reported interaction is a property of the molecule, not evidence about the pair"
375,heparin,ustekinumab,hub_pair,"'heparin' degree 63 (7.6% of rows): unfractionated heparin, reticuloendothelial clearance, no CYP metabolism; 'ustekinumab' degree 140 (16.9% of rows): IgG1k monoclonal antibody; cleared by proteolytic catabolism, no CYP/transporter involvement, so absence of a reported interaction is structurally predetermined"
376,heparin,zolmitriptan,hub_pair,"'heparin' degree 63 (7.6% of rows): unfractionated heparin, reticuloendothelial clearance, no CYP metabolism"
377,humalog,dalteparin,hub_pair,"'dalteparin' degree 82 (9.9% of rows): LMWH, renally cleared, no CYP metabolism"
377,humalog,dalteparin,name_brand,'humalog': brand name (RxNorm BN 135805); ingredient is insulin lispro (IN 86009)
378,humalog,dextromethorph,name_brand,'humalog': brand name (RxNorm BN 135805); ingredient is insulin lispro (IN 86009)
378,humalog,dextromethorph,name_truncated,"'dextromethorph': truncated form of 'dextromethorphan'; fails RxNorm exact lookup (search=0), resolves only via normalized search to 4 concepts (IN 3289 dextromethorphan + 3 PIN salts)"
379,humalog,heparin,hub_pair,"'heparin' degree 63 (7.6% of rows): unfractionated heparin, reticuloendothelial clearance, no CYP metabolism"
379,humalog,heparin,name_brand,'humalog': brand name (RxNorm BN 135805); ingredient is insulin lispro (IN 86009)
380,humalog,levetiracetam,hub_pair,"'levetiracetam' degree 78 (9.4% of rows): non-CYP, non-protein-bound antiepileptic; renal/hydrolytic clearance"
380,humalog,levetiracetam,name_brand,'humalog': brand name (RxNorm BN 135805); ingredient is insulin lispro (IN 86009)
381,humalog,liraglutide,hub_pair,"'liraglutide' degree 72 (8.7% of rows): GLP-1 peptide, endopeptidase-degraded, no CYP involvement"
381,humalog,liraglutide,name_brand,'humalog': brand name (RxNorm BN 135805); ingredient is insulin lispro (IN 86009)
381,humalog,liraglutide,same_class,"both ATC A10A/A10B antidiabetics (insulin lispro + GLP-1 RA); additive hypoglycaemia is a recognised pharmacodynamic interaction, not a null pair"
382,humalog,sevelamer,hub_pair,"'sevelamer' degree 152 (18.4% of rows): non-absorbed polymeric phosphate binder; negligible systemic exposure, so absence of a reported interaction is a property of the molecule, not evidence about the pair"
382,humalog,sevelamer,name_brand,'humalog': brand name (RxNorm BN 135805); ingredient is insulin lispro (IN 86009)
383,humalog,ustekinumab,hub_pair,"'ustekinumab' degree 140 (16.9% of rows): IgG1k monoclonal antibody; cleared by proteolytic catabolism, no CYP/transporter involvement, so absence of a reported interaction is structurally predetermined"
383,humalog,ustekinumab,name_brand,'humalog': brand name (RxNorm BN 135805); ingredient is insulin lispro (IN 86009)
384,hydralazine,dalteparin,hub_pair,"'dalteparin' degree 82 (9.9% of rows): LMWH, renally cleared, no CYP metabolism"
385,hydralazine,sevelamer,hub_pair,"'sevelamer' degree 152 (18.4% of rows): non-absorbed polymeric phosphate binder; negligible systemic exposure, so absence of a reported interaction is a property of the molecule, not evidence about the pair"
386,hydralazine,ustekinumab,hub_pair,"'ustekinumab' degree 140 (16.9% of rows): IgG1k monoclonal antibody; cleared by proteolytic catabolism, no CYP/transporter involvement, so absence of a reported interaction is structurally predetermined"
387,hydrochlorothiazide,dalteparin,hub_pair,"'dalteparin' degree 82 (9.9% of rows): LMWH, renally cleared, no CYP metabolism"
388,hydrochlorothiazide,dextromethorph,duplicate_unordered,"unordered repeat of row 266 (dextromethorph|hydrochlorothiazide); direction reversed, no exact ordered duplicate exists"
388,hydrochlorothiazide,dextromethorph,name_truncated,"'dextromethorph': truncated form of 'dextromethorphan'; fails RxNorm exact lookup (search=0), resolves only via normalized search to 4 concepts (IN 3289 dextromethorphan + 3 PIN salts)"
389,hydrochlorothiazide,heparin,hub_pair,"'heparin' degree 63 (7.6% of rows): unfractionated heparin, reticuloendothelial clearance, no CYP metabolism"
390,hydrochlorothiazide,levetiracetam,hub_pair,"'levetiracetam' degree 78 (9.4% of rows): non-CYP, non-protein-bound antiepileptic; renal/hydrolytic clearance"
391,hydrochlorothiazide,sevelamer,hub_pair,"'sevelamer' degree 152 (18.4% of rows): non-absorbed polymeric phosphate binder; negligible systemic exposure, so absence of a reported interaction is a property of the molecule, not evidence about the pair"
391,hydrochlorothiazide,sevelamer,implausible_coprescription,"sevelamer indicates dialysis-dependent CKD (hyperphosphataemia of ESRD), but thiazides are ineffective at eGFR<30 mL/min — the two drugs are not co-prescribable in the same patient, so 'no reported interaction' reflects absent co-exposure"
392,hydrochlorothiazide,ustekinumab,hub_pair,"'ustekinumab' degree 140 (16.9% of rows): IgG1k monoclonal antibody; cleared by proteolytic catabolism, no CYP/transporter involvement, so absence of a reported interaction is structurally predetermined"
393,hydrocodone,isosorbide,hub_pair,"'hydrocodone' degree 50 (6.0% of rows): CYP2D6/3A4 substrate; high degree reflects sampling, not inertness"
393,hydrocodone,isosorbide,name_ambiguous,"'isosorbide': resolves to RxNorm IN 6057 'isosorbide', the osmotic diuretic (450 mg/mL oral solution), NOT the intended top-200 antianginal; does not distinguish isosorbide mononitrate (PIN 28004) from isosorbide dinitrate (IN 6058)"
394,hydrocodone,zopiclone,hub_pair,"'hydrocodone' degree 50 (6.0% of rows): CYP2D6/3A4 substrate; high degree reflects sampling, not inertness"
394,hydrocodone,zopiclone,same_class,both CNS depressants (opioid + Z-drug); additive sedation/respiratory depression is an FDA boxed-warning combination
395,hydrocodone,amoxicillin,hub_pair,"'hydrocodone' degree 50 (6.0% of rows): CYP2D6/3A4 substrate; high degree reflects sampling, not inertness"
396,hydrocodone,aspirin,hub_pair,"'hydrocodone' degree 50 (6.0% of rows): CYP2D6/3A4 substrate; high degree reflects sampling, not inertness"
396,hydrocodone,aspirin,same_class,share ATC 4th level N02AJ (opioid + non-opioid analgesic combinations); co-formulated products exist
397,hydrocodone,benztropine,hub_pair,"'hydrocodone' degree 50 (6.0% of rows): CYP2D6/3A4 substrate; high degree reflects sampling, not inertness"
398,hydrocodone,cefdinir,hub_pair,"'hydrocodone' degree 50 (6.0% of rows): CYP2D6/3A4 substrate; high degree reflects sampling, not inertness"
399,hydrocodone,cefuroxime,hub_pair,"'hydrocodone' degree 50 (6.0% of rows): CYP2D6/3A4 substrate; high degree reflects sampling, not inertness"
400,hydrocodone,cephalexin,hub_pair,"'hydrocodone' degree 50 (6.0% of rows): CYP2D6/3A4 substrate; high degree reflects sampling, not inertness"
401,hydrocodone,chlorhexidine,hub_pair,"'hydrocodone' degree 50 (6.0% of rows): CYP2D6/3A4 substrate; high degree reflects sampling, not inertness"
401,hydrocodone,chlorhexidine,implausible_coprescription,"chlorhexidine is a topical/oral-rinse antiseptic with negligible systemic absorption; a systemic pharmacokinetic interaction is precluded by route, so the negative label is uninformative"
402,hydrocodone,alfuzosin,hub_pair,"'hydrocodone' degree 50 (6.0% of rows): CYP2D6/3A4 substrate; high degree reflects sampling, not inertness"
403,hydrocodone,bisoprolol,hub_pair,"'hydrocodone' degree 50 (6.0% of rows): CYP2D6/3A4 substrate; high degree reflects sampling, not inertness"
404,hydrocodone,finasteride,hub_pair,"'hydrocodone' degree 50 (6.0% of rows): CYP2D6/3A4 substrate; high degree reflects sampling, not inertness"
405,hydrocodone,glimepiride,hub_pair,"'hydrocodone' degree 50 (6.0% of rows): CYP2D6/3A4 substrate; high degree reflects sampling, not inertness"
406,hydrocodone,zaleplon,hub_pair,"'hydrocodone' degree 50 (6.0% of rows): CYP2D6/3A4 substrate; high degree reflects sampling, not inertness"
406,hydrocodone,zaleplon,same_class,both CNS depressants (opioid + Z-drug); additive sedation/respiratory depression is an FDA boxed-warning combination
407,hydrocodone,pemetrexed,hub_pair,"'hydrocodone' degree 50 (6.0% of rows): CYP2D6/3A4 substrate; high degree reflects sampling, not inertness"
408,hydrocodone,warfarin,hub_pair,"'hydrocodone' degree 50 (6.0% of rows): CYP2D6/3A4 substrate; high degree reflects sampling, not inertness"
409,hydrocodone,lantus,hub_pair,"'hydrocodone' degree 50 (6.0% of rows): CYP2D6/3A4 substrate; high degree reflects sampling, not inertness"
409,hydrocodone,lantus,name_brand,'lantus': brand name (RxNorm BN 261551); ingredient is insulin glargine (IN 274783)
410,hydrocodone,conjugated estrogens,hub_pair,"'hydrocodone' degree 50 (6.0% of rows): CYP2D6/3A4 substrate; high degree reflects sampling, not inertness"
410,hydrocodone,conjugated estrogens,name_ambiguous,"'conjugated estrogens': multi-component botanical mixture (IN 4099, 'estrogens, conjugated (USP)'); not a single ingredient — component estrogens have distinct CYP substrate profiles"
411,hydrocodone,dalteparin,hub_pair,"'hydrocodone' degree 50 (6.0% of rows): CYP2D6/3A4 substrate; high degree reflects sampling, not inertness; 'dalteparin' degree 82 (9.9% of rows): LMWH, renally cleared, no CYP metabolism"
412,hydrocodone,diclofenac,hub_pair,"'hydrocodone' degree 50 (6.0% of rows): CYP2D6/3A4 substrate; high degree reflects sampling, not inertness"
413,hydrocodone,donepezil,hub_pair,"'hydrocodone' degree 50 (6.0% of rows): CYP2D6/3A4 substrate; high degree reflects sampling, not inertness"
414,hydrocodone,dutasteride,hub_pair,"'hydrocodone' degree 50 (6.0% of rows): CYP2D6/3A4 substrate; high degree reflects sampling, not inertness"
415,hydrocodone,famotidine,hub_pair,"'hydrocodone' degree 50 (6.0% of rows): CYP2D6/3A4 substrate; high degree reflects sampling, not inertness"
416,hydrocodone,fenofibrate,hub_pair,"'hydrocodone' degree 50 (6.0% of rows): CYP2D6/3A4 substrate; high degree reflects sampling, not inertness"
417,hydrocodone,furosemide,hub_pair,"'hydrocodone' degree 50 (6.0% of rows): CYP2D6/3A4 substrate; high degree reflects sampling, not inertness"
418,hydrocodone,glipizide,hub_pair,"'hydrocodone' degree 50 (6.0% of rows): CYP2D6/3A4 substrate; high degree reflects sampling, not inertness"
419,hydrocodone,glyceryl trini.,hub_pair,"'hydrocodone' degree 50 (6.0% of rows): CYP2D6/3A4 substrate; high degree reflects sampling, not inertness"
419,hydrocodone,glyceryl trini.,name_truncated,"'glyceryl trini.': truncated/abbreviated form of 'glyceryl trinitrate'; fails RxNorm exact and normalized lookup; approximate match returns 'glyceryl' (RxCUI 2531034), a different chemical entity"
419,hydrocodone,glyceryl trini.,name_unresolvable,'glyceryl trini.': no RxNorm concept returned by exact (search=0) or normalized (search=2) lookup
420,hydrocodone,humalog,hub_pair,"'hydrocodone' degree 50 (6.0% of rows): CYP2D6/3A4 substrate; high degree reflects sampling, not inertness"
420,hydrocodone,humalog,name_brand,'humalog': brand name (RxNorm BN 135805); ingredient is insulin lispro (IN 86009)
421,hydrocodone,lactulose,hub_pair,"'hydrocodone' degree 50 (6.0% of rows): CYP2D6/3A4 substrate; high degree reflects sampling, not inertness"
422,hydrocodone,levofloxacin,hub_pair,"'hydrocodone' degree 50 (6.0% of rows): CYP2D6/3A4 substrate; high degree reflects sampling, not inertness"
423,hydrocodone,liraglutide,hub_pair,"'hydrocodone' degree 50 (6.0% of rows): CYP2D6/3A4 substrate; high degree reflects sampling, not inertness; 'liraglutide' degree 72 (8.7% of rows): GLP-1 peptide, endopeptidase-degraded, no CYP involvement"
424,hydrocodone,meloxicam,hub_pair,"'hydrocodone' degree 50 (6.0% of rows): CYP2D6/3A4 substrate; high degree reflects sampling, not inertness"
425,hydrocodone,memantine,hub_pair,"'hydrocodone' degree 50 (6.0% of rows): CYP2D6/3A4 substrate; high degree reflects sampling, not inertness"
426,hydrocodone,metformin,hub_pair,"'hydrocodone' degree 50 (6.0% of rows): CYP2D6/3A4 substrate; high degree reflects sampling, not inertness"
427,hydrocodone,methotrexate,hub_pair,"'hydrocodone' degree 50 (6.0% of rows): CYP2D6/3A4 substrate; high degree reflects sampling, not inertness"
428,hydrocodone,montelukast,hub_pair,"'hydrocodone' degree 50 (6.0% of rows): CYP2D6/3A4 substrate; high degree reflects sampling, not inertness"
429,hydrocodone,moxifloxacin,hub_pair,"'hydrocodone' degree 50 (6.0% of rows): CYP2D6/3A4 substrate; high degree reflects sampling, not inertness"
430,hydrocodone,mupirocin,hub_pair,"'hydrocodone' degree 50 (6.0% of rows): CYP2D6/3A4 substrate; high degree reflects sampling, not inertness"
430,hydrocodone,mupirocin,implausible_coprescription,"mupirocin is a topical-only antibacterial with negligible systemic absorption; a systemic pharmacokinetic interaction is precluded by route, so the negative label is uninformative"
431,hydrocodone,naproxen,hub_pair,"'hydrocodone' degree 50 (6.0% of rows): CYP2D6/3A4 substrate; high degree reflects sampling, not inertness"
432,hydrocodone,nitrofurantoin,hub_pair,"'hydrocodone' degree 50 (6.0% of rows): CYP2D6/3A4 substrate; high degree reflects sampling, not inertness"
433,hydrocodone,omeprazole,hub_pair,"'hydrocodone' degree 50 (6.0% of rows): CYP2D6/3A4 substrate; high degree reflects sampling, not inertness"
434,hydrocodone,oseltamivir,hub_pair,"'hydrocodone' degree 50 (6.0% of rows): CYP2D6/3A4 substrate; high degree reflects sampling, not inertness"
435,hydrocodone,penicillin,hub_pair,"'hydrocodone' degree 50 (6.0% of rows): CYP2D6/3A4 substrate; high degree reflects sampling, not inertness"
435,hydrocodone,penicillin,name_ambiguous,"'penicillin': class/stem term, not a dispensable ingredient; does not specify penicillin G (IN 7980) vs penicillin V (IN 7984) vs benzathine/procaine salt, nor route (IV vs oral) — PK and DDI profile differ by salt/route"
435,hydrocodone,penicillin,name_unresolvable,'penicillin': no RxNorm concept returned by exact (search=0) or normalized (search=2) lookup
436,hydrocodone,raltegravir,hub_pair,"'hydrocodone' degree 50 (6.0% of rows): CYP2D6/3A4 substrate; high degree reflects sampling, not inertness"
437,hydrocodone,salmeterol,hub_pair,"'hydrocodone' degree 50 (6.0% of rows): CYP2D6/3A4 substrate; high degree reflects sampling, not inertness"
438,hydrocodone,sevelamer,hub_pair,"'hydrocodone' degree 50 (6.0% of rows): CYP2D6/3A4 substrate; high degree reflects sampling, not inertness; 'sevelamer' degree 152 (18.4% of rows): non-absorbed polymeric phosphate binder; negligible systemic exposure, so absence of a reported interaction is a property of the molecule, not evidence about the pair"
439,hydrocodone,sitagliptin,hub_pair,"'hydrocodone' degree 50 (6.0% of rows): CYP2D6/3A4 substrate; high degree reflects sampling, not inertness"
440,hydrocodone,triamcinolone,hub_pair,"'hydrocodone' degree 50 (6.0% of rows): CYP2D6/3A4 substrate; high degree reflects sampling, not inertness"
441,hydrocodone,valganciclovir,hub_pair,"'hydrocodone' degree 50 (6.0% of rows): CYP2D6/3A4 substrate; high degree reflects sampling, not inertness"
442,hydrocodone,vardenafil,hub_pair,"'hydrocodone' degree 50 (6.0% of rows): CYP2D6/3A4 substrate; high degree reflects sampling, not inertness"
443,hydroxychloroquine,conjugated estrogens,name_ambiguous,"'conjugated estrogens': multi-component botanical mixture (IN 4099, 'estrogens, conjugated (USP)'); not a single ingredient — component estrogens have distinct CYP substrate profiles"
444,hydroxychloroquine,dalteparin,hub_pair,"'dalteparin' degree 82 (9.9% of rows): LMWH, renally cleared, no CYP metabolism"
445,hydroxychloroquine,heparin,hub_pair,"'heparin' degree 63 (7.6% of rows): unfractionated heparin, reticuloendothelial clearance, no CYP metabolism"
446,hydroxychloroquine,levetiracetam,hub_pair,"'levetiracetam' degree 78 (9.4% of rows): non-CYP, non-protein-bound antiepileptic; renal/hydrolytic clearance"
447,hydroxychloroquine,ustekinumab,hub_pair,"'ustekinumab' degree 140 (16.9% of rows): IgG1k monoclonal antibody; cleared by proteolytic catabolism, no CYP/transporter involvement, so absence of a reported interaction is structurally predetermined"
447,hydroxychloroquine,ustekinumab,same_class,both immunomodulators used in overlapping autoimmune indications; additive immunosuppression
448,imipramine,dalteparin,hub_pair,"'dalteparin' degree 82 (9.9% of rows): LMWH, renally cleared, no CYP metabolism"
449,imipramine,heparin,hub_pair,"'heparin' degree 63 (7.6% of rows): unfractionated heparin, reticuloendothelial clearance, no CYP metabolism"
450,imipramine,liraglutide,hub_pair,"'liraglutide' degree 72 (8.7% of rows): GLP-1 peptide, endopeptidase-degraded, no CYP involvement"
451,imipramine,sevelamer,hub_pair,"'sevelamer' degree 152 (18.4% of rows): non-absorbed polymeric phosphate binder; negligible systemic exposure, so absence of a reported interaction is a property of the molecule, not evidence about the pair"
452,imipramine,ustekinumab,hub_pair,"'ustekinumab' degree 140 (16.9% of rows): IgG1k monoclonal antibody; cleared by proteolytic catabolism, no CYP/transporter involvement, so absence of a reported interaction is structurally predetermined"
454,lactulose,dalteparin,hub_pair,"'dalteparin' degree 82 (9.9% of rows): LMWH, renally cleared, no CYP metabolism"
455,lactulose,heparin,hub_pair,"'heparin' degree 63 (7.6% of rows): unfractionated heparin, reticuloendothelial clearance, no CYP metabolism"
456,lactulose,liraglutide,hub_pair,"'liraglutide' degree 72 (8.7% of rows): GLP-1 peptide, endopeptidase-degraded, no CYP involvement"
457,lactulose,sevelamer,hub_pair,"'sevelamer' degree 152 (18.4% of rows): non-absorbed polymeric phosphate binder; negligible systemic exposure, so absence of a reported interaction is a property of the molecule, not evidence about the pair"
458,lactulose,ustekinumab,hub_pair,"'ustekinumab' degree 140 (16.9% of rows): IgG1k monoclonal antibody; cleared by proteolytic catabolism, no CYP/transporter involvement, so absence of a reported interaction is structurally predetermined"
459,lamotrigine,atenolol,hub_pair,"'atenolol' degree 77 (9.3% of rows): hydrophilic beta-blocker, renally cleared, no significant CYP metabolism"
460,lamotrigine,dalteparin,hub_pair,"'dalteparin' degree 82 (9.9% of rows): LMWH, renally cleared, no CYP metabolism"
461,lamotrigine,heparin,hub_pair,"'heparin' degree 63 (7.6% of rows): unfractionated heparin, reticuloendothelial clearance, no CYP metabolism"
462,lamotrigine,liraglutide,hub_pair,"'liraglutide' degree 72 (8.7% of rows): GLP-1 peptide, endopeptidase-degraded, no CYP involvement"
463,lamotrigine,sevelamer,hub_pair,"'sevelamer' degree 152 (18.4% of rows): non-absorbed polymeric phosphate binder; negligible systemic exposure, so absence of a reported interaction is a property of the molecule, not evidence about the pair"
464,lamotrigine,ustekinumab,hub_pair,"'ustekinumab' degree 140 (16.9% of rows): IgG1k monoclonal antibody; cleared by proteolytic catabolism, no CYP/transporter involvement, so absence of a reported interaction is structurally predetermined"
465,levetiracetam,clindamycin,hub_pair,"'levetiracetam' degree 78 (9.4% of rows): non-CYP, non-protein-bound antiepileptic; renal/hydrolytic clearance"
466,levetiracetam,amoxicillin,duplicate_unordered,"unordered repeat of row 52 (amoxicillin|levetiracetam); direction reversed, no exact ordered duplicate exists"
466,levetiracetam,amoxicillin,hub_pair,"'levetiracetam' degree 78 (9.4% of rows): non-CYP, non-protein-bound antiepileptic; renal/hydrolytic clearance"
467,levetiracetam,atomoxetine,hub_pair,"'levetiracetam' degree 78 (9.4% of rows): non-CYP, non-protein-bound antiepileptic; renal/hydrolytic clearance"
468,levetiracetam,cefuroxime,hub_pair,"'levetiracetam' degree 78 (9.4% of rows): non-CYP, non-protein-bound antiepileptic; renal/hydrolytic clearance"
469,levetiracetam,acyclovir,hub_pair,"'levetiracetam' degree 78 (9.4% of rows): non-CYP, non-protein-bound antiepileptic; renal/hydrolytic clearance"
470,levetiracetam,alfuzosin,hub_pair,"'levetiracetam' degree 78 (9.4% of rows): non-CYP, non-protein-bound antiepileptic; renal/hydrolytic clearance"
471,levetiracetam,bisoprolol,hub_pair,"'levetiracetam' degree 78 (9.4% of rows): non-CYP, non-protein-bound antiepileptic; renal/hydrolytic clearance"
472,levetiracetam,clopidogrel,hub_pair,"'levetiracetam' degree 78 (9.4% of rows): non-CYP, non-protein-bound antiepileptic; renal/hydrolytic clearance"
473,levetiracetam,finasteride,hub_pair,"'levetiracetam' degree 78 (9.4% of rows): non-CYP, non-protein-bound antiepileptic; renal/hydrolytic clearance"
474,levetiracetam,glimepiride,hub_pair,"'levetiracetam' degree 78 (9.4% of rows): non-CYP, non-protein-bound antiepileptic; renal/hydrolytic clearance"
475,levetiracetam,granisetron,hub_pair,"'levetiracetam' degree 78 (9.4% of rows): non-CYP, non-protein-bound antiepileptic; renal/hydrolytic clearance"
476,levetiracetam,ibuprofen,hub_pair,"'levetiracetam' degree 78 (9.4% of rows): non-CYP, non-protein-bound antiepileptic; renal/hydrolytic clearance"
477,levetiracetam,irbesartan,hub_pair,"'levetiracetam' degree 78 (9.4% of rows): non-CYP, non-protein-bound antiepileptic; renal/hydrolytic clearance"
478,levetiracetam,pioglitazone,hub_pair,"'levetiracetam' degree 78 (9.4% of rows): non-CYP, non-protein-bound antiepileptic; renal/hydrolytic clearance"
479,levetiracetam,prednisolone,hub_pair,"'levetiracetam' degree 78 (9.4% of rows): non-CYP, non-protein-bound antiepileptic; renal/hydrolytic clearance"
480,levetiracetam,quetiapine,hub_pair,"'levetiracetam' degree 78 (9.4% of rows): non-CYP, non-protein-bound antiepileptic; renal/hydrolytic clearance"
481,levetiracetam,pemetrexed,hub_pair,"'levetiracetam' degree 78 (9.4% of rows): non-CYP, non-protein-bound antiepileptic; renal/hydrolytic clearance"
482,levetiracetam,tadalafil,hub_pair,"'levetiracetam' degree 78 (9.4% of rows): non-CYP, non-protein-bound antiepileptic; renal/hydrolytic clearance"
483,levetiracetam,warfarin,hub_pair,"'levetiracetam' degree 78 (9.4% of rows): non-CYP, non-protein-bound antiepileptic; renal/hydrolytic clearance"
484,levetiracetam,doxycycline,hub_pair,"'levetiracetam' degree 78 (9.4% of rows): non-CYP, non-protein-bound antiepileptic; renal/hydrolytic clearance"
485,levetiracetam,lantus,hub_pair,"'levetiracetam' degree 78 (9.4% of rows): non-CYP, non-protein-bound antiepileptic; renal/hydrolytic clearance"
485,levetiracetam,lantus,name_brand,'lantus': brand name (RxNorm BN 261551); ingredient is insulin glargine (IN 274783)
486,levetiracetam,cinacalcet,hub_pair,"'levetiracetam' degree 78 (9.4% of rows): non-CYP, non-protein-bound antiepileptic; renal/hydrolytic clearance"
487,levetiracetam,dalteparin,hub_pair,"'levetiracetam' degree 78 (9.4% of rows): non-CYP, non-protein-bound antiepileptic; renal/hydrolytic clearance; 'dalteparin' degree 82 (9.9% of rows): LMWH, renally cleared, no CYP metabolism"
488,levetiracetam,dutasteride,hub_pair,"'levetiracetam' degree 78 (9.4% of rows): non-CYP, non-protein-bound antiepileptic; renal/hydrolytic clearance"
489,levetiracetam,eletriptan,hub_pair,"'levetiracetam' degree 78 (9.4% of rows): non-CYP, non-protein-bound antiepileptic; renal/hydrolytic clearance"
490,levetiracetam,glipizide,hub_pair,"'levetiracetam' degree 78 (9.4% of rows): non-CYP, non-protein-bound antiepileptic; renal/hydrolytic clearance"
491,levetiracetam,glyceryl trini.,hub_pair,"'levetiracetam' degree 78 (9.4% of rows): non-CYP, non-protein-bound antiepileptic; renal/hydrolytic clearance"
491,levetiracetam,glyceryl trini.,name_truncated,"'glyceryl trini.': truncated/abbreviated form of 'glyceryl trinitrate'; fails RxNorm exact and normalized lookup; approximate match returns 'glyceryl' (RxCUI 2531034), a different chemical entity"
491,levetiracetam,glyceryl trini.,name_unresolvable,'glyceryl trini.': no RxNorm concept returned by exact (search=0) or normalized (search=2) lookup
492,levetiracetam,hydrochlorothiazide,duplicate_unordered,"unordered repeat of row 390 (hydrochlorothiazide|levetiracetam); direction reversed, no exact ordered duplicate exists"
492,levetiracetam,hydrochlorothiazide,hub_pair,"'levetiracetam' degree 78 (9.4% of rows): non-CYP, non-protein-bound antiepileptic; renal/hydrolytic clearance"
493,levetiracetam,liraglutide,hub_pair,"'levetiracetam' degree 78 (9.4% of rows): non-CYP, non-protein-bound antiepileptic; renal/hydrolytic clearance; 'liraglutide' degree 72 (8.7% of rows): GLP-1 peptide, endopeptidase-degraded, no CYP involvement"
494,levetiracetam,meloxicam,hub_pair,"'levetiracetam' degree 78 (9.4% of rows): non-CYP, non-protein-bound antiepileptic; renal/hydrolytic clearance"
495,levetiracetam,memantine,hub_pair,"'levetiracetam' degree 78 (9.4% of rows): non-CYP, non-protein-bound antiepileptic; renal/hydrolytic clearance"
496,levetiracetam,methylphenidate,hub_pair,"'levetiracetam' degree 78 (9.4% of rows): non-CYP, non-protein-bound antiepileptic; renal/hydrolytic clearance"
497,levetiracetam,naproxen,hub_pair,"'levetiracetam' degree 78 (9.4% of rows): non-CYP, non-protein-bound antiepileptic; renal/hydrolytic clearance"
498,levetiracetam,niacin,hub_pair,"'levetiracetam' degree 78 (9.4% of rows): non-CYP, non-protein-bound antiepileptic; renal/hydrolytic clearance"
499,levetiracetam,olanzapine,hub_pair,"'levetiracetam' degree 78 (9.4% of rows): non-CYP, non-protein-bound antiepileptic; renal/hydrolytic clearance"
500,levetiracetam,omeprazole,hub_pair,"'levetiracetam' degree 78 (9.4% of rows): non-CYP, non-protein-bound antiepileptic; renal/hydrolytic clearance"
501,levetiracetam,oseltamivir,hub_pair,"'levetiracetam' degree 78 (9.4% of rows): non-CYP, non-protein-bound antiepileptic; renal/hydrolytic clearance"
502,levetiracetam,penicillin,hub_pair,"'levetiracetam' degree 78 (9.4% of rows): non-CYP, non-protein-bound antiepileptic; renal/hydrolytic clearance"
502,levetiracetam,penicillin,name_ambiguous,"'penicillin': class/stem term, not a dispensable ingredient; does not specify penicillin G (IN 7980) vs penicillin V (IN 7984) vs benzathine/procaine salt, nor route (IV vs oral) — PK and DDI profile differ by salt/route"
502,levetiracetam,penicillin,name_unresolvable,'penicillin': no RxNorm concept returned by exact (search=0) or normalized (search=2) lookup
503,levetiracetam,raltegravir,hub_pair,"'levetiracetam' degree 78 (9.4% of rows): non-CYP, non-protein-bound antiepileptic; renal/hydrolytic clearance"
504,levetiracetam,rosuvastatin,hub_pair,"'levetiracetam' degree 78 (9.4% of rows): non-CYP, non-protein-bound antiepileptic; renal/hydrolytic clearance"
505,levetiracetam,salbutamol,hub_pair,"'levetiracetam' degree 78 (9.4% of rows): non-CYP, non-protein-bound antiepileptic; renal/hydrolytic clearance"
505,levetiracetam,salbutamol,name_nomenclature_inconsistent,'salbutamol': INN; the RxNorm/USAN preferred term is albuterol (IN 435). Same inconsistency
506,levetiracetam,salmeterol,hub_pair,"'levetiracetam' degree 78 (9.4% of rows): non-CYP, non-protein-bound antiepileptic; renal/hydrolytic clearance"
507,levetiracetam,sevelamer,hub_pair,"'levetiracetam' degree 78 (9.4% of rows): non-CYP, non-protein-bound antiepileptic; renal/hydrolytic clearance; 'sevelamer' degree 152 (18.4% of rows): non-absorbed polymeric phosphate binder; negligible systemic exposure, so absence of a reported interaction is a property of the molecule, not evidence about the pair"
508,levetiracetam,solifenacin,hub_pair,"'levetiracetam' degree 78 (9.4% of rows): non-CYP, non-protein-bound antiepileptic; renal/hydrolytic clearance"
509,levetiracetam,ustekinumab,hub_pair,"'levetiracetam' degree 78 (9.4% of rows): non-CYP, non-protein-bound antiepileptic; renal/hydrolytic clearance; 'ustekinumab' degree 140 (16.9% of rows): IgG1k monoclonal antibody; cleared by proteolytic catabolism, no CYP/transporter involvement, so absence of a reported interaction is structurally predetermined"
510,levetiracetam,zolmitriptan,hub_pair,"'levetiracetam' degree 78 (9.4% of rows): non-CYP, non-protein-bound antiepileptic; renal/hydrolytic clearance"
511,levofloxacin,dalteparin,hub_pair,"'dalteparin' degree 82 (9.9% of rows): LMWH, renally cleared, no CYP metabolism"
512,levofloxacin,heparin,hub_pair,"'heparin' degree 63 (7.6% of rows): unfractionated heparin, reticuloendothelial clearance, no CYP metabolism"
513,levofloxacin,ustekinumab,hub_pair,"'ustekinumab' degree 140 (16.9% of rows): IgG1k monoclonal antibody; cleared by proteolytic catabolism, no CYP/transporter involvement, so absence of a reported interaction is structurally predetermined"
514,lidocaine,dalteparin,hub_pair,"'dalteparin' degree 82 (9.9% of rows): LMWH, renally cleared, no CYP metabolism"
515,lidocaine,heparin,hub_pair,"'heparin' degree 63 (7.6% of rows): unfractionated heparin, reticuloendothelial clearance, no CYP metabolism"
516,lidocaine,liraglutide,hub_pair,"'liraglutide' degree 72 (8.7% of rows): GLP-1 peptide, endopeptidase-degraded, no CYP involvement"
517,lidocaine,sevelamer,hub_pair,"'sevelamer' degree 152 (18.4% of rows): non-absorbed polymeric phosphate binder; negligible systemic exposure, so absence of a reported interaction is a property of the molecule, not evidence about the pair"
518,liraglutide,amoxicillin,duplicate_unordered,"unordered repeat of row 53 (amoxicillin|liraglutide); direction reversed, no exact ordered duplicate exists"
518,liraglutide,amoxicillin,hub_pair,"'liraglutide' degree 72 (8.7% of rows): GLP-1 peptide, endopeptidase-degraded, no CYP involvement"
519,liraglutide,acyclovir,hub_pair,"'liraglutide' degree 72 (8.7% of rows): GLP-1 peptide, endopeptidase-degraded, no CYP involvement"
520,liraglutide,bisoprolol,hub_pair,"'liraglutide' degree 72 (8.7% of rows): GLP-1 peptide, endopeptidase-degraded, no CYP involvement"
521,liraglutide,clopidogrel,hub_pair,"'liraglutide' degree 72 (8.7% of rows): GLP-1 peptide, endopeptidase-degraded, no CYP involvement"
522,liraglutide,granisetron,hub_pair,"'liraglutide' degree 72 (8.7% of rows): GLP-1 peptide, endopeptidase-degraded, no CYP involvement"
523,liraglutide,oxycodone,hub_pair,"'liraglutide' degree 72 (8.7% of rows): GLP-1 peptide, endopeptidase-degraded, no CYP involvement"
524,liraglutide,tramadol,hub_pair,"'liraglutide' degree 72 (8.7% of rows): GLP-1 peptide, endopeptidase-degraded, no CYP involvement"
525,liraglutide,zaleplon,hub_pair,"'liraglutide' degree 72 (8.7% of rows): GLP-1 peptide, endopeptidase-degraded, no CYP involvement"
526,liraglutide,perindopril,hub_pair,"'liraglutide' degree 72 (8.7% of rows): GLP-1 peptide, endopeptidase-degraded, no CYP involvement"
528,lisinopril,citalopram,duplicate_unordered,"unordered repeat of row 213 (citalopram|lisinopril); direction reversed, no exact ordered duplicate exists"
529,lisinopril,liraglutide,hub_pair,"'liraglutide' degree 72 (8.7% of rows): GLP-1 peptide, endopeptidase-degraded, no CYP involvement"
530,lisinopril,sevelamer,hub_pair,"'sevelamer' degree 152 (18.4% of rows): non-absorbed polymeric phosphate binder; negligible systemic exposure, so absence of a reported interaction is a property of the molecule, not evidence about the pair"
531,lorazepam,dalteparin,hub_pair,"'dalteparin' degree 82 (9.9% of rows): LMWH, renally cleared, no CYP metabolism"
532,lorazepam,sevelamer,hub_pair,"'sevelamer' degree 152 (18.4% of rows): non-absorbed polymeric phosphate binder; negligible systemic exposure, so absence of a reported interaction is a property of the molecule, not evidence about the pair"
533,lorazepam,ustekinumab,hub_pair,"'ustekinumab' degree 140 (16.9% of rows): IgG1k monoclonal antibody; cleared by proteolytic catabolism, no CYP/transporter involvement, so absence of a reported interaction is structurally predetermined"
534,meloxicam,sevelamer,hub_pair,"'sevelamer' degree 152 (18.4% of rows): non-absorbed polymeric phosphate binder; negligible systemic exposure, so absence of a reported interaction is a property of the molecule, not evidence about the pair"
535,memantine,dalteparin,hub_pair,"'dalteparin' degree 82 (9.9% of rows): LMWH, renally cleared, no CYP metabolism"
536,memantine,heparin,hub_pair,"'heparin' degree 63 (7.6% of rows): unfractionated heparin, reticuloendothelial clearance, no CYP metabolism"
537,memantine,liraglutide,hub_pair,"'liraglutide' degree 72 (8.7% of rows): GLP-1 peptide, endopeptidase-degraded, no CYP involvement"
538,memantine,sevelamer,hub_pair,"'sevelamer' degree 152 (18.4% of rows): non-absorbed polymeric phosphate binder; negligible systemic exposure, so absence of a reported interaction is a property of the molecule, not evidence about the pair"
539,memantine,ustekinumab,hub_pair,"'ustekinumab' degree 140 (16.9% of rows): IgG1k monoclonal antibody; cleared by proteolytic catabolism, no CYP/transporter involvement, so absence of a reported interaction is structurally predetermined"
540,metformin,atenolol,hub_pair,"'atenolol' degree 77 (9.3% of rows): hydrophilic beta-blocker, renally cleared, no significant CYP metabolism"
541,metformin,dalteparin,hub_pair,"'dalteparin' degree 82 (9.9% of rows): LMWH, renally cleared, no CYP metabolism"
542,metformin,dextromethorph,name_truncated,"'dextromethorph': truncated form of 'dextromethorphan'; fails RxNorm exact lookup (search=0), resolves only via normalized search to 4 concepts (IN 3289 dextromethorphan + 3 PIN salts)"
543,metformin,heparin,hub_pair,"'heparin' degree 63 (7.6% of rows): unfractionated heparin, reticuloendothelial clearance, no CYP metabolism"
544,metformin,levetiracetam,hub_pair,"'levetiracetam' degree 78 (9.4% of rows): non-CYP, non-protein-bound antiepileptic; renal/hydrolytic clearance"
545,metformin,liraglutide,hub_pair,"'liraglutide' degree 72 (8.7% of rows): GLP-1 peptide, endopeptidase-degraded, no CYP involvement"
545,metformin,liraglutide,same_class,both ATC A10B oral/injectable antihyperglycaemics; additive hypoglycaemia risk
546,metformin,sevelamer,hub_pair,"'sevelamer' degree 152 (18.4% of rows): non-absorbed polymeric phosphate binder; negligible systemic exposure, so absence of a reported interaction is a property of the molecule, not evidence about the pair"
546,metformin,sevelamer,implausible_coprescription,"sevelamer indicates dialysis-dependent CKD (hyperphosphataemia of ESRD), but metformin is contraindicated at eGFR<30 mL/min/1.73m2 (lactic acidosis) — the two drugs are not co-prescribable in the same patient, so 'no reported interaction' reflects absent co-exposure"
547,metformin,ustekinumab,hub_pair,"'ustekinumab' degree 140 (16.9% of rows): IgG1k monoclonal antibody; cleared by proteolytic catabolism, no CYP/transporter involvement, so absence of a reported interaction is structurally predetermined"
548,methadone,dalteparin,hub_pair,"'dalteparin' degree 82 (9.9% of rows): LMWH, renally cleared, no CYP metabolism"
549,methadone,heparin,hub_pair,"'heparin' degree 63 (7.6% of rows): unfractionated heparin, reticuloendothelial clearance, no CYP metabolism"
550,methadone,liraglutide,hub_pair,"'liraglutide' degree 72 (8.7% of rows): GLP-1 peptide, endopeptidase-degraded, no CYP involvement"
551,methadone,sevelamer,hub_pair,"'sevelamer' degree 152 (18.4% of rows): non-absorbed polymeric phosphate binder; negligible systemic exposure, so absence of a reported interaction is a property of the molecule, not evidence about the pair"
552,methadone,ustekinumab,hub_pair,"'ustekinumab' degree 140 (16.9% of rows): IgG1k monoclonal antibody; cleared by proteolytic catabolism, no CYP/transporter involvement, so absence of a reported interaction is structurally predetermined"
553,methocarbamol,dalteparin,hub_pair,"'dalteparin' degree 82 (9.9% of rows): LMWH, renally cleared, no CYP metabolism"
554,methocarbamol,heparin,hub_pair,"'heparin' degree 63 (7.6% of rows): unfractionated heparin, reticuloendothelial clearance, no CYP metabolism"
555,methocarbamol,liraglutide,hub_pair,"'liraglutide' degree 72 (8.7% of rows): GLP-1 peptide, endopeptidase-degraded, no CYP involvement"
556,methocarbamol,sevelamer,hub_pair,"'sevelamer' degree 152 (18.4% of rows): non-absorbed polymeric phosphate binder; negligible systemic exposure, so absence of a reported interaction is a property of the molecule, not evidence about the pair"
557,methocarbamol,ustekinumab,hub_pair,"'ustekinumab' degree 140 (16.9% of rows): IgG1k monoclonal antibody; cleared by proteolytic catabolism, no CYP/transporter involvement, so absence of a reported interaction is structurally predetermined"
558,methotrexate,citalopram,duplicate_unordered,"unordered repeat of row 214 (citalopram|methotrexate); direction reversed, no exact ordered duplicate exists"
559,methotrexate,dalteparin,hub_pair,"'dalteparin' degree 82 (9.9% of rows): LMWH, renally cleared, no CYP metabolism"
560,methotrexate,heparin,hub_pair,"'heparin' degree 63 (7.6% of rows): unfractionated heparin, reticuloendothelial clearance, no CYP metabolism"
561,methotrexate,liraglutide,hub_pair,"'liraglutide' degree 72 (8.7% of rows): GLP-1 peptide, endopeptidase-degraded, no CYP involvement"
562,methotrexate,sevelamer,hub_pair,"'sevelamer' degree 152 (18.4% of rows): non-absorbed polymeric phosphate binder; negligible systemic exposure, so absence of a reported interaction is a property of the molecule, not evidence about the pair"
562,methotrexate,sevelamer,implausible_coprescription,"sevelamer indicates dialysis-dependent CKD (hyperphosphataemia of ESRD), but methotrexate is contraindicated in severe renal impairment (renal elimination, myelosuppression) — the two drugs are not co-prescribable in the same patient, so 'no reported interaction' reflects absent co-exposure"
563,methotrexate,ustekinumab,hub_pair,"'ustekinumab' degree 140 (16.9% of rows): IgG1k monoclonal antibody; cleared by proteolytic catabolism, no CYP/transporter involvement, so absence of a reported interaction is structurally predetermined"
563,methotrexate,ustekinumab,same_class,both ATC L04A immunosuppressants; additive immunosuppression / infection risk
564,methylphenidate,liraglutide,hub_pair,"'liraglutide' degree 72 (8.7% of rows): GLP-1 peptide, endopeptidase-degraded, no CYP involvement"
565,methylphenidate,sevelamer,hub_pair,"'sevelamer' degree 152 (18.4% of rows): non-absorbed polymeric phosphate binder; negligible systemic exposure, so absence of a reported interaction is a property of the molecule, not evidence about the pair"
566,methylphenidate,ustekinumab,hub_pair,"'ustekinumab' degree 140 (16.9% of rows): IgG1k monoclonal antibody; cleared by proteolytic catabolism, no CYP/transporter involvement, so absence of a reported interaction is structurally predetermined"
567,metoclopramide,dalteparin,hub_pair,"'dalteparin' degree 82 (9.9% of rows): LMWH, renally cleared, no CYP metabolism"
568,metoclopramide,heparin,hub_pair,"'heparin' degree 63 (7.6% of rows): unfractionated heparin, reticuloendothelial clearance, no CYP metabolism"
569,metoclopramide,liraglutide,hub_pair,"'liraglutide' degree 72 (8.7% of rows): GLP-1 peptide, endopeptidase-degraded, no CYP involvement"
570,metoclopramide,sevelamer,hub_pair,"'sevelamer' degree 152 (18.4% of rows): non-absorbed polymeric phosphate binder; negligible systemic exposure, so absence of a reported interaction is a property of the molecule, not evidence about the pair"
571,metoclopramide,ustekinumab,hub_pair,"'ustekinumab' degree 140 (16.9% of rows): IgG1k monoclonal antibody; cleared by proteolytic catabolism, no CYP/transporter involvement, so absence of a reported interaction is structurally predetermined"
572,metoprolol,dalteparin,hub_pair,"'dalteparin' degree 82 (9.9% of rows): LMWH, renally cleared, no CYP metabolism"
573,metoprolol,liraglutide,hub_pair,"'liraglutide' degree 72 (8.7% of rows): GLP-1 peptide, endopeptidase-degraded, no CYP involvement"
574,metoprolol,sevelamer,hub_pair,"'sevelamer' degree 152 (18.4% of rows): non-absorbed polymeric phosphate binder; negligible systemic exposure, so absence of a reported interaction is a property of the molecule, not evidence about the pair"
575,metoprolol,ustekinumab,hub_pair,"'ustekinumab' degree 140 (16.9% of rows): IgG1k monoclonal antibody; cleared by proteolytic catabolism, no CYP/transporter involvement, so absence of a reported interaction is structurally predetermined"
576,metronidazole,dalteparin,hub_pair,"'dalteparin' degree 82 (9.9% of rows): LMWH, renally cleared, no CYP metabolism"
577,metronidazole,heparin,hub_pair,"'heparin' degree 63 (7.6% of rows): unfractionated heparin, reticuloendothelial clearance, no CYP metabolism"
578,metronidazole,liraglutide,hub_pair,"'liraglutide' degree 72 (8.7% of rows): GLP-1 peptide, endopeptidase-degraded, no CYP involvement"
579,metronidazole,sevelamer,hub_pair,"'sevelamer' degree 152 (18.4% of rows): non-absorbed polymeric phosphate binder; negligible systemic exposure, so absence of a reported interaction is a property of the molecule, not evidence about the pair"
580,metronidazole,ustekinumab,hub_pair,"'ustekinumab' degree 140 (16.9% of rows): IgG1k monoclonal antibody; cleared by proteolytic catabolism, no CYP/transporter involvement, so absence of a reported interaction is structurally predetermined"
581,montelukast,citalopram,duplicate_unordered,"unordered repeat of row 215 (citalopram|montelukast); direction reversed, no exact ordered duplicate exists"
582,montelukast,dalteparin,hub_pair,"'dalteparin' degree 82 (9.9% of rows): LMWH, renally cleared, no CYP metabolism"
583,montelukast,levetiracetam,hub_pair,"'levetiracetam' degree 78 (9.4% of rows): non-CYP, non-protein-bound antiepileptic; renal/hydrolytic clearance"
584,montelukast,sevelamer,hub_pair,"'sevelamer' degree 152 (18.4% of rows): non-absorbed polymeric phosphate binder; negligible systemic exposure, so absence of a reported interaction is a property of the molecule, not evidence about the pair"
585,montelukast,ustekinumab,hub_pair,"'ustekinumab' degree 140 (16.9% of rows): IgG1k monoclonal antibody; cleared by proteolytic catabolism, no CYP/transporter involvement, so absence of a reported interaction is structurally predetermined"
586,moxifloxacin,dalteparin,hub_pair,"'dalteparin' degree 82 (9.9% of rows): LMWH, renally cleared, no CYP metabolism"
587,moxifloxacin,dextromethorph,name_truncated,"'dextromethorph': truncated form of 'dextromethorphan'; fails RxNorm exact lookup (search=0), resolves only via normalized search to 4 concepts (IN 3289 dextromethorphan + 3 PIN salts)"
588,moxifloxacin,heparin,hub_pair,"'heparin' degree 63 (7.6% of rows): unfractionated heparin, reticuloendothelial clearance, no CYP metabolism"
589,moxifloxacin,levetiracetam,hub_pair,"'levetiracetam' degree 78 (9.4% of rows): non-CYP, non-protein-bound antiepileptic; renal/hydrolytic clearance"
590,moxifloxacin,ustekinumab,hub_pair,"'ustekinumab' degree 140 (16.9% of rows): IgG1k monoclonal antibody; cleared by proteolytic catabolism, no CYP/transporter involvement, so absence of a reported interaction is structurally predetermined"
591,mupirocin,citalopram,duplicate_unordered,"unordered repeat of row 216 (citalopram|mupirocin); direction reversed, no exact ordered duplicate exists"
591,mupirocin,citalopram,implausible_coprescription,"mupirocin is a topical-only antibacterial with negligible systemic absorption; a systemic pharmacokinetic interaction is precluded by route, so the negative label is uninformative"
592,nabumetone,liraglutide,hub_pair,"'liraglutide' degree 72 (8.7% of rows): GLP-1 peptide, endopeptidase-degraded, no CYP involvement"
593,nabumetone,sevelamer,hub_pair,"'sevelamer' degree 152 (18.4% of rows): non-absorbed polymeric phosphate binder; negligible systemic exposure, so absence of a reported interaction is a property of the molecule, not evidence about the pair"
594,nabumetone,ustekinumab,hub_pair,"'ustekinumab' degree 140 (16.9% of rows): IgG1k monoclonal antibody; cleared by proteolytic catabolism, no CYP/transporter involvement, so absence of a reported interaction is structurally predetermined"
595,naproxen,sevelamer,hub_pair,"'sevelamer' degree 152 (18.4% of rows): non-absorbed polymeric phosphate binder; negligible systemic exposure, so absence of a reported interaction is a property of the molecule, not evidence about the pair"
596,naproxen,ustekinumab,hub_pair,"'ustekinumab' degree 140 (16.9% of rows): IgG1k monoclonal antibody; cleared by proteolytic catabolism, no CYP/transporter involvement, so absence of a reported interaction is structurally predetermined"
597,nitrofurantoin,citalopram,duplicate_unordered,"unordered repeat of row 217 (citalopram|nitrofurantoin); direction reversed, no exact ordered duplicate exists"
598,nitrofurantoin,dalteparin,hub_pair,"'dalteparin' degree 82 (9.9% of rows): LMWH, renally cleared, no CYP metabolism"
599,nitrofurantoin,dextromethorph,name_truncated,"'dextromethorph': truncated form of 'dextromethorphan'; fails RxNorm exact lookup (search=0), resolves only via normalized search to 4 concepts (IN 3289 dextromethorphan + 3 PIN salts)"
600,nitrofurantoin,heparin,hub_pair,"'heparin' degree 63 (7.6% of rows): unfractionated heparin, reticuloendothelial clearance, no CYP metabolism"
601,nitrofurantoin,levetiracetam,hub_pair,"'levetiracetam' degree 78 (9.4% of rows): non-CYP, non-protein-bound antiepileptic; renal/hydrolytic clearance"
602,nitrofurantoin,liraglutide,hub_pair,"'liraglutide' degree 72 (8.7% of rows): GLP-1 peptide, endopeptidase-degraded, no CYP involvement"
603,nitrofurantoin,sevelamer,hub_pair,"'sevelamer' degree 152 (18.4% of rows): non-absorbed polymeric phosphate binder; negligible systemic exposure, so absence of a reported interaction is a property of the molecule, not evidence about the pair"
603,nitrofurantoin,sevelamer,implausible_coprescription,"sevelamer indicates dialysis-dependent CKD (hyperphosphataemia of ESRD), but nitrofurantoin is contraindicated at CrCl<30-45 mL/min (inadequate urinary concentration, neurotoxicity) — the two drugs are not co-prescribable in the same patient, so 'no reported interaction' reflects absent co-exposure"
604,nitrofurantoin,ustekinumab,hub_pair,"'ustekinumab' degree 140 (16.9% of rows): IgG1k monoclonal antibody; cleared by proteolytic catabolism, no CYP/transporter involvement, so absence of a reported interaction is structurally predetermined"
605,nortriptyline,dalteparin,hub_pair,"'dalteparin' degree 82 (9.9% of rows): LMWH, renally cleared, no CYP metabolism"
606,nortriptyline,heparin,hub_pair,"'heparin' degree 63 (7.6% of rows): unfractionated heparin, reticuloendothelial clearance, no CYP metabolism"
607,nortriptyline,liraglutide,hub_pair,"'liraglutide' degree 72 (8.7% of rows): GLP-1 peptide, endopeptidase-degraded, no CYP involvement"
608,nortriptyline,sevelamer,hub_pair,"'sevelamer' degree 152 (18.4% of rows): non-absorbed polymeric phosphate binder; negligible systemic exposure, so absence of a reported interaction is a property of the molecule, not evidence about the pair"
609,nortriptyline,ustekinumab,hub_pair,"'ustekinumab' degree 140 (16.9% of rows): IgG1k monoclonal antibody; cleared by proteolytic catabolism, no CYP/transporter involvement, so absence of a reported interaction is structurally predetermined"
610,olanzapine,dalteparin,hub_pair,"'dalteparin' degree 82 (9.9% of rows): LMWH, renally cleared, no CYP metabolism"
611,olanzapine,sevelamer,hub_pair,"'sevelamer' degree 152 (18.4% of rows): non-absorbed polymeric phosphate binder; negligible systemic exposure, so absence of a reported interaction is a property of the molecule, not evidence about the pair"
612,olanzapine,ustekinumab,hub_pair,"'ustekinumab' degree 140 (16.9% of rows): IgG1k monoclonal antibody; cleared by proteolytic catabolism, no CYP/transporter involvement, so absence of a reported interaction is structurally predetermined"
613,omeprazole,atenolol,duplicate_unordered,"unordered repeat of row 107 (atenolol|omeprazole); direction reversed, no exact ordered duplicate exists"
613,omeprazole,atenolol,hub_pair,"'atenolol' degree 77 (9.3% of rows): hydrophilic beta-blocker, renally cleared, no significant CYP metabolism"
614,omeprazole,levetiracetam,duplicate_unordered,"unordered repeat of row 500 (levetiracetam|omeprazole); direction reversed, no exact ordered duplicate exists"
614,omeprazole,levetiracetam,hub_pair,"'levetiracetam' degree 78 (9.4% of rows): non-CYP, non-protein-bound antiepileptic; renal/hydrolytic clearance"
615,omeprazole,sevelamer,hub_pair,"'sevelamer' degree 152 (18.4% of rows): non-absorbed polymeric phosphate binder; negligible systemic exposure, so absence of a reported interaction is a property of the molecule, not evidence about the pair"
616,omeprazole,ustekinumab,hub_pair,"'ustekinumab' degree 140 (16.9% of rows): IgG1k monoclonal antibody; cleared by proteolytic catabolism, no CYP/transporter involvement, so absence of a reported interaction is structurally predetermined"
617,ondansetron,atenolol,hub_pair,"'atenolol' degree 77 (9.3% of rows): hydrophilic beta-blocker, renally cleared, no significant CYP metabolism"
618,ondansetron,dalteparin,hub_pair,"'dalteparin' degree 82 (9.9% of rows): LMWH, renally cleared, no CYP metabolism"
619,ondansetron,levetiracetam,hub_pair,"'levetiracetam' degree 78 (9.4% of rows): non-CYP, non-protein-bound antiepileptic; renal/hydrolytic clearance"
620,ondansetron,sevelamer,hub_pair,"'sevelamer' degree 152 (18.4% of rows): non-absorbed polymeric phosphate binder; negligible systemic exposure, so absence of a reported interaction is a property of the molecule, not evidence about the pair"
621,ondansetron,ustekinumab,hub_pair,"'ustekinumab' degree 140 (16.9% of rows): IgG1k monoclonal antibody; cleared by proteolytic catabolism, no CYP/transporter involvement, so absence of a reported interaction is structurally predetermined"
622,oseltamivir,citalopram,duplicate_unordered,"unordered repeat of row 218 (citalopram|oseltamivir); direction reversed, no exact ordered duplicate exists"
623,oseltamivir,dalteparin,hub_pair,"'dalteparin' degree 82 (9.9% of rows): LMWH, renally cleared, no CYP metabolism"
624,oseltamivir,heparin,hub_pair,"'heparin' degree 63 (7.6% of rows): unfractionated heparin, reticuloendothelial clearance, no CYP metabolism"
625,oseltamivir,liraglutide,hub_pair,"'liraglutide' degree 72 (8.7% of rows): GLP-1 peptide, endopeptidase-degraded, no CYP involvement"
626,oseltamivir,sevelamer,hub_pair,"'sevelamer' degree 152 (18.4% of rows): non-absorbed polymeric phosphate binder; negligible systemic exposure, so absence of a reported interaction is a property of the molecule, not evidence about the pair"
627,oseltamivir,ustekinumab,hub_pair,"'ustekinumab' degree 140 (16.9% of rows): IgG1k monoclonal antibody; cleared by proteolytic catabolism, no CYP/transporter involvement, so absence of a reported interaction is structurally predetermined"
628,pantoprazole,liraglutide,hub_pair,"'liraglutide' degree 72 (8.7% of rows): GLP-1 peptide, endopeptidase-degraded, no CYP involvement"
629,pantoprazole,sevelamer,hub_pair,"'sevelamer' degree 152 (18.4% of rows): non-absorbed polymeric phosphate binder; negligible systemic exposure, so absence of a reported interaction is a property of the molecule, not evidence about the pair"
630,pantoprazole,ustekinumab,hub_pair,"'ustekinumab' degree 140 (16.9% of rows): IgG1k monoclonal antibody; cleared by proteolytic catabolism, no CYP/transporter involvement, so absence of a reported interaction is structurally predetermined"
631,paracetamol,liraglutide,hub_pair,"'liraglutide' degree 72 (8.7% of rows): GLP-1 peptide, endopeptidase-degraded, no CYP involvement"
631,paracetamol,liraglutide,name_nomenclature_inconsistent,'paracetamol': INN; the RxNorm/USAN preferred term is acetaminophen (IN 161). Inconsistent with the otherwise-USAN naming of the source top-200 US prescription list
632,paracetamol,sevelamer,hub_pair,"'sevelamer' degree 152 (18.4% of rows): non-absorbed polymeric phosphate binder; negligible systemic exposure, so absence of a reported interaction is a property of the molecule, not evidence about the pair"
632,paracetamol,sevelamer,name_nomenclature_inconsistent,'paracetamol': INN; the RxNorm/USAN preferred term is acetaminophen (IN 161). Inconsistent with the otherwise-USAN naming of the source top-200 US prescription list
633,paracetamol,ustekinumab,hub_pair,"'ustekinumab' degree 140 (16.9% of rows): IgG1k monoclonal antibody; cleared by proteolytic catabolism, no CYP/transporter involvement, so absence of a reported interaction is structurally predetermined"
633,paracetamol,ustekinumab,name_nomenclature_inconsistent,'paracetamol': INN; the RxNorm/USAN preferred term is acetaminophen (IN 161). Inconsistent with the otherwise-USAN naming of the source top-200 US prescription list
634,paroxetine,sevelamer,hub_pair,"'sevelamer' degree 152 (18.4% of rows): non-absorbed polymeric phosphate binder; negligible systemic exposure, so absence of a reported interaction is a property of the molecule, not evidence about the pair"
635,paroxetine,ustekinumab,hub_pair,"'ustekinumab' degree 140 (16.9% of rows): IgG1k monoclonal antibody; cleared by proteolytic catabolism, no CYP/transporter involvement, so absence of a reported interaction is structurally predetermined"
636,penicillin,citalopram,duplicate_unordered,"unordered repeat of row 219 (citalopram|penicillin); direction reversed, no exact ordered duplicate exists"
636,penicillin,citalopram,name_ambiguous,"'penicillin': class/stem term, not a dispensable ingredient; does not specify penicillin G (IN 7980) vs penicillin V (IN 7984) vs benzathine/procaine salt, nor route (IV vs oral) — PK and DDI profile differ by salt/route"
636,penicillin,citalopram,name_unresolvable,'penicillin': no RxNorm concept returned by exact (search=0) or normalized (search=2) lookup
637,penicillin,dalteparin,hub_pair,"'dalteparin' degree 82 (9.9% of rows): LMWH, renally cleared, no CYP metabolism"
637,penicillin,dalteparin,name_ambiguous,"'penicillin': class/stem term, not a dispensable ingredient; does not specify penicillin G (IN 7980) vs penicillin V (IN 7984) vs benzathine/procaine salt, nor route (IV vs oral) — PK and DDI profile differ by salt/route"
637,penicillin,dalteparin,name_unresolvable,'penicillin': no RxNorm concept returned by exact (search=0) or normalized (search=2) lookup
638,penicillin,heparin,hub_pair,"'heparin' degree 63 (7.6% of rows): unfractionated heparin, reticuloendothelial clearance, no CYP metabolism"
638,penicillin,heparin,name_ambiguous,"'penicillin': class/stem term, not a dispensable ingredient; does not specify penicillin G (IN 7980) vs penicillin V (IN 7984) vs benzathine/procaine salt, nor route (IV vs oral) — PK and DDI profile differ by salt/route"
638,penicillin,heparin,name_unresolvable,'penicillin': no RxNorm concept returned by exact (search=0) or normalized (search=2) lookup
639,penicillin,liraglutide,hub_pair,"'liraglutide' degree 72 (8.7% of rows): GLP-1 peptide, endopeptidase-degraded, no CYP involvement"
639,penicillin,liraglutide,name_ambiguous,"'penicillin': class/stem term, not a dispensable ingredient; does not specify penicillin G (IN 7980) vs penicillin V (IN 7984) vs benzathine/procaine salt, nor route (IV vs oral) — PK and DDI profile differ by salt/route"
639,penicillin,liraglutide,name_unresolvable,'penicillin': no RxNorm concept returned by exact (search=0) or normalized (search=2) lookup
640,penicillin,sevelamer,hub_pair,"'sevelamer' degree 152 (18.4% of rows): non-absorbed polymeric phosphate binder; negligible systemic exposure, so absence of a reported interaction is a property of the molecule, not evidence about the pair"
640,penicillin,sevelamer,name_ambiguous,"'penicillin': class/stem term, not a dispensable ingredient; does not specify penicillin G (IN 7980) vs penicillin V (IN 7984) vs benzathine/procaine salt, nor route (IV vs oral) — PK and DDI profile differ by salt/route"
640,penicillin,sevelamer,name_unresolvable,'penicillin': no RxNorm concept returned by exact (search=0) or normalized (search=2) lookup
641,penicillin,ustekinumab,hub_pair,"'ustekinumab' degree 140 (16.9% of rows): IgG1k monoclonal antibody; cleared by proteolytic catabolism, no CYP/transporter involvement, so absence of a reported interaction is structurally predetermined"
641,penicillin,ustekinumab,name_ambiguous,"'penicillin': class/stem term, not a dispensable ingredient; does not specify penicillin G (IN 7980) vs penicillin V (IN 7984) vs benzathine/procaine salt, nor route (IV vs oral) — PK and DDI profile differ by salt/route"
641,penicillin,ustekinumab,name_unresolvable,'penicillin': no RxNorm concept returned by exact (search=0) or normalized (search=2) lookup
643,phenazopyridine,conjugated estrogens,name_ambiguous,"'conjugated estrogens': multi-component botanical mixture (IN 4099, 'estrogens, conjugated (USP)'); not a single ingredient — component estrogens have distinct CYP substrate profiles"
644,phenazopyridine,dalteparin,hub_pair,"'dalteparin' degree 82 (9.9% of rows): LMWH, renally cleared, no CYP metabolism"
645,phenazopyridine,dextromethorph,name_truncated,"'dextromethorph': truncated form of 'dextromethorphan'; fails RxNorm exact lookup (search=0), resolves only via normalized search to 4 concepts (IN 3289 dextromethorphan + 3 PIN salts)"
646,phenazopyridine,heparin,hub_pair,"'heparin' degree 63 (7.6% of rows): unfractionated heparin, reticuloendothelial clearance, no CYP metabolism"
647,phenazopyridine,liraglutide,hub_pair,"'liraglutide' degree 72 (8.7% of rows): GLP-1 peptide, endopeptidase-degraded, no CYP involvement"
648,phenazopyridine,sevelamer,hub_pair,"'sevelamer' degree 152 (18.4% of rows): non-absorbed polymeric phosphate binder; negligible systemic exposure, so absence of a reported interaction is a property of the molecule, not evidence about the pair"
649,phenytoin,dalteparin,hub_pair,"'dalteparin' degree 82 (9.9% of rows): LMWH, renally cleared, no CYP metabolism"
650,phenytoin,sevelamer,hub_pair,"'sevelamer' degree 152 (18.4% of rows): non-absorbed polymeric phosphate binder; negligible systemic exposure, so absence of a reported interaction is a property of the molecule, not evidence about the pair"
651,pravastatin,liraglutide,hub_pair,"'liraglutide' degree 72 (8.7% of rows): GLP-1 peptide, endopeptidase-degraded, no CYP involvement"
652,pravastatin,sevelamer,hub_pair,"'sevelamer' degree 152 (18.4% of rows): non-absorbed polymeric phosphate binder; negligible systemic exposure, so absence of a reported interaction is a property of the molecule, not evidence about the pair"
653,pravastatin,ustekinumab,hub_pair,"'ustekinumab' degree 140 (16.9% of rows): IgG1k monoclonal antibody; cleared by proteolytic catabolism, no CYP/transporter involvement, so absence of a reported interaction is structurally predetermined"
654,prednisone,sevelamer,hub_pair,"'sevelamer' degree 152 (18.4% of rows): non-absorbed polymeric phosphate binder; negligible systemic exposure, so absence of a reported interaction is a property of the molecule, not evidence about the pair"
655,pregabalin,liraglutide,hub_pair,"'liraglutide' degree 72 (8.7% of rows): GLP-1 peptide, endopeptidase-degraded, no CYP involvement"
656,raloxifene,dalteparin,hub_pair,"'dalteparin' degree 82 (9.9% of rows): LMWH, renally cleared, no CYP metabolism"
657,raloxifene,levetiracetam,hub_pair,"'levetiracetam' degree 78 (9.4% of rows): non-CYP, non-protein-bound antiepileptic; renal/hydrolytic clearance"
658,raloxifene,sevelamer,hub_pair,"'sevelamer' degree 152 (18.4% of rows): non-absorbed polymeric phosphate binder; negligible systemic exposure, so absence of a reported interaction is a property of the molecule, not evidence about the pair"
659,raloxifene,ustekinumab,hub_pair,"'ustekinumab' degree 140 (16.9% of rows): IgG1k monoclonal antibody; cleared by proteolytic catabolism, no CYP/transporter involvement, so absence of a reported interaction is structurally predetermined"
660,raltegravir,dalteparin,hub_pair,"'dalteparin' degree 82 (9.9% of rows): LMWH, renally cleared, no CYP metabolism"
661,raltegravir,liraglutide,hub_pair,"'liraglutide' degree 72 (8.7% of rows): GLP-1 peptide, endopeptidase-degraded, no CYP involvement"
662,raltegravir,sevelamer,hub_pair,"'sevelamer' degree 152 (18.4% of rows): non-absorbed polymeric phosphate binder; negligible systemic exposure, so absence of a reported interaction is a property of the molecule, not evidence about the pair"
663,raltegravir,ustekinumab,hub_pair,"'ustekinumab' degree 140 (16.9% of rows): IgG1k monoclonal antibody; cleared by proteolytic catabolism, no CYP/transporter involvement, so absence of a reported interaction is structurally predetermined"
664,ramipril,citalopram,duplicate_unordered,"unordered repeat of row 221 (citalopram|ramipril); direction reversed, no exact ordered duplicate exists"
665,ramipril,dextromethorph,name_truncated,"'dextromethorph': truncated form of 'dextromethorphan'; fails RxNorm exact lookup (search=0), resolves only via normalized search to 4 concepts (IN 3289 dextromethorphan + 3 PIN salts)"
666,ramipril,levetiracetam,hub_pair,"'levetiracetam' degree 78 (9.4% of rows): non-CYP, non-protein-bound antiepileptic; renal/hydrolytic clearance"
667,ramipril,sevelamer,hub_pair,"'sevelamer' degree 152 (18.4% of rows): non-absorbed polymeric phosphate binder; negligible systemic exposure, so absence of a reported interaction is a property of the molecule, not evidence about the pair"
668,ramipril,ustekinumab,hub_pair,"'ustekinumab' degree 140 (16.9% of rows): IgG1k monoclonal antibody; cleared by proteolytic catabolism, no CYP/transporter involvement, so absence of a reported interaction is structurally predetermined"
669,ranitidine,dalteparin,hub_pair,"'dalteparin' degree 82 (9.9% of rows): LMWH, renally cleared, no CYP metabolism"
670,ranitidine,heparin,hub_pair,"'heparin' degree 63 (7.6% of rows): unfractionated heparin, reticuloendothelial clearance, no CYP metabolism"
671,ranitidine,liraglutide,hub_pair,"'liraglutide' degree 72 (8.7% of rows): GLP-1 peptide, endopeptidase-degraded, no CYP involvement"
672,ranitidine,sevelamer,hub_pair,"'sevelamer' degree 152 (18.4% of rows): non-absorbed polymeric phosphate binder; negligible systemic exposure, so absence of a reported interaction is a property of the molecule, not evidence about the pair"
673,ranitidine,ustekinumab,hub_pair,"'ustekinumab' degree 140 (16.9% of rows): IgG1k monoclonal antibody; cleared by proteolytic catabolism, no CYP/transporter involvement, so absence of a reported interaction is structurally predetermined"
674,risperidone,dalteparin,hub_pair,"'dalteparin' degree 82 (9.9% of rows): LMWH, renally cleared, no CYP metabolism"
675,risperidone,sevelamer,hub_pair,"'sevelamer' degree 152 (18.4% of rows): non-absorbed polymeric phosphate binder; negligible systemic exposure, so absence of a reported interaction is a property of the molecule, not evidence about the pair"
676,risperidone,ustekinumab,hub_pair,"'ustekinumab' degree 140 (16.9% of rows): IgG1k monoclonal antibody; cleared by proteolytic catabolism, no CYP/transporter involvement, so absence of a reported interaction is structurally predetermined"
677,ropinirole,dalteparin,hub_pair,"'dalteparin' degree 82 (9.9% of rows): LMWH, renally cleared, no CYP metabolism"
678,ropinirole,heparin,hub_pair,"'heparin' degree 63 (7.6% of rows): unfractionated heparin, reticuloendothelial clearance, no CYP metabolism"
679,ropinirole,liraglutide,hub_pair,"'liraglutide' degree 72 (8.7% of rows): GLP-1 peptide, endopeptidase-degraded, no CYP involvement"
680,ropinirole,sevelamer,hub_pair,"'sevelamer' degree 152 (18.4% of rows): non-absorbed polymeric phosphate binder; negligible systemic exposure, so absence of a reported interaction is a property of the molecule, not evidence about the pair"
681,ropinirole,ustekinumab,hub_pair,"'ustekinumab' degree 140 (16.9% of rows): IgG1k monoclonal antibody; cleared by proteolytic catabolism, no CYP/transporter involvement, so absence of a reported interaction is structurally predetermined"
682,rosuvastatin,sevelamer,hub_pair,"'sevelamer' degree 152 (18.4% of rows): non-absorbed polymeric phosphate binder; negligible systemic exposure, so absence of a reported interaction is a property of the molecule, not evidence about the pair"
683,rosuvastatin,ustekinumab,hub_pair,"'ustekinumab' degree 140 (16.9% of rows): IgG1k monoclonal antibody; cleared by proteolytic catabolism, no CYP/transporter involvement, so absence of a reported interaction is structurally predetermined"
685,salmeterol,sevelamer,hub_pair,"'sevelamer' degree 152 (18.4% of rows): non-absorbed polymeric phosphate binder; negligible systemic exposure, so absence of a reported interaction is a property of the molecule, not evidence about the pair"
686,salmeterol,ustekinumab,hub_pair,"'ustekinumab' degree 140 (16.9% of rows): IgG1k monoclonal antibody; cleared by proteolytic catabolism, no CYP/transporter involvement, so absence of a reported interaction is structurally predetermined"
687,sevelamer,amoxicillin,duplicate_unordered,"unordered repeat of row 54 (amoxicillin|sevelamer); direction reversed, no exact ordered duplicate exists"
687,sevelamer,amoxicillin,hub_pair,"'sevelamer' degree 152 (18.4% of rows): non-absorbed polymeric phosphate binder; negligible systemic exposure, so absence of a reported interaction is a property of the molecule, not evidence about the pair"
688,sevelamer,cefuroxime,hub_pair,"'sevelamer' degree 152 (18.4% of rows): non-absorbed polymeric phosphate binder; negligible systemic exposure, so absence of a reported interaction is a property of the molecule, not evidence about the pair"
689,sevelamer,acyclovir,hub_pair,"'sevelamer' degree 152 (18.4% of rows): non-absorbed polymeric phosphate binder; negligible systemic exposure, so absence of a reported interaction is a property of the molecule, not evidence about the pair"
690,sevelamer,alfuzosin,hub_pair,"'sevelamer' degree 152 (18.4% of rows): non-absorbed polymeric phosphate binder; negligible systemic exposure, so absence of a reported interaction is a property of the molecule, not evidence about the pair"
691,sevelamer,amitriptyline,hub_pair,"'sevelamer' degree 152 (18.4% of rows): non-absorbed polymeric phosphate binder; negligible systemic exposure, so absence of a reported interaction is a property of the molecule, not evidence about the pair"
692,sevelamer,bisoprolol,hub_pair,"'sevelamer' degree 152 (18.4% of rows): non-absorbed polymeric phosphate binder; negligible systemic exposure, so absence of a reported interaction is a property of the molecule, not evidence about the pair"
693,sevelamer,clonazepam,hub_pair,"'sevelamer' degree 152 (18.4% of rows): non-absorbed polymeric phosphate binder; negligible systemic exposure, so absence of a reported interaction is a property of the molecule, not evidence about the pair"
694,sevelamer,clopidogrel,hub_pair,"'sevelamer' degree 152 (18.4% of rows): non-absorbed polymeric phosphate binder; negligible systemic exposure, so absence of a reported interaction is a property of the molecule, not evidence about the pair"
695,sevelamer,clotrimazole,hub_pair,"'sevelamer' degree 152 (18.4% of rows): non-absorbed polymeric phosphate binder; negligible systemic exposure, so absence of a reported interaction is a property of the molecule, not evidence about the pair"
695,sevelamer,clotrimazole,implausible_coprescription,"clotrimazole here is topical/troche formulation with minimal systemic exposure; a systemic pharmacokinetic interaction is precluded by route, so the negative label is uninformative"
696,sevelamer,finasteride,hub_pair,"'sevelamer' degree 152 (18.4% of rows): non-absorbed polymeric phosphate binder; negligible systemic exposure, so absence of a reported interaction is a property of the molecule, not evidence about the pair"
697,sevelamer,fluvoxamine,hub_pair,"'sevelamer' degree 152 (18.4% of rows): non-absorbed polymeric phosphate binder; negligible systemic exposure, so absence of a reported interaction is a property of the molecule, not evidence about the pair"
698,sevelamer,gemfibrozil,hub_pair,"'sevelamer' degree 152 (18.4% of rows): non-absorbed polymeric phosphate binder; negligible systemic exposure, so absence of a reported interaction is a property of the molecule, not evidence about the pair"
699,sevelamer,glimepiride,hub_pair,"'sevelamer' degree 152 (18.4% of rows): non-absorbed polymeric phosphate binder; negligible systemic exposure, so absence of a reported interaction is a property of the molecule, not evidence about the pair"
699,sevelamer,glimepiride,implausible_coprescription,"sevelamer indicates dialysis-dependent CKD (hyperphosphataemia of ESRD), but sulfonylureas are avoided in severe renal impairment (prolonged hypoglycaemia) — the two drugs are not co-prescribable in the same patient, so 'no reported interaction' reflects absent co-exposure"
700,sevelamer,granisetron,hub_pair,"'sevelamer' degree 152 (18.4% of rows): non-absorbed polymeric phosphate binder; negligible systemic exposure, so absence of a reported interaction is a property of the molecule, not evidence about the pair"
701,sevelamer,ibuprofen,hub_pair,"'sevelamer' degree 152 (18.4% of rows): non-absorbed polymeric phosphate binder; negligible systemic exposure, so absence of a reported interaction is a property of the molecule, not evidence about the pair"
702,sevelamer,irbesartan,hub_pair,"'sevelamer' degree 152 (18.4% of rows): non-absorbed polymeric phosphate binder; negligible systemic exposure, so absence of a reported interaction is a property of the molecule, not evidence about the pair"
703,sevelamer,ketoconazole,hub_pair,"'sevelamer' degree 152 (18.4% of rows): non-absorbed polymeric phosphate binder; negligible systemic exposure, so absence of a reported interaction is a property of the molecule, not evidence about the pair"
704,sevelamer,lansoprazole,hub_pair,"'sevelamer' degree 152 (18.4% of rows): non-absorbed polymeric phosphate binder; negligible systemic exposure, so absence of a reported interaction is a property of the molecule, not evidence about the pair"
705,sevelamer,losartan,hub_pair,"'sevelamer' degree 152 (18.4% of rows): non-absorbed polymeric phosphate binder; negligible systemic exposure, so absence of a reported interaction is a property of the molecule, not evidence about the pair"
706,sevelamer,lovastatin,hub_pair,"'sevelamer' degree 152 (18.4% of rows): non-absorbed polymeric phosphate binder; negligible systemic exposure, so absence of a reported interaction is a property of the molecule, not evidence about the pair"
707,sevelamer,oxycodone,hub_pair,"'sevelamer' degree 152 (18.4% of rows): non-absorbed polymeric phosphate binder; negligible systemic exposure, so absence of a reported interaction is a property of the molecule, not evidence about the pair"
708,sevelamer,pioglitazone,hub_pair,"'sevelamer' degree 152 (18.4% of rows): non-absorbed polymeric phosphate binder; negligible systemic exposure, so absence of a reported interaction is a property of the molecule, not evidence about the pair"
709,sevelamer,prednisolone,hub_pair,"'sevelamer' degree 152 (18.4% of rows): non-absorbed polymeric phosphate binder; negligible systemic exposure, so absence of a reported interaction is a property of the molecule, not evidence about the pair"
710,sevelamer,quetiapine,hub_pair,"'sevelamer' degree 152 (18.4% of rows): non-absorbed polymeric phosphate binder; negligible systemic exposure, so absence of a reported interaction is a property of the molecule, not evidence about the pair"
711,sevelamer,temazepam,hub_pair,"'sevelamer' degree 152 (18.4% of rows): non-absorbed polymeric phosphate binder; negligible systemic exposure, so absence of a reported interaction is a property of the molecule, not evidence about the pair"
712,sevelamer,tramadol,hub_pair,"'sevelamer' degree 152 (18.4% of rows): non-absorbed polymeric phosphate binder; negligible systemic exposure, so absence of a reported interaction is a property of the molecule, not evidence about the pair"
713,sevelamer,trazodone,hub_pair,"'sevelamer' degree 152 (18.4% of rows): non-absorbed polymeric phosphate binder; negligible systemic exposure, so absence of a reported interaction is a property of the molecule, not evidence about the pair"
714,sevelamer,zaleplon,hub_pair,"'sevelamer' degree 152 (18.4% of rows): non-absorbed polymeric phosphate binder; negligible systemic exposure, so absence of a reported interaction is a property of the molecule, not evidence about the pair"
715,sevelamer,clarithromycin,hub_pair,"'sevelamer' degree 152 (18.4% of rows): non-absorbed polymeric phosphate binder; negligible systemic exposure, so absence of a reported interaction is a property of the molecule, not evidence about the pair"
716,sevelamer,perindopril,hub_pair,"'sevelamer' degree 152 (18.4% of rows): non-absorbed polymeric phosphate binder; negligible systemic exposure, so absence of a reported interaction is a property of the molecule, not evidence about the pair"
717,sevelamer,pemetrexed,hub_pair,"'sevelamer' degree 152 (18.4% of rows): non-absorbed polymeric phosphate binder; negligible systemic exposure, so absence of a reported interaction is a property of the molecule, not evidence about the pair"
717,sevelamer,pemetrexed,implausible_coprescription,"sevelamer indicates dialysis-dependent CKD (hyperphosphataemia of ESRD), but pemetrexed is contraindicated at CrCl<45 mL/min — the two drugs are not co-prescribable in the same patient, so 'no reported interaction' reflects absent co-exposure"
718,sevelamer,tadalafil,hub_pair,"'sevelamer' degree 152 (18.4% of rows): non-absorbed polymeric phosphate binder; negligible systemic exposure, so absence of a reported interaction is a property of the molecule, not evidence about the pair"
719,sevelamer,warfarin,hub_pair,"'sevelamer' degree 152 (18.4% of rows): non-absorbed polymeric phosphate binder; negligible systemic exposure, so absence of a reported interaction is a property of the molecule, not evidence about the pair"
720,sevelamer,doxycycline,hub_pair,"'sevelamer' degree 152 (18.4% of rows): non-absorbed polymeric phosphate binder; negligible systemic exposure, so absence of a reported interaction is a property of the molecule, not evidence about the pair"
721,sevelamer,lantus,hub_pair,"'sevelamer' degree 152 (18.4% of rows): non-absorbed polymeric phosphate binder; negligible systemic exposure, so absence of a reported interaction is a property of the molecule, not evidence about the pair"
721,sevelamer,lantus,name_brand,'lantus': brand name (RxNorm BN 261551); ingredient is insulin glargine (IN 274783)
722,sevelamer,dalteparin,hub_pair,"'sevelamer' degree 152 (18.4% of rows): non-absorbed polymeric phosphate binder; negligible systemic exposure, so absence of a reported interaction is a property of the molecule, not evidence about the pair; 'dalteparin' degree 82 (9.9% of rows): LMWH, renally cleared, no CYP metabolism"
723,sevelamer,liraglutide,hub_pair,"'sevelamer' degree 152 (18.4% of rows): non-absorbed polymeric phosphate binder; negligible systemic exposure, so absence of a reported interaction is a property of the molecule, not evidence about the pair; 'liraglutide' degree 72 (8.7% of rows): GLP-1 peptide, endopeptidase-degraded, no CYP involvement"
724,sevelamer,niacin,hub_pair,"'sevelamer' degree 152 (18.4% of rows): non-absorbed polymeric phosphate binder; negligible systemic exposure, so absence of a reported interaction is a property of the molecule, not evidence about the pair"
725,sevelamer,omeprazole,duplicate_unordered,"unordered repeat of row 615 (omeprazole|sevelamer); direction reversed, no exact ordered duplicate exists"
725,sevelamer,omeprazole,hub_pair,"'sevelamer' degree 152 (18.4% of rows): non-absorbed polymeric phosphate binder; negligible systemic exposure, so absence of a reported interaction is a property of the molecule, not evidence about the pair"
726,sevelamer,pregabalin,hub_pair,"'sevelamer' degree 152 (18.4% of rows): non-absorbed polymeric phosphate binder; negligible systemic exposure, so absence of a reported interaction is a property of the molecule, not evidence about the pair"
727,sevelamer,salbutamol,hub_pair,"'sevelamer' degree 152 (18.4% of rows): non-absorbed polymeric phosphate binder; negligible systemic exposure, so absence of a reported interaction is a property of the molecule, not evidence about the pair"
727,sevelamer,salbutamol,name_nomenclature_inconsistent,'salbutamol': INN; the RxNorm/USAN preferred term is albuterol (IN 435). Same inconsistency
728,sevelamer,sertraline,hub_pair,"'sevelamer' degree 152 (18.4% of rows): non-absorbed polymeric phosphate binder; negligible systemic exposure, so absence of a reported interaction is a property of the molecule, not evidence about the pair"
729,sevelamer,zolmitriptan,hub_pair,"'sevelamer' degree 152 (18.4% of rows): non-absorbed polymeric phosphate binder; negligible systemic exposure, so absence of a reported interaction is a property of the molecule, not evidence about the pair"
730,sildenafil,dalteparin,hub_pair,"'dalteparin' degree 82 (9.9% of rows): LMWH, renally cleared, no CYP metabolism"
731,sildenafil,levetiracetam,hub_pair,"'levetiracetam' degree 78 (9.4% of rows): non-CYP, non-protein-bound antiepileptic; renal/hydrolytic clearance"
732,sildenafil,sevelamer,hub_pair,"'sevelamer' degree 152 (18.4% of rows): non-absorbed polymeric phosphate binder; negligible systemic exposure, so absence of a reported interaction is a property of the molecule, not evidence about the pair"
733,sildenafil,ustekinumab,hub_pair,"'ustekinumab' degree 140 (16.9% of rows): IgG1k monoclonal antibody; cleared by proteolytic catabolism, no CYP/transporter involvement, so absence of a reported interaction is structurally predetermined"
734,simvastatin,atenolol,hub_pair,"'atenolol' degree 77 (9.3% of rows): hydrophilic beta-blocker, renally cleared, no significant CYP metabolism"
735,simvastatin,sevelamer,hub_pair,"'sevelamer' degree 152 (18.4% of rows): non-absorbed polymeric phosphate binder; negligible systemic exposure, so absence of a reported interaction is a property of the molecule, not evidence about the pair"
736,sitagliptin,dalteparin,hub_pair,"'dalteparin' degree 82 (9.9% of rows): LMWH, renally cleared, no CYP metabolism"
737,sitagliptin,heparin,hub_pair,"'heparin' degree 63 (7.6% of rows): unfractionated heparin, reticuloendothelial clearance, no CYP metabolism"
738,sitagliptin,levetiracetam,hub_pair,"'levetiracetam' degree 78 (9.4% of rows): non-CYP, non-protein-bound antiepileptic; renal/hydrolytic clearance"
739,sitagliptin,liraglutide,hub_pair,"'liraglutide' degree 72 (8.7% of rows): GLP-1 peptide, endopeptidase-degraded, no CYP involvement"
739,sitagliptin,liraglutide,same_class,"both incretin-pathway agents (DPP-4 inhibitor + GLP-1 receptor agonist, ATC A10B); mechanistically redundant and not recommended for combination"
740,sitagliptin,sevelamer,hub_pair,"'sevelamer' degree 152 (18.4% of rows): non-absorbed polymeric phosphate binder; negligible systemic exposure, so absence of a reported interaction is a property of the molecule, not evidence about the pair"
741,sitagliptin,ustekinumab,hub_pair,"'ustekinumab' degree 140 (16.9% of rows): IgG1k monoclonal antibody; cleared by proteolytic catabolism, no CYP/transporter involvement, so absence of a reported interaction is structurally predetermined"
742,solifenacin,liraglutide,hub_pair,"'liraglutide' degree 72 (8.7% of rows): GLP-1 peptide, endopeptidase-degraded, no CYP involvement"
743,solifenacin,sevelamer,hub_pair,"'sevelamer' degree 152 (18.4% of rows): non-absorbed polymeric phosphate binder; negligible systemic exposure, so absence of a reported interaction is a property of the molecule, not evidence about the pair"
744,solifenacin,ustekinumab,hub_pair,"'ustekinumab' degree 140 (16.9% of rows): IgG1k monoclonal antibody; cleared by proteolytic catabolism, no CYP/transporter involvement, so absence of a reported interaction is structurally predetermined"
745,terazosin,dalteparin,hub_pair,"'dalteparin' degree 82 (9.9% of rows): LMWH, renally cleared, no CYP metabolism"
746,terazosin,sevelamer,hub_pair,"'sevelamer' degree 152 (18.4% of rows): non-absorbed polymeric phosphate binder; negligible systemic exposure, so absence of a reported interaction is a property of the molecule, not evidence about the pair"
747,terazosin,ustekinumab,hub_pair,"'ustekinumab' degree 140 (16.9% of rows): IgG1k monoclonal antibody; cleared by proteolytic catabolism, no CYP/transporter involvement, so absence of a reported interaction is structurally predetermined"
748,tetracycline,atenolol,hub_pair,"'atenolol' degree 77 (9.3% of rows): hydrophilic beta-blocker, renally cleared, no significant CYP metabolism"
749,tetracycline,dalteparin,hub_pair,"'dalteparin' degree 82 (9.9% of rows): LMWH, renally cleared, no CYP metabolism"
750,tetracycline,heparin,hub_pair,"'heparin' degree 63 (7.6% of rows): unfractionated heparin, reticuloendothelial clearance, no CYP metabolism"
751,tetracycline,levetiracetam,hub_pair,"'levetiracetam' degree 78 (9.4% of rows): non-CYP, non-protein-bound antiepileptic; renal/hydrolytic clearance"
752,tetracycline,liraglutide,hub_pair,"'liraglutide' degree 72 (8.7% of rows): GLP-1 peptide, endopeptidase-degraded, no CYP involvement"
753,tetracycline,sevelamer,hub_pair,"'sevelamer' degree 152 (18.4% of rows): non-absorbed polymeric phosphate binder; negligible systemic exposure, so absence of a reported interaction is a property of the molecule, not evidence about the pair"
754,tetracycline,ustekinumab,hub_pair,"'ustekinumab' degree 140 (16.9% of rows): IgG1k monoclonal antibody; cleared by proteolytic catabolism, no CYP/transporter involvement, so absence of a reported interaction is structurally predetermined"
755,triamcinolone,dextromethorph,name_truncated,"'dextromethorph': truncated form of 'dextromethorphan'; fails RxNorm exact lookup (search=0), resolves only via normalized search to 4 concepts (IN 3289 dextromethorphan + 3 PIN salts)"
756,triamcinolone,levetiracetam,hub_pair,"'levetiracetam' degree 78 (9.4% of rows): non-CYP, non-protein-bound antiepileptic; renal/hydrolytic clearance"
757,triamcinolone,sevelamer,hub_pair,"'sevelamer' degree 152 (18.4% of rows): non-absorbed polymeric phosphate binder; negligible systemic exposure, so absence of a reported interaction is a property of the molecule, not evidence about the pair"
758,triamterene,dextromethorph,name_truncated,"'dextromethorph': truncated form of 'dextromethorphan'; fails RxNorm exact lookup (search=0), resolves only via normalized search to 4 concepts (IN 3289 dextromethorphan + 3 PIN salts)"
759,triamterene,levetiracetam,hub_pair,"'levetiracetam' degree 78 (9.4% of rows): non-CYP, non-protein-bound antiepileptic; renal/hydrolytic clearance"
760,triamterene,liraglutide,hub_pair,"'liraglutide' degree 72 (8.7% of rows): GLP-1 peptide, endopeptidase-degraded, no CYP involvement"
761,triamterene,sevelamer,hub_pair,"'sevelamer' degree 152 (18.4% of rows): non-absorbed polymeric phosphate binder; negligible systemic exposure, so absence of a reported interaction is a property of the molecule, not evidence about the pair"
761,triamterene,sevelamer,implausible_coprescription,"sevelamer indicates dialysis-dependent CKD (hyperphosphataemia of ESRD), but triamterene is contraindicated in significant renal impairment (hyperkalaemia) — the two drugs are not co-prescribable in the same patient, so 'no reported interaction' reflects absent co-exposure"
762,triamterene,ustekinumab,hub_pair,"'ustekinumab' degree 140 (16.9% of rows): IgG1k monoclonal antibody; cleared by proteolytic catabolism, no CYP/transporter involvement, so absence of a reported interaction is structurally predetermined"
763,ustekinumab,amoxicillin,duplicate_unordered,"unordered repeat of row 55 (amoxicillin|ustekinumab); direction reversed, no exact ordered duplicate exists"
763,ustekinumab,amoxicillin,hub_pair,"'ustekinumab' degree 140 (16.9% of rows): IgG1k monoclonal antibody; cleared by proteolytic catabolism, no CYP/transporter involvement, so absence of a reported interaction is structurally predetermined"
764,ustekinumab,cefuroxime,hub_pair,"'ustekinumab' degree 140 (16.9% of rows): IgG1k monoclonal antibody; cleared by proteolytic catabolism, no CYP/transporter involvement, so absence of a reported interaction is structurally predetermined"
765,ustekinumab,acyclovir,hub_pair,"'ustekinumab' degree 140 (16.9% of rows): IgG1k monoclonal antibody; cleared by proteolytic catabolism, no CYP/transporter involvement, so absence of a reported interaction is structurally predetermined"
766,ustekinumab,alfuzosin,hub_pair,"'ustekinumab' degree 140 (16.9% of rows): IgG1k monoclonal antibody; cleared by proteolytic catabolism, no CYP/transporter involvement, so absence of a reported interaction is structurally predetermined"
767,ustekinumab,amitriptyline,hub_pair,"'ustekinumab' degree 140 (16.9% of rows): IgG1k monoclonal antibody; cleared by proteolytic catabolism, no CYP/transporter involvement, so absence of a reported interaction is structurally predetermined"
768,ustekinumab,bisoprolol,hub_pair,"'ustekinumab' degree 140 (16.9% of rows): IgG1k monoclonal antibody; cleared by proteolytic catabolism, no CYP/transporter involvement, so absence of a reported interaction is structurally predetermined"
769,ustekinumab,clopidogrel,hub_pair,"'ustekinumab' degree 140 (16.9% of rows): IgG1k monoclonal antibody; cleared by proteolytic catabolism, no CYP/transporter involvement, so absence of a reported interaction is structurally predetermined"
770,ustekinumab,clotrimazole,hub_pair,"'ustekinumab' degree 140 (16.9% of rows): IgG1k monoclonal antibody; cleared by proteolytic catabolism, no CYP/transporter involvement, so absence of a reported interaction is structurally predetermined"
770,ustekinumab,clotrimazole,implausible_coprescription,"clotrimazole here is topical/troche formulation with minimal systemic exposure; a systemic pharmacokinetic interaction is precluded by route, so the negative label is uninformative"
771,ustekinumab,finasteride,hub_pair,"'ustekinumab' degree 140 (16.9% of rows): IgG1k monoclonal antibody; cleared by proteolytic catabolism, no CYP/transporter involvement, so absence of a reported interaction is structurally predetermined"
772,ustekinumab,fluvoxamine,hub_pair,"'ustekinumab' degree 140 (16.9% of rows): IgG1k monoclonal antibody; cleared by proteolytic catabolism, no CYP/transporter involvement, so absence of a reported interaction is structurally predetermined"
773,ustekinumab,gemfibrozil,hub_pair,"'ustekinumab' degree 140 (16.9% of rows): IgG1k monoclonal antibody; cleared by proteolytic catabolism, no CYP/transporter involvement, so absence of a reported interaction is structurally predetermined"
774,ustekinumab,glimepiride,hub_pair,"'ustekinumab' degree 140 (16.9% of rows): IgG1k monoclonal antibody; cleared by proteolytic catabolism, no CYP/transporter involvement, so absence of a reported interaction is structurally predetermined"
775,ustekinumab,granisetron,hub_pair,"'ustekinumab' degree 140 (16.9% of rows): IgG1k monoclonal antibody; cleared by proteolytic catabolism, no CYP/transporter involvement, so absence of a reported interaction is structurally predetermined"
776,ustekinumab,ibuprofen,hub_pair,"'ustekinumab' degree 140 (16.9% of rows): IgG1k monoclonal antibody; cleared by proteolytic catabolism, no CYP/transporter involvement, so absence of a reported interaction is structurally predetermined"
777,ustekinumab,irbesartan,hub_pair,"'ustekinumab' degree 140 (16.9% of rows): IgG1k monoclonal antibody; cleared by proteolytic catabolism, no CYP/transporter involvement, so absence of a reported interaction is structurally predetermined"
778,ustekinumab,ketoconazole,hub_pair,"'ustekinumab' degree 140 (16.9% of rows): IgG1k monoclonal antibody; cleared by proteolytic catabolism, no CYP/transporter involvement, so absence of a reported interaction is structurally predetermined"
779,ustekinumab,lansoprazole,hub_pair,"'ustekinumab' degree 140 (16.9% of rows): IgG1k monoclonal antibody; cleared by proteolytic catabolism, no CYP/transporter involvement, so absence of a reported interaction is structurally predetermined"
780,ustekinumab,losartan,hub_pair,"'ustekinumab' degree 140 (16.9% of rows): IgG1k monoclonal antibody; cleared by proteolytic catabolism, no CYP/transporter involvement, so absence of a reported interaction is structurally predetermined"
781,ustekinumab,pioglitazone,hub_pair,"'ustekinumab' degree 140 (16.9% of rows): IgG1k monoclonal antibody; cleared by proteolytic catabolism, no CYP/transporter involvement, so absence of a reported interaction is structurally predetermined"
782,ustekinumab,quetiapine,hub_pair,"'ustekinumab' degree 140 (16.9% of rows): IgG1k monoclonal antibody; cleared by proteolytic catabolism, no CYP/transporter involvement, so absence of a reported interaction is structurally predetermined"
783,ustekinumab,temazepam,hub_pair,"'ustekinumab' degree 140 (16.9% of rows): IgG1k monoclonal antibody; cleared by proteolytic catabolism, no CYP/transporter involvement, so absence of a reported interaction is structurally predetermined"
784,ustekinumab,tramadol,hub_pair,"'ustekinumab' degree 140 (16.9% of rows): IgG1k monoclonal antibody; cleared by proteolytic catabolism, no CYP/transporter involvement, so absence of a reported interaction is structurally predetermined"
785,ustekinumab,trazodone,hub_pair,"'ustekinumab' degree 140 (16.9% of rows): IgG1k monoclonal antibody; cleared by proteolytic catabolism, no CYP/transporter involvement, so absence of a reported interaction is structurally predetermined"
786,ustekinumab,zaleplon,hub_pair,"'ustekinumab' degree 140 (16.9% of rows): IgG1k monoclonal antibody; cleared by proteolytic catabolism, no CYP/transporter involvement, so absence of a reported interaction is structurally predetermined"
787,ustekinumab,clarithromycin,hub_pair,"'ustekinumab' degree 140 (16.9% of rows): IgG1k monoclonal antibody; cleared by proteolytic catabolism, no CYP/transporter involvement, so absence of a reported interaction is structurally predetermined"
788,ustekinumab,perindopril,hub_pair,"'ustekinumab' degree 140 (16.9% of rows): IgG1k monoclonal antibody; cleared by proteolytic catabolism, no CYP/transporter involvement, so absence of a reported interaction is structurally predetermined"
789,ustekinumab,pemetrexed,hub_pair,"'ustekinumab' degree 140 (16.9% of rows): IgG1k monoclonal antibody; cleared by proteolytic catabolism, no CYP/transporter involvement, so absence of a reported interaction is structurally predetermined"
789,ustekinumab,pemetrexed,same_class,biologic immunosuppressant + antifolate cytotoxic; additive myelosuppression/immunosuppression
790,ustekinumab,tadalafil,hub_pair,"'ustekinumab' degree 140 (16.9% of rows): IgG1k monoclonal antibody; cleared by proteolytic catabolism, no CYP/transporter involvement, so absence of a reported interaction is structurally predetermined"
791,ustekinumab,doxycycline,hub_pair,"'ustekinumab' degree 140 (16.9% of rows): IgG1k monoclonal antibody; cleared by proteolytic catabolism, no CYP/transporter involvement, so absence of a reported interaction is structurally predetermined"
792,ustekinumab,lantus,hub_pair,"'ustekinumab' degree 140 (16.9% of rows): IgG1k monoclonal antibody; cleared by proteolytic catabolism, no CYP/transporter involvement, so absence of a reported interaction is structurally predetermined"
792,ustekinumab,lantus,name_brand,'lantus': brand name (RxNorm BN 261551); ingredient is insulin glargine (IN 274783)
793,ustekinumab,diphenhydramine,hub_pair,"'ustekinumab' degree 140 (16.9% of rows): IgG1k monoclonal antibody; cleared by proteolytic catabolism, no CYP/transporter involvement, so absence of a reported interaction is structurally predetermined"
794,ustekinumab,liraglutide,hub_pair,"'ustekinumab' degree 140 (16.9% of rows): IgG1k monoclonal antibody; cleared by proteolytic catabolism, no CYP/transporter involvement, so absence of a reported interaction is structurally predetermined; 'liraglutide' degree 72 (8.7% of rows): GLP-1 peptide, endopeptidase-degraded, no CYP involvement"
795,ustekinumab,meloxicam,hub_pair,"'ustekinumab' degree 140 (16.9% of rows): IgG1k monoclonal antibody; cleared by proteolytic catabolism, no CYP/transporter involvement, so absence of a reported interaction is structurally predetermined"
796,ustekinumab,niacin,hub_pair,"'ustekinumab' degree 140 (16.9% of rows): IgG1k monoclonal antibody; cleared by proteolytic catabolism, no CYP/transporter involvement, so absence of a reported interaction is structurally predetermined"
797,ustekinumab,omeprazole,duplicate_unordered,"unordered repeat of row 616 (omeprazole|ustekinumab); direction reversed, no exact ordered duplicate exists"
797,ustekinumab,omeprazole,hub_pair,"'ustekinumab' degree 140 (16.9% of rows): IgG1k monoclonal antibody; cleared by proteolytic catabolism, no CYP/transporter involvement, so absence of a reported interaction is structurally predetermined"
798,ustekinumab,pregabalin,hub_pair,"'ustekinumab' degree 140 (16.9% of rows): IgG1k monoclonal antibody; cleared by proteolytic catabolism, no CYP/transporter involvement, so absence of a reported interaction is structurally predetermined"
799,ustekinumab,salbutamol,hub_pair,"'ustekinumab' degree 140 (16.9% of rows): IgG1k monoclonal antibody; cleared by proteolytic catabolism, no CYP/transporter involvement, so absence of a reported interaction is structurally predetermined"
799,ustekinumab,salbutamol,name_nomenclature_inconsistent,'salbutamol': INN; the RxNorm/USAN preferred term is albuterol (IN 435). Same inconsistency
800,ustekinumab,sertraline,hub_pair,"'ustekinumab' degree 140 (16.9% of rows): IgG1k monoclonal antibody; cleared by proteolytic catabolism, no CYP/transporter involvement, so absence of a reported interaction is structurally predetermined"
801,ustekinumab,sevelamer,hub_pair,"'ustekinumab' degree 140 (16.9% of rows): IgG1k monoclonal antibody; cleared by proteolytic catabolism, no CYP/transporter involvement, so absence of a reported interaction is structurally predetermined; 'sevelamer' degree 152 (18.4% of rows): non-absorbed polymeric phosphate binder; negligible systemic exposure, so absence of a reported interaction is a property of the molecule, not evidence about the pair"
802,ustekinumab,zolmitriptan,hub_pair,"'ustekinumab' degree 140 (16.9% of rows): IgG1k monoclonal antibody; cleared by proteolytic catabolism, no CYP/transporter involvement, so absence of a reported interaction is structurally predetermined"
803,valganciclovir,atenolol,hub_pair,"'atenolol' degree 77 (9.3% of rows): hydrophilic beta-blocker, renally cleared, no significant CYP metabolism"
805,valganciclovir,citalopram,duplicate_unordered,"unordered repeat of row 224 (citalopram|valganciclovir); direction reversed, no exact ordered duplicate exists"
806,valganciclovir,conjugated estrogens,name_ambiguous,"'conjugated estrogens': multi-component botanical mixture (IN 4099, 'estrogens, conjugated (USP)'); not a single ingredient — component estrogens have distinct CYP substrate profiles"
807,valganciclovir,dalteparin,hub_pair,"'dalteparin' degree 82 (9.9% of rows): LMWH, renally cleared, no CYP metabolism"
808,valganciclovir,dextromethorph,name_truncated,"'dextromethorph': truncated form of 'dextromethorphan'; fails RxNorm exact lookup (search=0), resolves only via normalized search to 4 concepts (IN 3289 dextromethorphan + 3 PIN salts)"
809,valganciclovir,heparin,hub_pair,"'heparin' degree 63 (7.6% of rows): unfractionated heparin, reticuloendothelial clearance, no CYP metabolism"
810,valganciclovir,levetiracetam,hub_pair,"'levetiracetam' degree 78 (9.4% of rows): non-CYP, non-protein-bound antiepileptic; renal/hydrolytic clearance"
811,valganciclovir,liraglutide,hub_pair,"'liraglutide' degree 72 (8.7% of rows): GLP-1 peptide, endopeptidase-degraded, no CYP involvement"
812,valganciclovir,sevelamer,hub_pair,"'sevelamer' degree 152 (18.4% of rows): non-absorbed polymeric phosphate binder; negligible systemic exposure, so absence of a reported interaction is a property of the molecule, not evidence about the pair"
813,valganciclovir,ustekinumab,hub_pair,"'ustekinumab' degree 140 (16.9% of rows): IgG1k monoclonal antibody; cleared by proteolytic catabolism, no CYP/transporter involvement, so absence of a reported interaction is structurally predetermined"
814,valproate,dalteparin,hub_pair,"'dalteparin' degree 82 (9.9% of rows): LMWH, renally cleared, no CYP metabolism"
815,valproate,sevelamer,hub_pair,"'sevelamer' degree 152 (18.4% of rows): non-absorbed polymeric phosphate binder; negligible systemic exposure, so absence of a reported interaction is a property of the molecule, not evidence about the pair"
816,valproate,ustekinumab,hub_pair,"'ustekinumab' degree 140 (16.9% of rows): IgG1k monoclonal antibody; cleared by proteolytic catabolism, no CYP/transporter involvement, so absence of a reported interaction is structurally predetermined"
817,vardenafil,dalteparin,hub_pair,"'dalteparin' degree 82 (9.9% of rows): LMWH, renally cleared, no CYP metabolism"
818,vardenafil,levetiracetam,hub_pair,"'levetiracetam' degree 78 (9.4% of rows): non-CYP, non-protein-bound antiepileptic; renal/hydrolytic clearance"
819,vardenafil,sevelamer,hub_pair,"'sevelamer' degree 152 (18.4% of rows): non-absorbed polymeric phosphate binder; negligible systemic exposure, so absence of a reported interaction is a property of the molecule, not evidence about the pair"
820,vardenafil,ustekinumab,hub_pair,"'ustekinumab' degree 140 (16.9% of rows): IgG1k monoclonal antibody; cleared by proteolytic catabolism, no CYP/transporter involvement, so absence of a reported interaction is structurally predetermined"
821,venlafaxine,liraglutide,hub_pair,"'liraglutide' degree 72 (8.7% of rows): GLP-1 peptide, endopeptidase-degraded, no CYP involvement"
822,venlafaxine,sevelamer,hub_pair,"'sevelamer' degree 152 (18.4% of rows): non-absorbed polymeric phosphate binder; negligible systemic exposure, so absence of a reported interaction is a property of the molecule, not evidence about the pair"
823,venlafaxine,ustekinumab,hub_pair,"'ustekinumab' degree 140 (16.9% of rows): IgG1k monoclonal antibody; cleared by proteolytic catabolism, no CYP/transporter involvement, so absence of a reported interaction is structurally predetermined"
824,zolmitriptan,liraglutide,hub_pair,"'liraglutide' degree 72 (8.7% of rows): GLP-1 peptide, endopeptidase-degraded, no CYP involvement"
825,zolpidem,dalteparin,hub_pair,"'dalteparin' degree 82 (9.9% of rows): LMWH, renally cleared, no CYP metabolism"
826,zolpidem,sevelamer,hub_pair,"'sevelamer' degree 152 (18.4% of rows): non-absorbed polymeric phosphate binder; negligible systemic exposure, so absence of a reported interaction is a property of the molecule, not evidence about the pair"
827,zolpidem,ustekinumab,hub_pair,"'ustekinumab' degree 140 (16.9% of rows): IgG1k monoclonal antibody; cleared by proteolytic catabolism, no CYP/transporter involvement, so absence of a reported interaction is structurally predetermined"
