drug_a,drug_b,evidence_tier,faers_coreports,n_ae_terms_tested,median_upper95_ror,p95_upper95_ror,max_upper95_ror,frac_terms_equiv_delta1.5,frac_terms_equiv_delta2.0,frac_terms_equiv_delta3.0,involves_mega_hub
ciprofloxacin,dalteparin,T2_moderate,759.0,165,2.1480449426898316,7.01473808838619,34.11346889129183,0.3575757575757576,0.4666666666666667,0.6181818181818182,False
ciprofloxacin,heparin,T1_wellpowered,2105.0,403,2.3449815005035317,5.119516511032842,9.481407165268788,0.23325062034739455,0.4044665012406948,0.6898263027295285,False
ciprofloxacin,ustekinumab,T2_moderate,443.0,120,2.5600654428790373,15.283802314258304,42.11696379336121,0.26666666666666666,0.4083333333333333,0.5333333333333333,True
clindamycin,dalteparin,T2_moderate,200.0,44,3.242544590065555,10.847991112171018,14.496803239085798,0.13636363636363635,0.29545454545454547,0.45454545454545453,False
clindamycin,sevelamer,T2_moderate,192.0,36,5.398395508826963,15.322798481024712,19.161714907391993,0.1388888888888889,0.16666666666666666,0.19444444444444445,True
clindamycin,ustekinumab,T2_moderate,193.0,35,2.192206897155235,8.773664635367725,26.748434390887912,0.17142857142857143,0.42857142857142855,0.6,True
colchicine,dalteparin,T3_limited,70.0,46,6.900771107664502,10.03172666914919,12.301567471896787,0.0,0.021739130434782608,0.06521739130434782,False
colchicine,heparin,T2_moderate,420.0,189,3.778353496777481,14.473860332972075,20.140422185010937,0.07936507936507936,0.15343915343915343,0.3386243386243386,False
colchicine,liraglutide,T2_moderate,121.0,20,4.463602188703073,12.766400038481288,19.74035515942439,0.05,0.15,0.3,False
colchicine,sevelamer,T2_moderate,202.0,42,3.605640055778288,9.883770882013515,12.793572181394527,0.21428571428571427,0.2619047619047619,0.47619047619047616,True
haloperidol,dalteparin,T2_moderate,170.0,43,4.086385558226469,10.563957726244457,15.228378812411318,0.023255813953488372,0.06976744186046512,0.32558139534883723,False
isosorbide,citalopram,T1_wellpowered,1587.0,362,2.40360244676604,7.68130304643385,26.147818172159827,0.22375690607734808,0.3756906077348066,0.6077348066298343,False
isosorbide,dalteparin,T2_moderate,157.0,16,4.543492394000954,35.9936334779461,49.78641870985397,0.1875,0.25,0.3125,False
isosorbide,dextromethorphan,T2_moderate,465.0,236,4.259095547559174,10.612565896525254,17.135387579048345,0.0423728813559322,0.13559322033898305,0.3135593220338983,False
isosorbide,heparin,T1_wellpowered,1084.0,335,2.7681072256123125,7.426135925945271,12.164541121335626,0.2,0.3253731343283582,0.5522388059701493,False
isosorbide,levetiracetam,T2_moderate,457.0,134,2.3670782087977766,10.518879011529052,22.914860404287307,0.2462686567164179,0.3582089552238806,0.6119402985074627,False
isosorbide,liraglutide,T2_moderate,317.0,65,1.984748670069102,8.699381230040215,12.561538357017993,0.3230769230769231,0.5076923076923077,0.6615384615384615,False
isosorbide,sevelamer,T2_moderate,416.0,79,2.1711977223915913,6.647376238248331,9.535315998163496,0.3291139240506329,0.45569620253164556,0.6075949367088608,True
isosorbide,ustekinumab,T3_limited,88.0,97,4.891138134043423,10.557415913141991,13.878493751651671,0.020618556701030927,0.041237113402061855,0.14432989690721648,True
spironolactone,sevelamer,EXCLUDED_clinical,213.0,50,3.5396642330757304,8.678680817560924,12.697258944924146,0.12,0.22,0.42,True
spironolactone,ustekinumab,T2_moderate,364.0,79,1.7260535711186478,8.002122910438104,12.660098819985738,0.45569620253164556,0.5316455696202531,0.7341772151898734,True
sumatriptan,heparin,T2_moderate,351.0,127,3.902849748012786,11.056005882282875,18.518654771223773,0.06299212598425197,0.16535433070866143,0.4015748031496063,False
sumatriptan,liraglutide,T2_moderate,124.0,22,3.5361494357233756,8.8184784512919,9.110715540572441,0.09090909090909091,0.3181818181818182,0.4090909090909091,False
sumatriptan,ustekinumab,T2_moderate,120.0,15,2.3129965838368896,7.151040738076504,9.469064653790443,0.26666666666666666,0.4,0.6666666666666666,True
tizanidine,heparin,T2_moderate,540.0,213,3.2578468674105525,12.534958020902419,19.143310880721387,0.107981220657277,0.22065727699530516,0.4647887323943662,False
tizanidine,liraglutide,T2_moderate,332.0,67,1.9931132260552586,6.9234201631708,8.007265733245426,0.3283582089552239,0.5074626865671642,0.7164179104477612,False
tizanidine,sevelamer,T2_moderate,109.0,19,4.098328543158078,10.846916213044299,13.283642708715572,0.0,0.15789473684210525,0.42105263157894735,True
tizanidine,ustekinumab,T2_moderate,114.0,19,2.2097730497343067,8.900973975137648,10.125090094029938,0.10526315789473684,0.47368421052631576,0.7368421052631579,True
allopurinol,chlorpheniramine,T1_wellpowered,2864.0,411,1.6078014396852423,6.280826032936371,20.301790184280645,0.45255474452554745,0.6690997566909975,0.8394160583941606,False
allopurinol,citalopram,T1_wellpowered,3755.0,403,1.5850575570815066,4.1518673226378136,10.703465793411757,0.46153846153846156,0.6997518610421837,0.8957816377171216,False
allopurinol,dalteparin,T1_wellpowered,1190.0,199,2.644118680178849,38.5252250906675,85.14989537219938,0.20603015075376885,0.38190954773869346,0.5376884422110553,False
allopurinol,dextromethorphan,T1_wellpowered,1375.0,303,2.1652588001948536,5.549382950960528,8.307605425945408,0.23432343234323433,0.4389438943894389,0.7128712871287128,False
allopurinol,heparin,T1_wellpowered,2526.0,367,2.3598727167131464,12.975778535059925,34.76740522961157,0.20708446866485014,0.40599455040871935,0.6321525885558583,False
allopurinol,levetiracetam,T1_wellpowered,2113.0,351,1.8575985260188883,5.506242851415616,21.929398492893377,0.37037037037037035,0.5498575498575499,0.7407407407407407,False
allopurinol,liraglutide,T1_wellpowered,929.0,174,2.030790474492843,6.678137485038881,11.306660551039972,0.3218390804597701,0.4885057471264368,0.6896551724137931,False
allopurinol,sevelamer,T1_wellpowered,1230.0,223,1.892374557850255,5.218816690369756,9.262743179407977,0.32286995515695066,0.5426008968609866,0.8071748878923767,True
allopurinol,ustekinumab,T2_moderate,425.0,102,1.4642112892359882,7.710845259202005,17.912250969753973,0.5196078431372549,0.6176470588235294,0.7352941176470589,True
alprazolam,dalteparin,T2_moderate,109.0,29,4.482259650729517,12.474868989586431,13.246978271996518,0.0,0.10344827586206896,0.27586206896551724,False
alprazolam,heparin,T1_wellpowered,1820.0,397,2.8700068051807617,6.3610471370954125,13.347106688557712,0.13602015113350127,0.28211586901763225,0.5289672544080605,False
alprazolam,sevelamer,T2_moderate,476.0,93,2.9784267094885326,9.183616353033154,10.37785286447255,0.22580645161290322,0.3655913978494624,0.5053763440860215,True
alprazolam,ustekinumab,T2_moderate,384.0,81,1.6469510078355156,5.5457716883797055,11.998324275930095,0.48148148148148145,0.5802469135802469,0.7901234567901234,True
amlodipine,sevelamer,T1_wellpowered,2545.0,377,1.8085069704821901,5.994796999876439,9.578627560208018,0.4217506631299735,0.5596816976127321,0.7612732095490716,True
amlodipine,ustekinumab,T1_wellpowered,1389.0,284,1.6833811565364951,20.508879972295684,159.27479187188084,0.45422535211267606,0.5950704225352113,0.6795774647887324,True
amoxicillin,citalopram,T1_wellpowered,3145.0,391,1.890493767408429,4.764604238651964,7.556142570467573,0.30434782608695654,0.5370843989769821,0.7672634271099744,False
amoxicillin,dalteparin,T2_moderate,789.0,184,2.155646891064036,5.831472543351209,11.224602622239841,0.2717391304347826,0.45108695652173914,0.6793478260869565,False
amoxicillin,dextromethorphan,T1_wellpowered,1997.0,393,2.576702458937585,5.82412480379493,8.844512446071729,0.13994910941475827,0.31297709923664124,0.5954198473282443,False
amoxicillin,heparin,T1_wellpowered,2071.0,399,2.495304043479346,5.993998384134298,13.47036069140224,0.19047619047619047,0.3558897243107769,0.6441102756892231,False
amoxicillin,levetiracetam,T1_wellpowered,2110.0,387,1.8312231025924128,4.763298459485314,10.164632318635217,0.3695090439276486,0.5529715762273901,0.8165374677002584,False
amoxicillin,liraglutide,T2_moderate,537.0,103,3.548212309497411,64.9255840810765,96.8997069719074,0.24271844660194175,0.3592233009708738,0.4174757281553398,False
amoxicillin,sevelamer,T2_moderate,389.0,78,4.565559662766855,15.630746373310009,24.499769620140253,0.16666666666666666,0.21794871794871795,0.3333333333333333,True
amoxicillin,ustekinumab,T2_moderate,348.0,85,1.5565318380593658,7.358392043452637,10.75406371650732,0.4588235294117647,0.6,0.8352941176470589,True
aspirin,levetiracetam,T1_wellpowered,6909.0,436,1.3527149518209252,2.653445239465272,4.277054553292808,0.5894495412844036,0.7798165137614679,0.9770642201834863,False
aspirin,sevelamer,T1_wellpowered,2359.0,383,1.7694464355893371,5.69642066463933,11.14824105105303,0.4177545691906005,0.5535248041775457,0.741514360313316,True
aspirin,ustekinumab,T1_wellpowered,1542.0,355,2.0959510054238644,14.844589313459798,127.94395736212059,0.38591549295774646,0.48732394366197185,0.6422535211267606,True
atenolol,clindamycin,T1_wellpowered,1005.0,358,3.212534734451477,8.964019028664492,41.309372130763144,0.0893854748603352,0.22346368715083798,0.46368715083798884,False
atenolol,colchicine,T1_wellpowered,1088.0,254,2.2277288817521406,7.233790922391448,39.54265008930891,0.28346456692913385,0.46062992125984253,0.6614173228346457,False
atenolol,sumatriptan,T1_wellpowered,990.0,231,2.3635261630064015,7.5614092395829795,43.86215043278189,0.2554112554112554,0.4069264069264069,0.6883116883116883,False
atenolol,atomoxetine,T2_moderate,128.0,30,2.590675689765958,9.042305632934623,9.88639840726175,0.03333333333333333,0.23333333333333334,0.7,False
atenolol,cefdinir,T2_moderate,196.0,46,2.662395434784001,8.311734129890755,8.832776426160223,0.0,0.17391304347826086,0.5434782608695652,False
atenolol,cefuroxime,T2_moderate,332.0,105,2.8467562430409394,9.409253128484306,15.737999751957451,0.1619047619047619,0.29523809523809524,0.5047619047619047,False
atenolol,cephalexin,T1_wellpowered,1031.0,300,2.5419132565685576,8.07783960290495,36.605484154627966,0.18333333333333332,0.3466666666666667,0.6066666666666667,False
atenolol,chlorhexidine,EXCLUDED_clinical,324.0,179,2.956570684142899,11.279200809776098,17.954171485319844,0.329608938547486,0.3854748603351955,0.5027932960893855,False
atenolol,acyclovir,T1_wellpowered,2750.0,409,1.4853658024165093,3.13164165112474,6.049457186211216,0.511002444987775,0.7359413202933985,0.9290953545232273,False
atenolol,clopidogrel,T1_wellpowered,9388.0,449,1.211878066380328,2.335205917434172,4.308902691548202,0.6993318485523385,0.8864142538975501,0.9866369710467706,False
atenolol,clotrimazole,EXCLUDED_clinical,498.0,158,2.893641655511674,9.612716107420633,12.1396643257525,0.15822784810126583,0.310126582278481,0.5316455696202531,False
atenolol,cyclosporine,T1_wellpowered,1509.0,355,2.0631979361345367,10.626096490092987,30.560657104103505,0.30704225352112674,0.48450704225352115,0.6985915492957746,False
atenolol,finasteride,T1_wellpowered,1759.0,344,1.749872217497185,3.70656038245604,7.071475992450502,0.3866279069767442,0.5872093023255814,0.8691860465116279,False
atenolol,gemfibrozil,T1_wellpowered,1296.0,332,2.0866804166485844,4.709576224531058,8.704478252623915,0.25301204819277107,0.4608433734939759,0.7319277108433735,False
atenolol,granisetron,T2_moderate,152.0,31,2.8020552389949605,7.710512683186897,9.93916457736036,0.0967741935483871,0.3225806451612903,0.5161290322580645,False
atenolol,irbesartan,T1_wellpowered,2752.0,392,1.7041317033894687,3.9875477646570463,11.483162606211884,0.4005102040816326,0.6224489795918368,0.8469387755102041,False
atenolol,ketoconazole,T2_moderate,480.0,161,3.238051750239005,9.316055040370351,13.971554530091208,0.08695652173913043,0.2111801242236025,0.4409937888198758,False
atenolol,lansoprazole,T1_wellpowered,5712.0,403,1.4252269126526667,4.148821189124104,14.72298511050172,0.5483870967741935,0.7146401985111662,0.8883374689826302,False
atenolol,losartan,T1_wellpowered,11233.0,459,1.300664034822122,2.0793832942790687,5.822991063708691,0.7342047930283224,0.9281045751633987,0.9847494553376906,False
atenolol,pioglitazone,T1_wellpowered,1819.0,386,2.106724824428318,5.27631628461688,8.410149271380769,0.30310880829015546,0.46632124352331605,0.7409326424870466,False
atenolol,prednisolone,T1_wellpowered,2230.0,398,1.5264285919483775,3.6696317135291063,7.801260175306629,0.4899497487437186,0.6834170854271356,0.914572864321608,False
atenolol,tramadol,T1_wellpowered,5775.0,437,1.2473542778789757,2.5480728541518043,27.61387250486663,0.6567505720823799,0.8718535469107551,0.9633867276887872,False
atenolol,clarithromycin,T2_moderate,644.0,146,2.797213864937394,21.961717315716488,63.4478466299899,0.2191780821917808,0.3219178082191781,0.5547945205479452,False
atenolol,perindopril,T1_wellpowered,1785.0,292,1.8494326045459981,7.2351064910934,24.366478782572564,0.3664383561643836,0.5616438356164384,0.7431506849315068,False
atenolol,pemetrexed,T2_moderate,230.0,37,2.089504027052254,8.04712181475753,11.159625083339717,0.21621621621621623,0.3783783783783784,0.6486486486486487,False
atenolol,doxycycline,T1_wellpowered,1406.0,356,2.163086081596348,7.3549141231329465,31.448310564078522,0.3202247191011236,0.45786516853932585,0.6797752808988764,False
atenolol,cinacalcet,T2_moderate,296.0,70,3.352656054343532,15.810421723561955,29.06146279893796,0.15714285714285714,0.24285714285714285,0.45714285714285713,False
atenolol,conjugated estrogens,T1_wellpowered,1940.0,420,2.4378307245696336,5.3593880748857465,21.60462072064141,0.1738095238095238,0.36666666666666664,0.6857142857142857,False
atenolol,dalteparin,T3_trivial_inert,221.0,41,2.4235260539198245,8.608052912062497,16.04118429792141,0.21951219512195122,0.34146341463414637,0.5853658536585366,False
atenolol,dextromethorphan,T1_wellpowered,933.0,302,2.709086293286836,7.615933941438531,16.696802480471415,0.10596026490066225,0.26158940397350994,0.5629139072847682,False
atenolol,dutasteride,T2_moderate,679.0,151,1.8682595424599093,6.900996245831461,11.78703280226561,0.3576158940397351,0.543046357615894,0.7682119205298014,False
atenolol,eletriptan,T2_moderate,147.0,19,3.2792764548853195,9.514052272471929,9.823643932559929,0.15789473684210525,0.3157894736842105,0.47368421052631576,False
atenolol,ezetimibe,T1_wellpowered,4294.0,414,1.5164606086961188,3.0716109156397176,5.785726895451317,0.4782608695652174,0.7439613526570048,0.9396135265700483,False
atenolol,famotidine,T1_wellpowered,3258.0,417,1.8304683566879028,4.07238315142999,7.856181644049034,0.3213429256594724,0.592326139088729,0.8465227817745803,False
atenolol,fenofibrate,T1_wellpowered,1774.0,322,1.8319664115501533,5.381167004909178,12.626116261556534,0.35403726708074534,0.5527950310559007,0.7888198757763976,False
atenolol,gabapentin,T3_trivial_inert,10945.0,445,1.2555270722786043,2.6991091773429914,11.717766346110853,0.6876404494382022,0.8629213483146068,0.9640449438202248,False
atenolol,heparin,T3_trivial_inert,1345.0,349,2.502513777423912,6.1311745314394885,10.410854408996794,0.20916905444126074,0.3753581661891118,0.6275071633237822,False
atenolol,hydralazine,T1_wellpowered,1831.0,362,1.9168709769103605,5.2057704653264985,28.0115694443079,0.3149171270718232,0.5386740331491713,0.8066298342541437,False
atenolol,lactulose,T3_trivial_inert,1113.0,275,2.124214659147306,5.415729772929614,7.705585148399045,0.29818181818181816,0.4690909090909091,0.6945454545454546,False
atenolol,levetiracetam,T3_trivial_inert,1210.0,297,2.198756806695789,6.627876854309247,17.657599970060048,0.2727272727272727,0.4478114478114478,0.7037037037037037,False
atenolol,levofloxacin,T1_wellpowered,1062.0,218,1.859555749303483,7.813833094787871,34.71666041789436,0.3486238532110092,0.536697247706422,0.7064220183486238,False
atenolol,liraglutide,T3_trivial_inert,665.0,120,1.724868908166778,6.206496216640891,14.23921260516523,0.36666666666666664,0.5833333333333334,0.7083333333333334,False
atenolol,memantine,T2_moderate,348.0,77,2.569237791915887,11.89738793923737,18.334734011122396,0.15584415584415584,0.4025974025974026,0.5454545454545454,False
atenolol,methocarbamol,T1_wellpowered,830.0,251,2.2700313275826702,5.659681499889267,8.451550794668783,0.21912350597609562,0.41434262948207173,0.649402390438247,False
atenolol,metronidazole,T1_wellpowered,1150.0,337,2.5157913191332377,6.727394035267261,11.685614424706914,0.19287833827893175,0.3590504451038576,0.5816023738872403,False
atenolol,montelukast,T1_wellpowered,3322.0,426,1.4096181252987645,2.8655269809202064,8.159226289629741,0.5422535211267606,0.7699530516431925,0.960093896713615,False
atenolol,mupirocin,EXCLUDED_clinical,418.0,129,3.1860922059083636,11.2581583466065,19.79916102463336,0.08527131782945736,0.27906976744186046,0.4806201550387597,False
atenolol,nitrofurantoin,T1_wellpowered,936.0,286,2.689411532215723,10.452990744622879,31.224811642293805,0.1853146853146853,0.32517482517482516,0.548951048951049,False
atenolol,omeprazole,T1_wellpowered,17800.0,462,1.1929271814948637,1.891408208459567,3.57791040833007,0.7857142857142857,0.9588744588744589,0.9956709956709957,False
atenolol,oseltamivir,T2_moderate,189.0,43,3.5125602055359377,13.400222219828045,13.902188541721532,0.06976744186046512,0.18604651162790697,0.3953488372093023,False
atenolol,pantoprazole,T1_wellpowered,9591.0,431,1.3624783628910815,3.094811569403824,6.555810863760931,0.6403712296983759,0.8167053364269141,0.9443155452436195,False
atenolol,acetaminophen,T1_wellpowered,15293.0,420,1.4682964019952403,3.2604947272816247,13.073795943524985,0.5095238095238095,0.7404761904761905,0.930952380952381,False
atenolol,phenazopyridine,T2_moderate,196.0,70,3.0648914279766206,9.097018964764075,11.110351588441837,0.04285714285714286,0.11428571428571428,0.4714285714285714,False
atenolol,phenytoin,T2_moderate,783.0,224,2.2332953044413166,7.375636558945919,16.0219822907654,0.24107142857142858,0.4375,0.6517857142857143,False
atenolol,pravastatin,T1_wellpowered,4299.0,429,1.4199333568607058,2.6224955417733264,5.24965004534254,0.5477855477855478,0.8065268065268065,0.9743589743589743,False
atenolol,pregabalin,T3_trivial_inert,5232.0,424,1.5139804909874262,4.477484749636482,17.892556342368405,0.4882075471698113,0.7122641509433962,0.8915094339622641,False
atenolol,raloxifene,T2_moderate,581.0,177,2.777994084992841,16.94373387171549,34.7604294526759,0.14124293785310735,0.288135593220339,0.5310734463276836,False
atenolol,raltegravir,T2_moderate,126.0,24,6.591782534648889,10.720940178660808,12.22257723950034,0.041666666666666664,0.08333333333333333,0.20833333333333334,False
atenolol,ramipril,T1_wellpowered,4836.0,387,1.274024473486794,3.855175484419715,12.826613509545036,0.6098191214470284,0.7803617571059431,0.9069767441860465,False
atenolol,rosuvastatin,T1_wellpowered,7889.0,447,1.2405046682148886,2.283536977416936,4.491792184423029,0.7449664429530202,0.9172259507829977,0.9798657718120806,False
atenolol,sevelamer,T3_trivial_inert,310.0,68,3.148024378824879,10.926957984954978,15.554780614549996,0.19117647058823528,0.3088235294117647,0.4852941176470588,True
atenolol,solifenacin,T1_wellpowered,876.0,184,1.9843719086843596,6.205922165678803,12.58370117102143,0.29891304347826086,0.5054347826086957,0.7282608695652174,False
atenolol,triamcinolone,T1_wellpowered,1329.0,291,1.599459474126873,4.996395828733471,77.66614796772181,0.44673539518900346,0.6460481099656358,0.7869415807560137,False
atenolol,valproate,T2_moderate,374.0,82,2.688099277300025,18.249941255063877,36.82054928961853,0.21951219512195122,0.36585365853658536,0.524390243902439,False
atenolol,venlafaxine,T1_wellpowered,3908.0,408,1.5107407760907765,3.5294380986550187,23.54705285254563,0.49264705882352944,0.6985294117647058,0.9142156862745098,False
atenolol,zolmitriptan,T2_moderate,132.0,19,2.4204387141626635,4.859699552234247,7.116727383902557,0.15789473684210525,0.2631578947368421,0.631578947368421,False
atomoxetine,ustekinumab,T1_wellpowered,1054.0,239,12.097480434210114,47.98431226953858,67.23329964030317,0.016736401673640166,0.03765690376569038,0.05439330543933055,True
atorvastatin,atenolol,T1_wellpowered,20628.0,441,1.1839864248384646,2.2153071378967675,3.4976675736692373,0.7755102040816326,0.927437641723356,0.9909297052154195,False
atorvastatin,sevelamer,T1_wellpowered,1940.0,293,1.8779138296161237,4.894337207899378,6.737348824243488,0.3583617747440273,0.5392491467576792,0.757679180887372,True
atorvastatin,ustekinumab,T1_wellpowered,1419.0,242,1.673716141663526,29.787342481795577,95.78995122538241,0.4628099173553719,0.5578512396694215,0.6818181818181818,True
azithromycin,atenolol,T1_wellpowered,1741.0,396,2.1736931949028566,6.407738105874465,12.349823700782606,0.24494949494949494,0.4393939393939394,0.6843434343434344,False
azithromycin,dalteparin,T2_moderate,220.0,95,4.353346474471492,13.296934487125261,14.843240839653355,0.08421052631578947,0.23157894736842105,0.3684210526315789,False
azithromycin,heparin,T1_wellpowered,2497.0,413,2.1428089128423307,4.4182168243271365,7.339312588645333,0.26150121065375304,0.46731234866828086,0.7602905569007264,False
azithromycin,liraglutide,T2_moderate,454.0,67,4.690332758993334,54.578385539576935,111.12940889690039,0.2835820895522388,0.373134328358209,0.43283582089552236,False
azithromycin,sevelamer,T2_moderate,394.0,58,5.480503508872361,18.483767130356107,21.654136409010512,0.13793103448275862,0.2413793103448276,0.3448275862068966,True
azithromycin,ustekinumab,T2_moderate,183.0,48,2.696635667024345,12.196000167983945,15.106044054554078,0.10416666666666667,0.3125,0.5416666666666666,True
baclofen,dalteparin,T3_limited,96.0,23,3.3537916506937124,6.633786165602475,9.32832737641176,0.0,0.043478260869565216,0.34782608695652173,False
baclofen,heparin,T2_moderate,649.0,250,2.8601027724136605,9.690826851733902,17.724488353430864,0.172,0.272,0.512,False
baclofen,liraglutide,T2_moderate,229.0,57,2.521441282204872,9.259785231770428,15.271145083167248,0.21052631578947367,0.2982456140350877,0.631578947368421,False
baclofen,sevelamer,T3_limited,84.0,15,6.7345011656500615,10.912118554533334,11.4214662465335,0.0,0.0,0.2,True
baclofen,ustekinumab,T2_moderate,112.0,18,2.2923676172582557,7.26230126510726,8.465678159568638,0.2222222222222222,0.2777777777777778,0.6666666666666666,True
buprenorphine,dalteparin,T3_limited,96.0,25,5.763371366429123,11.924208744347181,13.812568201735031,0.04,0.08,0.16,False
buprenorphine,ustekinumab,T1_wellpowered,1098.0,239,10.956662876985684,86.3567258030132,249.163356608864,0.029288702928870293,0.04184100418410042,0.06276150627615062,True
carvedilol,liraglutide,T1_wellpowered,998.0,187,1.769542117521147,5.352010236011847,7.55916296376564,0.39037433155080214,0.5882352941176471,0.7754010695187166,False
carvedilol,sevelamer,T1_wellpowered,1761.0,266,1.6892688280677193,4.9092153263603375,8.92579395709008,0.42105263157894735,0.5827067669172933,0.7744360902255639,True
carvedilol,ustekinumab,T2_moderate,204.0,35,1.8118682707550722,7.7042601196908045,9.856028932801378,0.34285714285714286,0.5714285714285714,0.7428571428571429,True
cefdinir,chlorpheniramine,T2_moderate,285.0,92,2.9799660786492783,7.084366078942077,11.754915701083313,0.03260869565217391,0.10869565217391304,0.5217391304347826,False
cefdinir,citalopram,T2_moderate,281.0,71,2.7631517263843595,8.767130063307324,15.839161725760352,0.15492957746478872,0.3380281690140845,0.5774647887323944,False
cefdinir,conjugated estrogens,T2_moderate,126.0,32,5.100867825587548,10.764285113046126,12.794794951633191,0.03125,0.125,0.3125,False
cefdinir,dextromethorphan,T2_moderate,359.0,116,3.045912177244343,8.27197778066381,12.703021660020553,0.09482758620689655,0.16379310344827586,0.49137931034482757,False
cefdinir,levetiracetam,T2_moderate,140.0,23,2.4660665786355946,5.810734244947181,8.618038280233081,0.043478260869565216,0.34782608695652173,0.7391304347826086,False
cefuroxime,liraglutide,T2_moderate,216.0,45,14.047393332670422,136.97271848469524,151.29302045825682,0.13333333333333333,0.17777777777777778,0.3111111111111111,False
celecoxib,levetiracetam,T2_moderate,782.0,208,1.9922906327504981,6.289112277607051,11.704900294491404,0.3605769230769231,0.5,0.6875,False
celecoxib,ustekinumab,T1_wellpowered,4200.0,353,9.064814643371136,45.48529799859989,84.84028789573081,0.22946175637393768,0.26912181303116145,0.31728045325779036,True
cephalexin,heparin,T2_moderate,461.0,227,3.5643054086872255,9.899798999871892,20.936963747453692,0.06607929515418502,0.13215859030837004,0.36123348017621143,False
cephalexin,levetiracetam,T2_moderate,380.0,82,2.0563581134895257,5.940764408369177,11.623608919546378,0.2926829268292683,0.4878048780487805,0.7682926829268293,False
cephalexin,liraglutide,T2_moderate,335.0,56,3.083992921761993,127.15935174486535,144.24550265103596,0.23214285714285715,0.2857142857142857,0.4642857142857143,False
cephalexin,sevelamer,T2_moderate,198.0,27,6.543336105990509,21.072493309191948,22.67974971300058,0.07407407407407407,0.18518518518518517,0.2962962962962963,True
chlorhexidine,citalopram,EXCLUDED_clinical,434.0,233,3.9402978310731878,14.00243611730427,19.545539654632673,0.3090128755364807,0.37339055793991416,0.43776824034334766,False
chlorpheniramine,sumatriptan,T1_wellpowered,1130.0,259,2.142650053004396,5.337175564402537,8.105354113853796,0.22393822393822393,0.4555984555984556,0.7142857142857143,False
chlorpheniramine,amoxicillin,T1_wellpowered,2585.0,398,2.2401961278518656,5.403539706049413,13.00434713005877,0.18592964824120603,0.4221105527638191,0.7060301507537688,False
chlorpheniramine,cefuroxime,T2_moderate,212.0,47,2.6151020379234886,8.413196917943795,10.039912720416561,0.1702127659574468,0.2765957446808511,0.574468085106383,False
chlorpheniramine,perindopril,T2_moderate,162.0,68,5.2216190454880085,15.707828378928557,18.439236739803363,0.029411764705882353,0.10294117647058823,0.19117647058823528,False
chlorpheniramine,insulin glargine,T1_wellpowered,1499.0,357,2.198286366758591,7.425024326708275,20.30784748604953,0.2857142857142857,0.453781512605042,0.6498599439775911,False
chlorpheniramine,dalteparin,T2_moderate,411.0,125,8.468317778819026,44.8404095789337,71.20274688329373,0.032,0.064,0.168,False
chlorpheniramine,enalapril,T2_moderate,508.0,175,2.6614086269814807,7.523150137928016,12.538608249652185,0.08571428571428572,0.3028571428571429,0.56,False
chlorpheniramine,nitroglycerin,T1_wellpowered,1494.0,411,2.280452958326551,5.685432221103885,16.327958702274124,0.22871046228710462,0.4209245742092457,0.6982968369829684,False
chlorpheniramine,hydrochlorothiazide,T1_wellpowered,3630.0,421,1.80449551960454,3.2614213982201274,5.555921028384087,0.32304038004750596,0.6080760095011877,0.9049881235154394,False
chlorpheniramine,lactulose,T1_wellpowered,872.0,226,2.0212374048950386,6.265822528301426,12.93919434280954,0.3185840707964602,0.4911504424778761,0.7477876106194691,False
chlorpheniramine,levofloxacin,T1_wellpowered,1067.0,244,2.157178889432335,8.308311618433459,29.605999275912882,0.26229508196721313,0.4672131147540984,0.6762295081967213,False
chlorpheniramine,moxifloxacin,T2_moderate,238.0,180,5.656405694840036,11.50772958850897,19.91258028201112,0.005555555555555556,0.03888888888888889,0.15,False
chlorpheniramine,nabumetone,T2_moderate,187.0,52,3.3159914317078023,6.378802650483971,6.9221504180827615,0.038461538461538464,0.11538461538461539,0.34615384615384615,False
chlorpheniramine,nitrofurantoin,T2_moderate,589.0,215,2.870047430535946,9.281260208126714,15.2414209621472,0.10697674418604651,0.21395348837209302,0.5348837209302325,False
chlorpheniramine,oseltamivir,T2_moderate,413.0,130,7.326185675571251,58.83816559594869,92.42213627804507,0.1,0.16153846153846155,0.26153846153846155,False
chlorpheniramine,penicillin v potassium,T3_limited,68.0,20,4.413011565482839,12.311481529460426,14.084397185342283,0.05,0.05,0.25,False
chlorpheniramine,raltegravir,T3_limited,69.0,24,8.33844872664228,13.785720416408369,16.464311676357386,0.0,0.0,0.0,False
chlorpheniramine,sevelamer,T2_moderate,134.0,26,3.470086593376071,7.335721501982244,7.377502700013234,0.07692307692307693,0.23076923076923078,0.4230769230769231,True
chlorpheniramine,sitagliptin,T2_moderate,723.0,184,2.2883693584197036,8.092500739974412,14.36723568951234,0.21739130434782608,0.4076086956521739,0.625,False
chlorpheniramine,triamterene,T2_moderate,439.0,153,2.7757697953849534,8.295391587484353,11.521377204839382,0.0457516339869281,0.21568627450980393,0.5490196078431373,False
chlorpheniramine,ustekinumab,T2_moderate,456.0,222,11.355606750077428,24.708345538072866,36.13609892070841,0.018018018018018018,0.03153153153153153,0.05855855855855856,True
chlorpheniramine,zolmitriptan,T2_moderate,102.0,21,3.2297825859380036,8.119544390302558,9.028058942853026,0.14285714285714285,0.19047619047619047,0.47619047619047616,False
cinacalcet,sevelamer,EXCLUDED_clinical,1987.0,309,2.844186281302238,6.171409909074587,11.942660485777973,0.1488673139158576,0.28802588996763756,0.5533980582524272,True
citalopram,zopiclone,T1_wellpowered,3704.0,370,1.411265524342836,5.503212357070728,43.59524638003161,0.5405405405405406,0.7054054054054054,0.8567567567567568,False
citalopram,cefuroxime,T2_moderate,397.0,120,3.0841866254802373,10.11504373445696,23.389593735986477,0.16666666666666666,0.3,0.48333333333333334,False
citalopram,acyclovir,T1_wellpowered,2852.0,397,1.5258694302753413,3.708284096520712,10.321954514923041,0.491183879093199,0.707808564231738,0.8967254408060453,False
citalopram,finasteride,T1_wellpowered,1191.0,265,1.941540549917941,5.473132932314881,10.720940265913654,0.33962264150943394,0.5132075471698113,0.7547169811320755,False
citalopram,perindopril,T1_wellpowered,1091.0,251,2.168683669039381,6.08506491539562,9.870425263202106,0.2908366533864542,0.4541832669322709,0.7211155378486056,False
citalopram,pemetrexed,T2_moderate,124.0,24,3.431188208616359,8.096271220680265,12.307817864838217,0.0,0.08333333333333333,0.4166666666666667,False
citalopram,conjugated estrogens,T1_wellpowered,1155.0,368,2.891009453319069,7.148306536170627,11.226085159892909,0.12771739130434784,0.27717391304347827,0.5217391304347826,False
citalopram,dicyclomine,T1_wellpowered,838.0,220,1.9141939357245743,5.363799359876756,6.804880420443995,0.3090909090909091,0.5545454545454546,0.7636363636363637,False
citalopram,dutasteride,T2_moderate,366.0,94,3.166894060962878,10.263569114396088,13.250108881856066,0.18085106382978725,0.3191489361702128,0.46808510638297873,False
citalopram,enalapril,T1_wellpowered,1495.0,348,1.8619850863901415,5.009083971026047,11.734229142067946,0.34770114942528735,0.5431034482758621,0.7471264367816092,False
citalopram,famotidine,T1_wellpowered,2896.0,423,1.6820189048473049,3.535408557475771,6.900172571678019,0.3806146572104019,0.6193853427895981,0.8770685579196218,False
citalopram,lisinopril,T1_wellpowered,9995.0,452,1.1580472380848512,2.2778277268710143,4.58153126079171,0.7588495575221239,0.9137168141592921,0.9889380530973452,False
citalopram,methotrexate,T1_wellpowered,4984.0,401,1.7613088593435793,5.210842838683821,15.75778561105877,0.3690773067331671,0.6034912718204489,0.8179551122194514,False
citalopram,montelukast,T1_wellpowered,5568.0,421,1.4249643346076,5.467731703568141,40.61302325979229,0.5510688836104513,0.7458432304038005,0.8812351543942993,False
citalopram,mupirocin,EXCLUDED_clinical,509.0,153,3.1260608150947116,10.147989110770247,14.078138579934656,0.1437908496732026,0.3202614379084967,0.48366013071895425,False
citalopram,nitrofurantoin,T1_wellpowered,1153.0,308,2.3090819027745764,15.348065411994718,50.91511463589469,0.262987012987013,0.39935064935064934,0.6233766233766234,False
citalopram,oseltamivir,T2_moderate,360.0,105,5.368753717886351,22.895413780223684,35.83060041292386,0.05714285714285714,0.11428571428571428,0.23809523809523808,False
citalopram,raltegravir,T2_moderate,360.0,54,3.6598360071670055,18.96411395738171,139.9148379214536,0.18518518518518517,0.2962962962962963,0.4074074074074074,False
citalopram,ramipril,T1_wellpowered,4013.0,362,1.5416283100464354,6.3177668017333275,14.001246954546604,0.4861878453038674,0.6574585635359116,0.8149171270718232,False
citalopram,sevelamer,T2_moderate,318.0,71,3.255189888122603,9.516477266282962,17.830402295198667,0.19718309859154928,0.30985915492957744,0.4647887323943662,True
citalopram,ustekinumab,T2_moderate,432.0,69,1.9664109031249364,10.214329464449726,21.423014592221747,0.43478260869565216,0.5217391304347826,0.6811594202898551,True
citalopram,valganciclovir,T2_moderate,207.0,35,2.225963580825667,9.27849926717917,12.253362872668294,0.2,0.42857142857142855,0.6571428571428571,False
conjugated estrogens,isosorbide,T2_moderate,270.0,97,3.486912849090269,10.792919815755512,16.72804797279691,0.07216494845360824,0.16494845360824742,0.38144329896907214,False
conjugated estrogens,cefuroxime,T3_limited,96.0,18,3.498144314218224,12.63885799652448,15.357838205070399,0.0,0.05555555555555555,0.3888888888888889,False
conjugated estrogens,bisoprolol,T2_moderate,214.0,86,4.314010462018345,12.40559837844954,21.76015904799366,0.011627906976744186,0.06976744186046512,0.26744186046511625,False
conjugated estrogens,oxycodone,T1_wellpowered,2079.0,417,3.327213880383459,7.220811313626768,14.276465445944782,0.11031175059952038,0.17985611510791366,0.42685851318944845,False
conjugated estrogens,emtricitabine,T3_limited,47.0,14,6.985549763111932,9.405566065404905,10.16589295236179,0.0,0.07142857142857142,0.2857142857142857,False
conjugated estrogens,gabapentin,T1_wellpowered,3523.0,436,2.2570273366327536,4.565941756050634,7.801198860366514,0.20412844036697247,0.39908256880733944,0.7385321100917431,False
conjugated estrogens,nitroglycerin,T2_moderate,652.0,301,3.8222923644503872,9.168263792551397,11.265178639990529,0.059800664451827246,0.1760797342192691,0.38205980066445183,False
conjugated estrogens,lactulose,T2_moderate,193.0,59,3.650355379282212,10.16094548620549,16.68055413687964,0.0847457627118644,0.1694915254237288,0.4067796610169492,False
conjugated estrogens,levetiracetam,T2_moderate,238.0,70,4.221758861933145,10.155805285244668,11.946349118617526,0.04285714285714286,0.07142857142857142,0.2714285714285714,False
conjugated estrogens,methocarbamol,T2_moderate,439.0,156,2.8977265572218602,8.717417051288757,13.504246240767054,0.10897435897435898,0.24358974358974358,0.5064102564102564,False
conjugated estrogens,methylphenidate,EXCLUDED_clinical,341.0,93,3.4658951792698294,9.181196135731307,11.313919498098333,0.08602150537634409,0.15053763440860216,0.3333333333333333,False
conjugated estrogens,metoclopramide,T2_moderate,609.0,306,5.065610792444712,13.316964020608536,26.219680704400805,0.0718954248366013,0.11764705882352941,0.23202614379084968,False
conjugated estrogens,moxifloxacin,T3_limited,86.0,32,5.170059516841335,14.535049633527926,23.650618637621168,0.0625,0.0625,0.25,False
conjugated estrogens,nabumetone,T2_moderate,132.0,29,4.868902082246085,9.843708351671753,12.478208420044382,0.034482758620689655,0.13793103448275862,0.27586206896551724,False
conjugated estrogens,nitrofurantoin,T2_moderate,528.0,207,3.181613320090762,9.03336685096725,13.181864967584511,0.14009661835748793,0.2318840579710145,0.463768115942029,False
conjugated estrogens,pregabalin,T1_wellpowered,2122.0,412,2.02521767043258,5.191827447254885,16.299293056010637,0.2766990291262136,0.49271844660194175,0.7621359223300971,False
conjugated estrogens,ustekinumab,T3_limited,59.0,10,4.327787347470204,9.926226830151,10.279590695178404,0.0,0.1,0.1,True
conjugated estrogens,zolmitriptan,T2_moderate,102.0,17,3.8109379618581993,8.195075035793744,8.497197617758491,0.0,0.17647058823529413,0.35294117647058826,False
dextromethorphan,cefuroxime,T2_moderate,220.0,63,3.0186088399857876,7.818552031410814,10.46754953529578,0.06349206349206349,0.25396825396825395,0.49206349206349204,False
dextromethorphan,acyclovir,T1_wellpowered,1369.0,286,2.2785939848752363,5.699573749204703,7.659456948361332,0.23776223776223776,0.4090909090909091,0.6783216783216783,False
dextromethorphan,alfuzosin,T2_moderate,114.0,18,3.62477717374792,6.813815279142329,8.390657105317063,0.05555555555555555,0.1111111111111111,0.3888888888888889,False
dextromethorphan,glimepiride,T2_moderate,307.0,76,2.864675286648917,6.9726535439897575,11.36627536937676,0.10526315789473684,0.21052631578947367,0.5394736842105263,False
dextromethorphan,pemetrexed,T2_moderate,129.0,17,2.700014984081073,6.03902339414146,6.112611502224055,0.11764705882352941,0.35294117647058826,0.5294117647058824,False
dextromethorphan,insulin glargine,T1_wellpowered,1034.0,263,2.901610510908645,8.9953288402359,14.095798880601903,0.155893536121673,0.2889733840304182,0.5285171102661597,False
dextromethorphan,dutasteride,T2_moderate,153.0,26,3.2342031041169315,9.362456309489893,10.058303967659693,0.038461538461538464,0.15384615384615385,0.46153846153846156,False
dextromethorphan,emtricitabine,T2_moderate,181.0,61,4.991077076411892,11.528498436648826,13.329556450561576,0.08196721311475409,0.16393442622950818,0.3114754098360656,False
dextromethorphan,glipizide,T2_moderate,525.0,165,3.153230418488412,9.010901581952785,10.698605945582875,0.10909090909090909,0.19393939393939394,0.47878787878787876,False
dextromethorphan,nitroglycerin,T1_wellpowered,941.0,364,3.0995720555382444,7.214352499343357,14.120740035160017,0.0989010989010989,0.24175824175824176,0.489010989010989,False
dextromethorphan,heparin,T2_moderate,759.0,304,3.820190398148872,10.741455794990667,22.81988566497161,0.08881578947368421,0.16776315789473684,0.3651315789473684,False
dextromethorphan,hydrochlorothiazide,T1_wellpowered,2239.0,410,2.2458606940607706,5.243973409191012,10.507362913013619,0.18536585365853658,0.3926829268292683,0.6926829268292682,False
dextromethorphan,lactulose,T2_moderate,501.0,193,3.270496446583473,9.389673994532153,13.908116334866547,0.07253886010362694,0.21761658031088082,0.47150259067357514,False
dextromethorphan,levofloxacin,T1_wellpowered,859.0,207,2.3177731177402903,6.730806523659373,16.963812901658148,0.20772946859903382,0.3864734299516908,0.6521739130434783,False
dextromethorphan,liraglutide,T2_moderate,176.0,34,3.3783389337146144,11.657996243871144,18.102652479600962,0.14705882352941177,0.20588235294117646,0.4117647058823529,False
dextromethorphan,mupirocin,EXCLUDED_clinical,407.0,159,3.546805903221318,8.886561095124264,11.65671664712382,0.07547169811320754,0.1320754716981132,0.3710691823899371,False
dextromethorphan,nabumetone,T2_moderate,120.0,33,3.917979577891692,9.065075400059094,10.247984860833132,0.030303030303030304,0.15151515151515152,0.30303030303030304,False
dextromethorphan,naproxen,T1_wellpowered,21095.0,447,0.9276588682569906,2.4628222024593076,6.095935578791852,0.796420581655481,0.901565995525727,0.9821029082774049,False
dextromethorphan,oseltamivir,T2_moderate,372.0,119,3.5044651034667913,9.78811399802396,13.5224414883594,0.09243697478991597,0.23529411764705882,0.3697478991596639,False
dextromethorphan,raltegravir,T3_limited,55.0,18,10.727951082949161,15.502732011035498,15.605229569554771,0.0,0.0,0.0,False
dextromethorphan,sevelamer,T2_moderate,109.0,13,7.003228982734581,9.103561540989293,9.571216338486439,0.0,0.0,0.23076923076923078,True
dextromethorphan,solifenacin,T2_moderate,284.0,74,3.263597302567243,7.509415526385035,12.122535434515832,0.12162162162162163,0.16216216216216217,0.4189189189189189,False
dextromethorphan,ustekinumab,T2_moderate,472.0,220,14.225429193956073,26.751979675844517,39.114452386657874,0.013636363636363636,0.01818181818181818,0.04090909090909091,True
dextromethorphan,zolmitriptan,EXCLUDED_clinical,68.0,15,4.781443796821136,10.63802868346018,12.925143862626761,0.06666666666666667,0.13333333333333333,0.2,False
diazepam,dalteparin,T2_moderate,313.0,68,2.862359629046158,16.44138081627916,44.56164461204655,0.19117647058823528,0.36764705882352944,0.5441176470588235,False
diazepam,liraglutide,T2_moderate,333.0,80,2.4741687231849614,12.312865121189859,23.5535126531549,0.25,0.3875,0.55,False
diazepam,sevelamer,T2_moderate,169.0,40,3.936797596587101,12.574835038458719,14.808605263443434,0.1,0.15,0.35,True
diazepam,ustekinumab,T2_moderate,213.0,35,1.8457503383606035,5.39045307554257,7.183197900996378,0.2571428571428571,0.6285714285714286,0.9142857142857143,True
diclofenac,ustekinumab,T1_wellpowered,7295.0,302,10.501718307857374,43.55089356100107,81.83500357713669,0.27483443708609273,0.30132450331125826,0.3211920529801324,True
dicyclomine,dextromethorphan,T2_moderate,386.0,157,3.8982535318801705,9.504636051005471,12.777310889455233,0.03184713375796178,0.15286624203821655,0.3630573248407643,False
dicyclomine,levetiracetam,T2_moderate,291.0,60,2.1904955566375888,5.603772492363103,19.911076960435253,0.25,0.4166666666666667,0.7166666666666667,False
dicyclomine,sevelamer,T3_limited,83.0,11,9.965441025214531,12.121020292135544,13.04274770357792,0.0,0.18181818181818182,0.18181818181818182,True
dicyclomine,ustekinumab,T2_moderate,145.0,18,1.5955654922129963,8.302238301231379,9.033523540199946,0.4444444444444444,0.6666666666666666,0.8333333333333334,True
diphenhydramine,dalteparin,T2_moderate,338.0,86,1.9371500068524354,7.9076719660193495,15.90500006853268,0.29069767441860467,0.5465116279069767,0.6511627906976745,False
diphenhydramine,liraglutide,T2_moderate,552.0,193,2.8667622968211415,9.769446707737742,17.08581227914248,0.15025906735751296,0.3160621761658031,0.5284974093264249,False
diphenhydramine,sevelamer,T2_moderate,572.0,130,2.5700620782446553,10.735847999916219,22.368404122297253,0.36153846153846153,0.45384615384615384,0.5538461538461539,True
donepezil,levetiracetam,T1_wellpowered,875.0,164,1.8389582329918053,6.88973851564024,14.232532869959543,0.39634146341463417,0.5365853658536586,0.7621951219512195,False
doxazosin,dalteparin,T2_moderate,137.0,13,3.583438414289889,8.381845476350101,10.265949070457621,0.0,0.07692307692307693,0.38461538461538464,False
doxazosin,liraglutide,T2_moderate,279.0,65,8.7023146377114,92.58428651498139,118.02737524813602,0.16923076923076924,0.26153846153846155,0.35384615384615387,False
doxazosin,sevelamer,T2_moderate,368.0,87,3.4400465308394916,11.479637286434272,15.518652145609847,0.1724137931034483,0.27586206896551724,0.4367816091954023,True
dutasteride,lactulose,T2_moderate,249.0,33,1.9945922743293125,4.737388316032291,18.20950823856378,0.30303030303030304,0.5151515151515151,0.696969696969697,False
emtricitabine,sevelamer,T3_trivial_inert,107.0,28,7.903877857715589,19.111528943277264,20.27061818459199,0.10714285714285714,0.21428571428571427,0.2857142857142857,True
enalapril,liraglutide,T2_moderate,399.0,60,1.7702398318448158,9.013479051495883,11.377994649316557,0.38333333333333336,0.5666666666666667,0.7333333333333333,False
enalapril,sevelamer,T2_moderate,209.0,43,3.7082184646520404,7.970291514944578,16.978773490586285,0.09302325581395349,0.20930232558139536,0.32558139534883723,True
ezetimibe,dalteparin,T2_moderate,156.0,28,3.420966859639485,20.172678248732133,31.237290432967328,0.14285714285714285,0.21428571428571427,0.42857142857142855,False
ezetimibe,levetiracetam,T2_moderate,659.0,143,2.629151329938325,6.953495757352457,10.020152419915181,0.26573426573426573,0.3776223776223776,0.6013986013986014,False
ezetimibe,sevelamer,T2_moderate,233.0,37,3.4089245124736465,10.75916710325497,18.20675035455897,0.16216216216216217,0.24324324324324326,0.4594594594594595,True
ezetimibe,ustekinumab,T2_moderate,321.0,56,9.564976432793234,87.7275022051262,140.61805311826134,0.19642857142857142,0.21428571428571427,0.2857142857142857,True
famotidine,dalteparin,T2_moderate,205.0,46,2.6592391557554445,8.447887783558397,22.742675185363666,0.10869565217391304,0.2608695652173913,0.6086956521739131,False
famotidine,dextromethorphan,T1_wellpowered,2166.0,412,2.24474455746581,4.7938118374839105,7.198539782182111,0.17475728155339806,0.4174757281553398,0.7087378640776699,False
famotidine,heparin,T1_wellpowered,3487.0,428,2.1861038999642806,4.231382534495032,7.693208696969773,0.25,0.4439252336448598,0.7686915887850467,False
famotidine,levetiracetam,T1_wellpowered,2898.0,413,1.542306790417646,3.673560740342087,43.52361309669296,0.48668280871670705,0.6949152542372882,0.8619854721549637,False
famotidine,liraglutide,T2_moderate,469.0,91,2.3914915554757967,10.61412547653639,12.863608874570986,0.3076923076923077,0.4175824175824176,0.5934065934065934,False
famotidine,sevelamer,T2_moderate,692.0,120,2.4782678797626825,11.131449146881483,17.5969808881394,0.30833333333333335,0.4083333333333333,0.5583333333333333,True
famotidine,ustekinumab,T2_moderate,231.0,42,2.002728323493418,5.9699625711355635,9.722002976866252,0.38095238095238093,0.5,0.7142857142857143,True
fenofibrate,ustekinumab,T2_moderate,128.0,11,2.489203926987546,10.654787267121149,10.828085907738464,0.2727272727272727,0.45454545454545453,0.5454545454545454,True
fentanyl,dalteparin,T2_moderate,682.0,173,2.791594952174222,9.75669729375817,22.97025325336932,0.2023121387283237,0.36416184971098264,0.5375722543352601,False
fentanyl,heparin,T1_wellpowered,4660.0,391,1.7137522838215251,4.094413352133833,9.44469145074932,0.4040920716112532,0.6010230179028133,0.8593350383631714,False
fentanyl,sevelamer,T2_moderate,315.0,59,4.448213280690548,9.67017962187261,11.826984706639895,0.0847457627118644,0.1694915254237288,0.3559322033898305,True
fluconazole,atenolol,T1_wellpowered,1347.0,373,2.26333712613512,6.117220626284739,13.36344083529912,0.19839142091152814,0.39946380697050937,0.6353887399463807,False
fluconazole,dalteparin,T2_moderate,725.0,166,2.499045328878145,8.179959910381292,19.310734441247305,0.25903614457831325,0.4036144578313253,0.5903614457831325,False
fluconazole,heparin,T1_wellpowered,2466.0,410,2.0394870439028203,4.556004010101477,10.185152008536107,0.2707317073170732,0.47804878048780486,0.7926829268292683,False
fluconazole,liraglutide,T2_moderate,252.0,49,2.4723833849131895,9.451518760405394,11.83673622887695,0.20408163265306123,0.32653061224489793,0.5510204081632653,False
fluconazole,sevelamer,T2_moderate,275.0,65,4.122625330153195,13.683561142110754,22.03564320144489,0.15384615384615385,0.23076923076923078,0.4,True
fluconazole,ustekinumab,T2_moderate,149.0,19,2.1415576325006054,15.710717665767806,22.142617503222358,0.2631578947368421,0.47368421052631576,0.5789473684210527,True
fluoxetine,sevelamer,T2_moderate,134.0,15,5.520164323245943,8.826564784819134,9.380477588328462,0.13333333333333333,0.2,0.4,True
fluoxetine,ustekinumab,T2_moderate,329.0,49,1.6416033436820194,6.939949365955349,9.834907398743153,0.4489795918367347,0.5918367346938775,0.7755102040816326,True
furosemide,dalteparin,T1_wellpowered,1833.0,344,1.7706509221894633,4.9320226629094295,15.303968110209155,0.4127906976744186,0.5930232558139535,0.8168604651162791,False
furosemide,dextromethorphan,T1_wellpowered,4852.0,417,1.8908945920936557,3.837123821095189,6.6881160391992935,0.31414868105515587,0.5611510791366906,0.8489208633093526,False
furosemide,sevelamer,T1_wellpowered,2152.0,367,1.7222680293145816,6.194027650956059,13.321640569652237,0.40054495912806537,0.5749318801089919,0.7874659400544959,True
furosemide,ustekinumab,T2_moderate,663.0,137,1.5069411068178862,7.1636368989317525,10.648730615947471,0.49635036496350365,0.656934306569343,0.781021897810219,True
gabapentin,dalteparin,T3_trivial_inert,865.0,178,3.5761716725383366,42.15923805705482,166.88823390782588,0.2247191011235955,0.3258426966292135,0.449438202247191,False
gabapentin,heparin,T3_trivial_inert,4085.0,401,2.0233266835863057,6.724820607801143,22.05497275189429,0.32917705735660846,0.486284289276808,0.7206982543640897,False
gabapentin,liraglutide,T3_trivial_inert,1957.0,324,1.6657465363415596,5.520600804303872,18.15519002724361,0.41975308641975306,0.6450617283950617,0.8117283950617284,False
gabapentin,sevelamer,T3_trivial_inert,1427.0,251,2.175265998100217,7.206501111066904,14.511664480807612,0.33067729083665337,0.44223107569721115,0.6573705179282868,True
gabapentin,ustekinumab,T3_trivial_inert,795.0,153,1.2743359248686186,4.596776009205639,17.159257095907265,0.5751633986928104,0.7058823529411765,0.8300653594771242,True
glipizide,sevelamer,T2_moderate,256.0,40,2.892017698906034,10.124086614752771,15.234549167811096,0.225,0.35,0.525,True
nitroglycerin,dalteparin,T2_moderate,195.0,106,9.172204781217733,36.95041778935597,44.1371547323139,0.04716981132075472,0.07547169811320754,0.1320754716981132,False
heparin,cefuroxime,T2_moderate,599.0,199,3.0605393365037976,10.276757490985547,28.81264955515315,0.19095477386934673,0.271356783919598,0.4824120603015075,False
heparin,acyclovir,T1_wellpowered,2144.0,412,2.1744073247182096,5.212066543417577,8.861909601336698,0.26941747572815533,0.4587378640776699,0.6990291262135923,False
heparin,granisetron,T2_moderate,436.0,100,2.3373814705044573,10.06150198772295,12.34049241992894,0.16,0.35,0.64,False
heparin,oxycodone,T1_wellpowered,3774.0,398,2.4584966117798546,5.994533271944315,13.33273660051862,0.24371859296482412,0.37185929648241206,0.6432160804020101,False
heparin,tramadol,T1_wellpowered,2018.0,386,2.0728197025237955,5.220601951109972,14.023122850912971,0.29015544041450775,0.47668393782383417,0.7227979274611399,False
heparin,insulin glargine,T3_trivial_inert,1745.0,396,2.4019991096231754,6.269649154506229,14.260074993853719,0.17929292929292928,0.3409090909090909,0.648989898989899,False
heparin,conjugated estrogens,T2_moderate,189.0,95,6.256855878742363,14.221338463578578,20.64681676479106,0.031578947368421054,0.05263157894736842,0.09473684210526316,False
heparin,levetiracetam,T3_trivial_inert,1287.0,345,2.4202301510084903,6.271003393299763,16.696525534596343,0.2144927536231884,0.3681159420289855,0.6144927536231884,False
heparin,liraglutide,T3_trivial_inert,128.0,22,5.357218235468751,13.187451302660495,20.96336274061236,0.09090909090909091,0.09090909090909091,0.18181818181818182,False
heparin,methylphenidate,T2_moderate,217.0,95,4.6041374981569545,10.504300767448491,13.06944048693927,0.031578947368421054,0.09473684210526316,0.2631578947368421,False
heparin,niacin,T2_moderate,150.0,81,5.433651526431579,12.026499196428723,14.588429385409254,0.012345679012345678,0.037037037037037035,0.1728395061728395,False
heparin,pregabalin,T3_trivial_inert,1532.0,390,2.166455147213048,5.75772474950443,11.155923028867443,0.2923076923076923,0.4512820512820513,0.6717948717948717,False
heparin,raltegravir,T3_limited,68.0,16,12.527829730097295,29.977449882784928,36.21525697641914,0.0,0.0,0.0,False
heparin,albuterol,T1_wellpowered,5069.0,411,2.0393260142985405,5.809374358576353,18.168644308977296,0.29927007299270075,0.4793187347931874,0.732360097323601,False
heparin,sevelamer,T3_trivial_inert,662.0,181,2.9480202089739116,9.789160704242883,15.450775971903765,0.13812154696132597,0.30386740331491713,0.5082872928176796,True
insulin lispro,dalteparin,T3_trivial_inert,122.0,24,4.518481778431225,12.72121864305779,19.108855620665402,0.0,0.08333333333333333,0.20833333333333334,False
insulin lispro,dextromethorphan,T2_moderate,619.0,168,3.4880204515420625,11.242152125767038,15.279685592071155,0.14285714285714285,0.23214285714285715,0.4523809523809524,False
insulin lispro,heparin,T3_trivial_inert,1284.0,326,2.6610622211520445,7.735596018536826,24.73459358388572,0.15337423312883436,0.3067484662576687,0.5828220858895705,False
insulin lispro,levetiracetam,T3_trivial_inert,873.0,174,2.53494921951207,8.07991401060261,17.97948392000455,0.21264367816091953,0.367816091954023,0.6206896551724138,False
insulin lispro,liraglutide,EXCLUDED_clinical,2030.0,317,2.053924731796157,7.089411372443511,11.72125118380167,0.3186119873817035,0.4889589905362776,0.6908517350157729,False
insulin lispro,sevelamer,T3_trivial_inert,536.0,103,2.9439760334109604,8.396709757793081,10.306033440183755,0.1262135922330097,0.2912621359223301,0.5145631067961165,True
insulin lispro,ustekinumab,T3_trivial_inert,280.0,48,12.891371992449436,115.8822417911279,163.16109996882176,0.14583333333333334,0.22916666666666666,0.2708333333333333,True
hydralazine,sevelamer,T1_wellpowered,1084.0,191,2.059899714236541,6.973902162114845,12.667274593887448,0.3507853403141361,0.4712041884816754,0.7015706806282722,True
hydrochlorothiazide,dalteparin,T2_moderate,250.0,63,2.5394251365988634,7.846486494303819,10.846273821132105,0.2222222222222222,0.3492063492063492,0.5714285714285714,False
hydrochlorothiazide,heparin,T1_wellpowered,2119.0,372,2.3973017095771967,6.35253987605424,13.207657022142788,0.20161290322580644,0.3817204301075269,0.6478494623655914,False
hydrochlorothiazide,levetiracetam,T1_wellpowered,2245.0,414,1.702550234030198,3.8179950765561306,7.646948097659303,0.4251207729468599,0.6400966183574879,0.857487922705314,False
hydrochlorothiazide,sevelamer,EXCLUDED_clinical,284.0,60,3.4205740506025233,14.164752625767935,17.504713248986775,0.15,0.3,0.38333333333333336,True
hydrochlorothiazide,ustekinumab,T2_moderate,747.0,198,2.1422901210261136,33.52202257865489,162.70186126152058,0.398989898989899,0.4797979797979798,0.5707070707070707,True
hydrocodone,isosorbide,T1_wellpowered,2020.0,420,2.2063939285545953,6.372136933634944,13.190895841193324,0.23095238095238096,0.43333333333333335,0.680952380952381,False
hydrocodone,zopiclone,EXCLUDED_clinical,52.0,16,4.7724527335841405,9.01530545154361,12.717437601241325,0.0,0.0,0.25,False
hydrocodone,amoxicillin,T1_wellpowered,6032.0,404,2.0969771831037693,6.161676536791058,16.669590401823505,0.2896039603960396,0.4752475247524752,0.7153465346534653,False
hydrocodone,aspirin,EXCLUDED_clinical,19544.0,449,1.5506822753978162,3.58931996726578,13.155977953378247,0.45434298440979953,0.7394209354120267,0.9086859688195991,False
hydrocodone,benztropine,T2_moderate,243.0,72,3.675241864096476,10.12890730826002,13.937841833359547,0.1388888888888889,0.16666666666666666,0.375,False
hydrocodone,cefdinir,T1_wellpowered,873.0,223,2.718969821682866,9.446462022659125,13.668020778749307,0.13901345291479822,0.31390134529147984,0.5605381165919282,False
hydrocodone,cefuroxime,T2_moderate,643.0,155,2.691960012395402,11.924593735649896,17.49904764374076,0.21935483870967742,0.36774193548387096,0.5483870967741935,False
hydrocodone,cephalexin,T1_wellpowered,3383.0,386,2.1757140081759445,6.099659329501021,10.115898448880973,0.32124352331606215,0.4637305699481865,0.7020725388601037,False
hydrocodone,chlorhexidine,EXCLUDED_clinical,893.0,355,3.871228721441226,11.64285259286702,21.115208336253335,0.30704225352112674,0.3464788732394366,0.4225352112676056,False
hydrocodone,alfuzosin,T2_moderate,273.0,64,3.533747568602828,8.729370185863724,10.22101298689782,0.0625,0.15625,0.359375,False
hydrocodone,bisoprolol,T2_moderate,509.0,134,2.933694066960281,7.784448386180286,11.398411223657009,0.15671641791044777,0.27611940298507465,0.5074626865671642,False
hydrocodone,finasteride,T1_wellpowered,1508.0,354,2.74558587833357,6.551969995109111,8.713275415068244,0.14689265536723164,0.2768361581920904,0.5621468926553672,False
hydrocodone,glimepiride,T1_wellpowered,1442.0,299,2.363464266047078,6.981000362101736,16.084967787568566,0.2140468227424749,0.41471571906354515,0.6254180602006689,False
hydrocodone,zaleplon,EXCLUDED_clinical,158.0,27,3.2537929975748967,9.00768187945735,9.641762378020074,0.14814814814814814,0.2222222222222222,0.48148148148148145,False
hydrocodone,pemetrexed,T2_moderate,128.0,27,4.5628205785016975,11.25276165168746,13.953995556865369,0.037037037037037035,0.18518518518518517,0.4074074074074074,False
hydrocodone,warfarin,T1_wellpowered,3627.0,417,2.3130552992828197,5.507733657211676,14.359698970763613,0.19184652278177458,0.38369304556354916,0.657074340527578,False
hydrocodone,insulin glargine,T1_wellpowered,3862.0,417,2.530418481011999,5.79639892038589,16.35405866787975,0.19664268585131894,0.3405275779376499,0.6258992805755396,False
hydrocodone,conjugated estrogens,T1_wellpowered,1702.0,402,4.041425795413847,7.828657321177448,13.726203368701077,0.06965174129353234,0.1044776119402985,0.3383084577114428,False
hydrocodone,diclofenac,T1_wellpowered,4737.0,418,1.7798250353422351,5.275593062271123,10.402520356001467,0.430622009569378,0.562200956937799,0.777511961722488,False
hydrocodone,donepezil,T1_wellpowered,964.0,286,2.9769732456293436,8.74363345615091,13.56191672613741,0.17132867132867133,0.2972027972027972,0.5034965034965035,False
hydrocodone,dutasteride,T2_moderate,316.0,107,4.380396175104891,8.657406889359264,12.532529441510066,0.09345794392523364,0.17757009345794392,0.3364485981308411,False
hydrocodone,famotidine,T1_wellpowered,5383.0,431,1.8574012605520789,4.468024118126003,10.112424142543048,0.3248259860788863,0.5661252900232019,0.8329466357308585,False
hydrocodone,fenofibrate,T1_wellpowered,1736.0,366,2.2113382319259185,6.332156990812746,10.888024521854293,0.24043715846994534,0.43169398907103823,0.6584699453551912,False
hydrocodone,furosemide,T1_wellpowered,14764.0,448,1.6353637262484444,3.650132140276095,10.52270086663189,0.43526785714285715,0.6741071428571429,0.8995535714285714,False
hydrocodone,glipizide,T1_wellpowered,2700.0,418,2.3721383129413303,5.736901306968048,10.263230711318233,0.19138755980861244,0.361244019138756,0.6124401913875598,False
hydrocodone,nitroglycerin,T1_wellpowered,3304.0,419,1.9711445347063545,5.27701862807033,10.422764252008943,0.3054892601431981,0.5083532219570406,0.747016706443914,False
hydrocodone,insulin lispro,T1_wellpowered,1990.0,410,3.04175070952103,7.02403869514208,18.342442714449675,0.1902439024390244,0.2707317073170732,0.4902439024390244,False
hydrocodone,lactulose,T1_wellpowered,1354.0,391,2.7882835870225517,8.14356030557576,13.92756134651015,0.15089514066496162,0.2813299232736573,0.5524296675191815,False
hydrocodone,levofloxacin,T1_wellpowered,2624.0,384,1.7650911870512975,5.898906529788085,17.237162891684275,0.3932291666666667,0.5729166666666666,0.7916666666666666,False
hydrocodone,liraglutide,T2_moderate,609.0,119,2.9510148777013105,11.088302964628042,15.416430284505367,0.16806722689075632,0.2773109243697479,0.5042016806722689,False
hydrocodone,meloxicam,T1_wellpowered,4627.0,425,1.4055366147244603,4.548042519316508,10.30347651625491,0.5364705882352941,0.7270588235294118,0.8870588235294118,False
hydrocodone,memantine,T2_moderate,307.0,77,3.211348708275514,8.704712508897066,23.146753511650143,0.1038961038961039,0.16883116883116883,0.45454545454545453,False
hydrocodone,metformin,T1_wellpowered,10018.0,455,1.610208095567697,3.6739015908570405,7.019400114714327,0.42417582417582417,0.6637362637362637,0.8923076923076924,False
hydrocodone,methotrexate,T1_wellpowered,4962.0,438,1.5571051056978633,3.4664406510911396,6.438731729157528,0.4726027397260274,0.682648401826484,0.8926940639269406,False
hydrocodone,montelukast,T1_wellpowered,6551.0,437,1.5439691051424393,3.8828291490125193,7.178527880446815,0.4759725400457666,0.6864988558352403,0.8718535469107551,False
hydrocodone,moxifloxacin,T2_moderate,461.0,163,2.651624282957386,9.833856340137046,29.348212735037656,0.25153374233128833,0.38650306748466257,0.5398773006134969,False
hydrocodone,mupirocin,EXCLUDED_clinical,1310.0,340,2.7399666434730583,8.632047294641081,13.5465474906264,0.17941176470588235,0.35,0.5529411764705883,False
hydrocodone,naproxen,T1_wellpowered,6529.0,422,1.5515794708768869,5.5223811121018676,10.587247449211482,0.490521327014218,0.6184834123222749,0.7819905213270142,False
hydrocodone,nitrofurantoin,T1_wellpowered,1644.0,399,2.1547610036377924,7.819631487862539,14.530285230824813,0.2957393483709273,0.46365914786967416,0.6791979949874687,False
hydrocodone,omeprazole,T1_wellpowered,19319.0,450,1.4772250558608402,3.260779395667578,8.056369558582992,0.52,0.76,0.9333333333333333,False
hydrocodone,oseltamivir,T2_moderate,594.0,156,2.968499580846874,17.483974993270028,31.079233336405157,0.10897435897435898,0.2564102564102564,0.5064102564102564,False
hydrocodone,penicillin v potassium,T2_moderate,165.0,43,4.284410138914913,10.674741678280638,11.628189777116724,0.11627906976744186,0.13953488372093023,0.3023255813953488,False
hydrocodone,raltegravir,T2_moderate,192.0,33,9.468381159365551,26.54324448643985,31.186673965391577,0.030303030303030304,0.12121212121212122,0.12121212121212122,False
hydrocodone,salmeterol,T1_wellpowered,3505.0,429,2.1016832363552913,4.787164106460449,9.00673341547793,0.3006993006993007,0.46386946386946387,0.7645687645687645,False
hydrocodone,sevelamer,T2_moderate,565.0,110,2.7899702874117946,10.551788727510854,13.906788601494222,0.12727272727272726,0.2727272727272727,0.5181818181818182,True
hydrocodone,sitagliptin,T1_wellpowered,1725.0,334,2.1283370405808286,6.368271162958699,13.095064025089895,0.2634730538922156,0.46706586826347307,0.6856287425149701,False
hydrocodone,triamcinolone,T1_wellpowered,2598.0,414,2.157300816283244,6.258145464213277,12.199807479991636,0.3719806763285024,0.47101449275362317,0.678743961352657,False
hydrocodone,valganciclovir,T2_moderate,159.0,35,4.35662318787011,13.617573972215574,40.1001838617654,0.08571428571428572,0.14285714285714285,0.2571428571428571,False
hydroxychloroquine,conjugated estrogens,T1_wellpowered,1115.0,310,2.070934003416096,7.659402304307467,32.53404502136145,0.3548387096774194,0.4870967741935484,0.6935483870967742,False
hydroxychloroquine,dalteparin,T2_moderate,165.0,16,1.5055324878802847,32.77912758035308,33.654042768001084,0.5,0.5625,0.75,False
hydroxychloroquine,heparin,T1_wellpowered,1676.0,304,1.17053196740232,4.430226314058484,10.62940012885077,0.618421052631579,0.7236842105263158,0.875,False
hydroxychloroquine,levetiracetam,T1_wellpowered,841.0,235,1.8802957413969146,6.230505153675145,13.076173382222622,0.4085106382978723,0.5191489361702127,0.7361702127659574,False
hydroxychloroquine,ustekinumab,EXCLUDED_clinical,7416.0,345,5.983958680775279,39.38156077145547,89.44595545761513,0.2985507246376812,0.336231884057971,0.3710144927536232,True
lactulose,finasteride,T2_moderate,714.0,205,2.503900103946755,7.982112574413327,10.559503443475915,0.22439024390243903,0.3951219512195122,0.5853658536585366,False
lactulose,dalteparin,T3_trivial_inert,584.0,119,1.8904169138941767,7.551656083731348,11.664635179266268,0.33613445378151263,0.5378151260504201,0.680672268907563,False
lactulose,heparin,T3_trivial_inert,1170.0,337,2.2211439222244316,5.8792853390376,25.23362875076154,0.2522255192878338,0.42433234421364985,0.6943620178041543,False
lactulose,liraglutide,T3_trivial_inert,120.0,14,3.278882337913976,16.633461929072464,17.048509420130255,0.21428571428571427,0.2857142857142857,0.42857142857142855,False
lactulose,sevelamer,T3_trivial_inert,427.0,96,2.80115682203398,7.73006818937106,17.09437150858291,0.20833333333333334,0.3645833333333333,0.5520833333333334,True
lamotrigine,atenolol,T1_wellpowered,1415.0,319,1.86380806384624,4.58246537712192,22.797625229712708,0.3542319749216301,0.5360501567398119,0.8150470219435737,False
lamotrigine,heparin,T2_moderate,430.0,147,3.5373948174396266,11.02120478005439,18.941207498834025,0.14285714285714285,0.2585034013605442,0.41496598639455784,False
lamotrigine,liraglutide,T2_moderate,273.0,61,2.9680501506333377,10.995490516186438,21.937708719736257,0.11475409836065574,0.26229508196721313,0.5081967213114754,False
lamotrigine,ustekinumab,T1_wellpowered,1208.0,244,9.551073952448576,63.74219469818114,199.95124192695022,0.045081967213114756,0.05327868852459016,0.0860655737704918,True
levetiracetam,clindamycin,T2_moderate,689.0,194,2.781527573566166,6.747166038495772,13.453292417947546,0.13402061855670103,0.28350515463917525,0.5979381443298969,False
levetiracetam,atomoxetine,T2_moderate,114.0,10,3.4206460666069427,9.981095941816056,12.805024460318277,0.1,0.3,0.4,False
levetiracetam,cefuroxime,T2_moderate,220.0,43,3.441056271875019,15.545913017950767,21.684829101634566,0.09302325581395349,0.20930232558139536,0.3953488372093023,False
levetiracetam,acyclovir,T1_wellpowered,3265.0,392,1.530063483291476,4.084627987186341,32.418425154024156,0.4872448979591837,0.6836734693877551,0.8724489795918368,False
levetiracetam,alfuzosin,T2_moderate,197.0,22,2.560408349611735,8.358935230961855,10.809077061454518,0.18181818181818182,0.3181818181818182,0.6363636363636364,False
levetiracetam,bisoprolol,T1_wellpowered,2128.0,316,1.627316509392966,4.786341082588773,11.786286718836372,0.439873417721519,0.629746835443038,0.8227848101265823,False
levetiracetam,clopidogrel,T1_wellpowered,2466.0,404,1.7623340539074261,4.0518067027201,8.915663617916215,0.37623762376237624,0.5891089108910891,0.8514851485148515,False
levetiracetam,finasteride,T2_moderate,628.0,105,2.264731252672818,8.321351567027053,10.813917884668324,0.22857142857142856,0.38095238095238093,0.6095238095238096,False
levetiracetam,glimepiride,T2_moderate,297.0,58,2.5973779689930225,6.283961839238901,13.1517028953456,0.1896551724137931,0.29310344827586204,0.6379310344827587,False
levetiracetam,granisetron,T2_moderate,244.0,59,2.6853345456174464,9.379320080033976,14.138296278630182,0.11864406779661017,0.3389830508474576,0.559322033898305,False
levetiracetam,ibuprofen,T1_wellpowered,2726.0,395,1.641235884179359,3.9845304038082054,7.03619250722363,0.43544303797468353,0.640506329113924,0.850632911392405,False
levetiracetam,irbesartan,T2_moderate,536.0,105,2.092815453605241,8.40158184244702,19.383986368022903,0.37142857142857144,0.47619047619047616,0.6285714285714286,False
levetiracetam,pioglitazone,T2_moderate,206.0,40,3.277299820506586,10.262912522807019,17.89177819131375,0.125,0.25,0.475,False
levetiracetam,prednisolone,T1_wellpowered,2013.0,338,1.6022737120447619,4.684772912146512,9.388910437822584,0.44970414201183434,0.6331360946745562,0.8047337278106509,False
levetiracetam,quetiapine,T1_wellpowered,2849.0,393,1.3433621504130684,3.5522348173013545,17.78488915143611,0.5521628498727735,0.7251908396946565,0.9033078880407125,False
levetiracetam,pemetrexed,T2_moderate,311.0,67,3.245441892698486,11.75377454821517,19.445899770484807,0.11940298507462686,0.19402985074626866,0.43283582089552236,False
levetiracetam,tadalafil,T2_moderate,303.0,69,2.486383889643529,7.653739162999525,10.256382969356125,0.17391304347826086,0.37681159420289856,0.5362318840579711,False
levetiracetam,warfarin,T1_wellpowered,1185.0,270,2.045993859532021,5.5911527072607035,9.984457316300743,0.29259259259259257,0.4925925925925926,0.6962962962962963,False
levetiracetam,doxycycline,T2_moderate,771.0,192,2.2015843865524953,8.179635288470053,14.274145870430464,0.3072916666666667,0.453125,0.7083333333333334,False
levetiracetam,insulin glargine,T3_trivial_inert,1610.0,311,2.387409253044818,6.370348485939569,18.7175605360301,0.2347266881028939,0.3858520900321543,0.6045016077170418,False
levetiracetam,cinacalcet,T2_moderate,126.0,17,3.6650197514580567,18.664856600281194,21.964977809260965,0.058823529411764705,0.11764705882352941,0.29411764705882354,False
levetiracetam,dalteparin,T3_trivial_inert,389.0,108,4.145984335968699,13.614607830388335,26.809353788812338,0.21296296296296297,0.3055555555555556,0.42592592592592593,False
levetiracetam,dutasteride,T2_moderate,216.0,33,3.645569453804347,12.629617612943592,17.470157513473122,0.12121212121212122,0.21212121212121213,0.48484848484848486,False
levetiracetam,eletriptan,T2_moderate,102.0,14,2.65713860950735,5.498625983083624,7.4579077009547605,0.14285714285714285,0.2857142857142857,0.5714285714285714,False
levetiracetam,glipizide,T2_moderate,404.0,91,2.590806725735173,6.407868472989174,9.719680830845823,0.18681318681318682,0.3626373626373626,0.6373626373626373,False
levetiracetam,nitroglycerin,T2_moderate,691.0,183,2.1055956030237777,6.7547515475892395,10.381334267337731,0.2896174863387978,0.46994535519125685,0.7158469945355191,False
levetiracetam,liraglutide,T3_trivial_inert,120.0,23,4.592303133135673,10.187921372079837,10.290181978044474,0.08695652173913043,0.21739130434782608,0.30434782608695654,False
levetiracetam,meloxicam,T2_moderate,538.0,147,2.1942678837402503,6.901133653981011,9.525381099835435,0.3129251700680272,0.48299319727891155,0.6938775510204082,False
levetiracetam,memantine,T2_moderate,483.0,76,2.013107427203636,9.70125255217262,17.022940316275676,0.2236842105263158,0.5,0.7236842105263158,False
levetiracetam,methylphenidate,T2_moderate,762.0,183,2.5014615247317287,9.818326098042307,15.947885032233032,0.16939890710382513,0.3224043715846995,0.6010928961748634,False
levetiracetam,naproxen,T1_wellpowered,1189.0,269,1.847321257242233,5.227522734917376,9.849378064848175,0.40148698884758366,0.5650557620817844,0.7657992565055762,False
levetiracetam,niacin,T2_moderate,118.0,13,2.0128607824268645,5.842368616645325,6.221774150347695,0.15384615384615385,0.46153846153846156,0.6153846153846154,False
levetiracetam,olanzapine,T1_wellpowered,1575.0,294,1.7218629319981136,4.9881183494913905,38.832068585180764,0.3945578231292517,0.5884353741496599,0.7959183673469388,False
levetiracetam,omeprazole,T1_wellpowered,6474.0,440,1.3944298312577803,2.6291772018208173,5.21581846998446,0.5636363636363636,0.7954545454545454,0.9795454545454545,False
levetiracetam,oseltamivir,T2_moderate,202.0,30,3.947052423521063,16.87623812073891,18.82535399191863,0.03333333333333333,0.2,0.4,False
levetiracetam,raltegravir,T2_moderate,183.0,34,4.357767033913685,9.579965133810905,11.142896198112691,0.11764705882352941,0.20588235294117646,0.2647058823529412,False
levetiracetam,rosuvastatin,T1_wellpowered,2043.0,376,1.7348003475506282,4.269267962107426,9.395020204649832,0.4148936170212766,0.574468085106383,0.824468085106383,False
levetiracetam,albuterol,T1_wellpowered,4139.0,407,1.5118264714961338,3.268007855529615,5.329389002908074,0.4914004914004914,0.6805896805896806,0.918918918918919,False
levetiracetam,salmeterol,T1_wellpowered,834.0,197,2.23350811764192,7.995726333352615,19.02238116770118,0.26903553299492383,0.43147208121827413,0.6395939086294417,False
levetiracetam,sevelamer,T3_trivial_inert,259.0,42,3.134827510271676,7.675744832006764,10.022313643138835,0.14285714285714285,0.2619047619047619,0.42857142857142855,True
levetiracetam,solifenacin,T2_moderate,330.0,80,2.9156164589322633,7.499214499944247,11.408667435715369,0.0625,0.2375,0.5375,False
levetiracetam,ustekinumab,T3_trivial_inert,106.0,12,2.5498086248073215,4.872926670058698,5.489132715048471,0.16666666666666666,0.16666666666666666,0.5833333333333334,True
levetiracetam,zolmitriptan,T3_limited,93.0,19,2.9508285657869333,13.583768813969051,14.850885267521532,0.10526315789473684,0.3157894736842105,0.5263157894736842,False
levofloxacin,dalteparin,T2_moderate,266.0,59,2.4512718931337054,12.251677919086411,17.441306563711695,0.11864406779661017,0.3728813559322034,0.559322033898305,False
levofloxacin,heparin,T1_wellpowered,1654.0,387,2.0745917687489355,4.968439216915234,14.680791590809552,0.2842377260981912,0.48320413436692505,0.7235142118863049,False
lidocaine,dalteparin,T2_moderate,388.0,129,9.001379745609029,41.379271817159456,61.5932702694948,0.03875968992248062,0.07751937984496124,0.21705426356589147,False
lidocaine,heparin,T1_wellpowered,7146.0,417,1.7743399279376757,4.503578886465574,12.284910362919714,0.3597122302158273,0.580335731414868,0.8345323741007195,False
lidocaine,liraglutide,T2_moderate,369.0,91,3.184328479240258,10.721713831396517,14.877397620932097,0.15384615384615385,0.25274725274725274,0.4835164835164835,False
lidocaine,sevelamer,T2_moderate,500.0,101,2.8259802838767007,8.48249163228397,11.507927991426254,0.19801980198019803,0.32673267326732675,0.5346534653465347,True
liraglutide,acyclovir,T2_moderate,277.0,47,2.7838407910627705,8.96663986251657,17.43224080813874,0.19148936170212766,0.2978723404255319,0.6170212765957447,False
liraglutide,bisoprolol,T1_wellpowered,817.0,167,2.1279580109780825,7.385392453389471,16.78219077354326,0.3532934131736527,0.47904191616766467,0.6347305389221557,False
liraglutide,clopidogrel,T1_wellpowered,1210.0,216,1.8736055486908514,7.1718031634037285,16.509704367440637,0.37962962962962965,0.5138888888888888,0.6851851851851852,False
liraglutide,oxycodone,T1_wellpowered,875.0,185,2.4068481963483603,10.666106164401421,18.05586865987892,0.22702702702702704,0.41621621621621624,0.5891891891891892,False
liraglutide,tramadol,T1_wellpowered,846.0,161,1.8554565599603068,6.6140533365133125,10.593972852426129,0.36645962732919257,0.5217391304347826,0.6583850931677019,False
liraglutide,perindopril,T2_moderate,274.0,71,3.702225344761684,11.126677780142193,15.878279905992477,0.1267605633802817,0.22535211267605634,0.43661971830985913,False
lisinopril,chlorpheniramine,T1_wellpowered,5032.0,438,1.9445847634653233,4.075233464436877,5.670210921877418,0.2465753424657534,0.5205479452054794,0.8333333333333334,False
lisinopril,liraglutide,T1_wellpowered,2584.0,341,1.2916689593942872,3.811880666821515,9.662155110335798,0.5894428152492669,0.7331378299120235,0.9002932551319648,False
lisinopril,sevelamer,T1_wellpowered,1089.0,198,2.1135938337132716,9.870450124246249,19.33918809696389,0.3333333333333333,0.4797979797979798,0.6414141414141414,True
lorazepam,dalteparin,T1_wellpowered,896.0,194,1.8865104538586372,5.981725520062201,20.661278689836763,0.36597938144329895,0.520618556701031,0.7164948453608248,False
lorazepam,sevelamer,T2_moderate,498.0,120,2.823183057806215,8.436070900436219,15.067898121686872,0.24166666666666667,0.36666666666666664,0.5083333333333333,True
lorazepam,ustekinumab,T1_wellpowered,2341.0,263,14.561397526103132,47.48235996597011,90.53192603990358,0.1444866920152091,0.1596958174904943,0.19011406844106463,True
memantine,heparin,T3_limited,75.0,10,4.4509323425289455,8.654817562550758,9.386166729702895,0.0,0.0,0.1,False
metformin,atenolol,T1_wellpowered,15737.0,451,1.1735225986344788,2.4205755892292835,4.811389900451583,0.7871396895787139,0.8980044345898004,0.9866962305986696,False
metformin,dalteparin,T2_moderate,746.0,176,2.083550032474407,8.39456805534433,35.98628031493146,0.32386363636363635,0.4715909090909091,0.6477272727272727,False
metformin,dextromethorphan,T1_wellpowered,2765.0,414,2.4883303798421235,5.247764578167708,8.834805870271948,0.1642512077294686,0.33816425120772947,0.6666666666666666,False
metformin,heparin,T1_wellpowered,2132.0,393,2.1956548169872367,5.349824879853984,8.667496487153466,0.25190839694656486,0.42493638676844786,0.7506361323155216,False
metformin,levetiracetam,T1_wellpowered,3662.0,390,1.5493445989456351,3.9264471743588687,6.926150850350953,0.48717948717948717,0.6743589743589744,0.8794871794871795,False
metformin,liraglutide,EXCLUDED_clinical,11556.0,417,1.0473400780540674,2.6330147179714185,10.487508538923326,0.8081534772182254,0.9088729016786571,0.9544364508393285,False
metformin,sevelamer,EXCLUDED_clinical,214.0,36,5.400903378090736,15.02371077636544,16.67202632733041,0.1388888888888889,0.19444444444444445,0.25,True
metformin,ustekinumab,T1_wellpowered,2028.0,380,2.6452389402351435,16.65353437424179,105.70401371865093,0.21842105263157896,0.35789473684210527,0.5736842105263158,True
methadone,dalteparin,T2_moderate,146.0,26,7.265493252563507,21.289528008752004,22.3138782029932,0.19230769230769232,0.2692307692307692,0.3076923076923077,False
methadone,heparin,T2_moderate,370.0,142,3.7306386536313365,9.671760341056723,13.421298292622733,0.07042253521126761,0.14084507042253522,0.3591549295774648,False
methocarbamol,heparin,T2_moderate,367.0,182,4.04161978750782,10.896014858714413,21.357094704538877,0.016483516483516484,0.07142857142857142,0.31868131868131866,False
methocarbamol,liraglutide,T2_moderate,156.0,25,3.275512708772584,11.633779664832865,12.289397507564637,0.16,0.32,0.44,False
methocarbamol,sevelamer,T3_limited,80.0,11,8.153888566060953,13.69920332618683,15.830986581659035,0.0,0.09090909090909091,0.09090909090909091,True
methocarbamol,ustekinumab,T2_moderate,152.0,147,10.562086215936366,41.181067049145376,59.92950256074384,0.013605442176870748,0.027210884353741496,0.05442176870748299,True
methotrexate,dalteparin,T2_moderate,437.0,128,2.8107864776380884,12.579686171539779,27.151764591052665,0.2890625,0.3671875,0.53125,False
methotrexate,heparin,T1_wellpowered,1439.0,374,2.2451363594926708,6.755508980315562,13.235474850862856,0.3422459893048128,0.45989304812834225,0.6764705882352942,False
methotrexate,liraglutide,T2_moderate,551.0,140,2.087730927144836,8.217821667284582,14.219707342195708,0.3,0.44285714285714284,0.6857142857142857,False
methotrexate,sevelamer,EXCLUDED_clinical,66.0,13,3.7333523886179285,5.973769973701349,6.9778166241838715,0.0,0.07692307692307693,0.23076923076923078,True
methotrexate,ustekinumab,EXCLUDED_clinical,14258.0,381,3.9676787136889917,31.682562879921903,100.0433952523859,0.29133858267716534,0.3569553805774278,0.4435695538057743,True
methylphenidate,liraglutide,T2_moderate,145.0,33,4.88168494869829,11.471271893192547,12.518515532390941,0.12121212121212122,0.15151515151515152,0.21212121212121213,False
metoclopramide,dalteparin,T1_wellpowered,1181.0,225,2.053659073046727,7.8481152724015955,20.665758099871788,0.3111111111111111,0.4888888888888889,0.7022222222222222,False
metoclopramide,heparin,T1_wellpowered,2495.0,406,2.2564930440708943,5.3699065708674425,19.825962667071032,0.21921182266009853,0.41133004926108374,0.7192118226600985,False
metoclopramide,liraglutide,T2_moderate,250.0,46,2.477774224365855,15.36968821648828,22.165452766923018,0.21739130434782608,0.41304347826086957,0.6521739130434783,False
metoclopramide,sevelamer,T2_moderate,381.0,72,2.9385653137349497,10.543363403100427,20.484625616767563,0.20833333333333334,0.3333333333333333,0.5416666666666666,True
metoprolol,dalteparin,T2_moderate,697.0,145,2.0658398755661658,6.793678834207835,15.999424939521798,0.3931034482758621,0.47586206896551725,0.7103448275862069,False
metoprolol,liraglutide,T1_wellpowered,1927.0,313,1.7059847171188514,4.391712902569741,6.605231733381607,0.4057507987220447,0.6230031948881789,0.8210862619808307,False
metoprolol,sevelamer,T1_wellpowered,2002.0,341,1.9047448960238638,6.268977588740113,13.38253991015603,0.36656891495601174,0.5278592375366569,0.750733137829912,True
metoprolol,ustekinumab,T2_moderate,700.0,137,1.450968115339822,6.2725251094922765,12.161852536402598,0.5182481751824818,0.6496350364963503,0.8175182481751825,True
metronidazole,dalteparin,T2_moderate,755.0,162,4.299000862062835,55.51635636429237,171.70494173810638,0.19753086419753085,0.2962962962962963,0.3888888888888889,False
metronidazole,heparin,T1_wellpowered,2371.0,387,2.2647137522884173,11.7490523461204,63.95014001628205,0.28165374677002586,0.4470284237726098,0.648578811369509,False
metronidazole,liraglutide,T2_moderate,153.0,28,4.977905732054921,14.537109654438229,15.79386355597073,0.14285714285714285,0.17857142857142858,0.39285714285714285,False
metronidazole,sevelamer,T2_moderate,217.0,35,4.363227722552003,15.84303426322209,20.668537682006797,0.14285714285714285,0.17142857142857143,0.3142857142857143,True
metronidazole,ustekinumab,T2_moderate,501.0,187,2.5714928896830904,10.008350053112494,23.028511668501935,0.16042780748663102,0.3155080213903743,0.6149732620320856,True
montelukast,dalteparin,T2_moderate,171.0,63,7.945755698343944,25.380242611517147,33.98265112611657,0.047619047619047616,0.07936507936507936,0.14285714285714285,False
montelukast,levetiracetam,T1_wellpowered,1999.0,377,1.6392447680966438,4.611761107515762,8.94764882199988,0.44562334217506633,0.623342175066313,0.8275862068965517,False
montelukast,sevelamer,T2_moderate,290.0,47,2.831773864430556,9.531900159497104,14.091299026989496,0.2978723404255319,0.425531914893617,0.5319148936170213,True
montelukast,ustekinumab,T2_moderate,435.0,114,1.513922116982093,5.889652414305234,60.97421656997744,0.49122807017543857,0.7017543859649122,0.868421052631579,True
moxifloxacin,dextromethorphan,T2_moderate,279.0,200,7.399621656504584,18.18454066732432,47.497041823423544,0.015,0.045,0.14,False
moxifloxacin,heparin,T2_moderate,352.0,141,3.2200378191653565,11.302507090200118,20.320133548947084,0.1773049645390071,0.2624113475177305,0.46808510638297873,False
moxifloxacin,levetiracetam,T2_moderate,187.0,24,2.849032168237266,13.096124238656081,26.09788502516069,0.2916666666666667,0.4583333333333333,0.5416666666666666,False
moxifloxacin,ustekinumab,T2_moderate,378.0,207,14.944476241363148,43.357375917792595,71.23877016983589,0.00966183574879227,0.01932367149758454,0.04830917874396135,True
naproxen,sevelamer,T2_moderate,170.0,26,4.882665368104668,16.8242853728989,17.490839549703953,0.19230769230769232,0.2692307692307692,0.34615384615384615,True
naproxen,ustekinumab,T1_wellpowered,5138.0,382,9.218265107269367,51.06213466562867,123.37546698697827,0.23036649214659685,0.2643979057591623,0.31413612565445026,True
nitrofurantoin,dalteparin,T3_limited,86.0,15,3.3912626941757185,8.214078064218201,9.447088933775216,0.0,0.13333333333333333,0.4,False
nitrofurantoin,dextromethorphan,T2_moderate,403.0,161,3.8644735223205053,11.548524384667115,19.59897973130574,0.10559006211180125,0.21739130434782608,0.39751552795031053,False
nitrofurantoin,heparin,T2_moderate,313.0,168,3.9497248437571812,10.969178118473696,15.192360066821307,0.03571428571428571,0.11904761904761904,0.32142857142857145,False
nitrofurantoin,levetiracetam,T2_moderate,446.0,123,2.6405461689974326,10.42413251610685,21.643226384119146,0.2032520325203252,0.34959349593495936,0.5934959349593496,False
nitrofurantoin,liraglutide,T2_moderate,100.0,17,3.2081596573346167,9.948799702228584,11.201984208593718,0.058823529411764705,0.23529411764705882,0.35294117647058826,False
nortriptyline,heparin,T2_moderate,213.0,94,3.605463078948058,9.5960153646514,12.508115311562186,0.02127659574468085,0.0851063829787234,0.32978723404255317,False
nortriptyline,liraglutide,T2_moderate,107.0,21,2.630566900928576,12.066260920691542,13.069167626613666,0.23809523809523808,0.38095238095238093,0.5238095238095238,False
nortriptyline,ustekinumab,T3_limited,81.0,19,3.064099554452114,6.23834687518442,8.66551026502624,0.0,0.10526315789473684,0.47368421052631576,True
olanzapine,dalteparin,T2_moderate,188.0,36,4.0664492903343765,10.627939199597233,11.121527929230517,0.16666666666666666,0.25,0.3611111111111111,False
olanzapine,sevelamer,T2_moderate,116.0,19,3.3486445173533226,7.3129105408024415,8.928112055753566,0.05263157894736842,0.05263157894736842,0.42105263157894735,True
omeprazole,sevelamer,T1_wellpowered,1856.0,255,1.6932215723768773,5.804503095632145,33.571780086708934,0.4235294117647059,0.611764705882353,0.8,True
omeprazole,ustekinumab,T1_wellpowered,1644.0,327,1.293736530532312,13.108444580242896,22.013059006148957,0.5657492354740061,0.691131498470948,0.7981651376146789,True
ondansetron,atenolol,T1_wellpowered,3166.0,418,1.257222046565741,3.3092737949279325,49.96997605281645,0.6267942583732058,0.8277511961722488,0.937799043062201,False
ondansetron,dalteparin,T1_wellpowered,1594.0,251,2.179425796557278,22.38152218928431,49.944016144626744,0.3187250996015936,0.4701195219123506,0.6374501992031872,False
ondansetron,levetiracetam,T1_wellpowered,3799.0,406,1.3840959018661105,3.4990665360548316,21.706958461028698,0.5640394088669951,0.7364532019704434,0.9211822660098522,False
ondansetron,sevelamer,T2_moderate,786.0,143,2.1773000362247523,7.408924376674245,25.210009123393142,0.3076923076923077,0.45454545454545453,0.6363636363636364,True
ondansetron,ustekinumab,T2_moderate,431.0,80,3.9058554234570346,115.7593709811276,151.5277402071423,0.2875,0.3375,0.4375,True
oseltamivir,dalteparin,T2_moderate,324.0,84,12.781312919242279,108.1489065345883,140.76863690872662,0.047619047619047616,0.07142857142857142,0.16666666666666666,False
oseltamivir,heparin,T2_moderate,662.0,134,5.883763897893623,65.13043225837475,195.2856160202588,0.16417910447761194,0.208955223880597,0.3208955223880597,False
pantoprazole,liraglutide,T1_wellpowered,1769.0,268,1.4292586294908132,8.51429078451725,77.04693238156005,0.5223880597014925,0.6716417910447762,0.7985074626865671,False
pantoprazole,sevelamer,T1_wellpowered,1954.0,313,1.6008125248676262,6.120712885500047,15.112393081379835,0.476038338658147,0.6134185303514377,0.7795527156549521,True
pantoprazole,ustekinumab,T1_wellpowered,5444.0,370,6.234363034638969,48.17575619901128,181.82208943508422,0.3054054054054054,0.35945945945945945,0.4027027027027027,True
acetaminophen,liraglutide,T1_wellpowered,1930.0,351,1.8367952632967846,5.904716014425573,11.432851735752687,0.3732193732193732,0.5356125356125356,0.7492877492877493,False
acetaminophen,sevelamer,T1_wellpowered,1952.0,324,1.9410687350982245,6.934942597372951,16.622088794695703,0.39197530864197533,0.5185185185185185,0.7160493827160493,True
acetaminophen,ustekinumab,T1_wellpowered,7632.0,363,5.248684664358674,80.61357403475046,257.0900990454098,0.3774104683195592,0.418732782369146,0.4573002754820937,True
paroxetine,sevelamer,T2_moderate,130.0,27,4.963645043437675,9.08863692253568,9.710882686496728,0.1111111111111111,0.14814814814814814,0.3333333333333333,True
paroxetine,ustekinumab,T2_moderate,218.0,184,5.560062338407746,15.744507424150832,40.38920972495714,0.010869565217391304,0.03260869565217391,0.15217391304347827,True
penicillin v potassium,heparin,T3_limited,62.0,19,5.424753652143225,8.933414701341208,9.838365786997397,0.05263157894736842,0.05263157894736842,0.15789473684210525,False
phenazopyridine,citalopram,T2_moderate,229.0,59,2.30400288022809,8.622507267159115,9.876795351508884,0.2033898305084746,0.423728813559322,0.5932203389830508,False
phenazopyridine,conjugated estrogens,T2_moderate,186.0,62,3.348832027118231,8.211738670978306,14.013788340125453,0.0967741935483871,0.16129032258064516,0.3870967741935484,False
phenazopyridine,dextromethorphan,T2_moderate,168.0,55,3.13753378450474,7.5803198970992955,8.436322433993082,0.0,0.07272727272727272,0.43636363636363634,False
phenazopyridine,heparin,T2_moderate,140.0,66,3.7957356038593506,7.950919328741157,10.6369187224642,0.0,0.015151515151515152,0.2878787878787879,False
phenytoin,dalteparin,T2_moderate,124.0,25,4.5106672508255805,17.882806563006135,21.526101370499013,0.04,0.16,0.4,False
pravastatin,liraglutide,T2_moderate,721.0,143,2.0906924626253125,7.0465028149345965,11.285253505754556,0.34965034965034963,0.4825174825174825,0.6643356643356644,False
pravastatin,sevelamer,T2_moderate,385.0,74,3.252806337757221,10.419376551036649,15.806892993459352,0.2702702702702703,0.3783783783783784,0.4594594594594595,True
pravastatin,ustekinumab,T2_moderate,189.0,21,1.3798300786449138,4.489754794359989,9.232291751814955,0.5238095238095238,0.6666666666666666,0.7619047619047619,True
prednisone,sevelamer,T1_wellpowered,1061.0,239,2.2756964215715008,10.039953281551037,18.57771922616229,0.3263598326359833,0.4476987447698745,0.606694560669456,True
pregabalin,liraglutide,T3_trivial_inert,1105.0,235,1.8120795599198658,6.205540321647909,12.021749809561994,0.37872340425531914,0.5702127659574469,0.7489361702127659,False
raloxifene,levetiracetam,T3_limited,86.0,12,3.824846824497443,6.325457934194228,6.442983016418557,0.16666666666666666,0.25,0.3333333333333333,False
raltegravir,sevelamer,T3_limited,60.0,16,10.408831622439756,17.87559520859277,18.98266593626448,0.0,0.0,0.0,True
ramipril,dextromethorphan,T2_moderate,486.0,271,12.554506438294107,26.6697063492115,38.594036529473605,0.033210332103321034,0.05904059040590406,0.08487084870848709,False
ramipril,levetiracetam,T1_wellpowered,1708.0,273,1.5640645965834798,5.738216892625224,9.779891782992172,0.46886446886446886,0.6227106227106227,0.7582417582417582,False
ramipril,sevelamer,T2_moderate,196.0,38,3.2656857531669976,13.944151045573346,15.93298836737362,0.21052631578947367,0.3157894736842105,0.5,True
ramipril,ustekinumab,T1_wellpowered,3735.0,317,13.242409287988597,47.40753634006478,112.69905092931043,0.1608832807570978,0.19558359621451105,0.24290220820189273,True
ranitidine,dalteparin,T2_moderate,397.0,161,3.876636248273096,13.160159895453404,16.17426538829225,0.07453416149068323,0.19254658385093168,0.34782608695652173,False
ranitidine,heparin,T1_wellpowered,1641.0,362,2.542876016595561,7.615060542350526,18.773787408396483,0.1574585635359116,0.3425414364640884,0.6187845303867403,False
ranitidine,liraglutide,T2_moderate,313.0,48,3.0680960225125533,14.154493239474101,17.82569222480545,0.16666666666666666,0.3333333333333333,0.4583333333333333,False
ranitidine,sevelamer,T2_moderate,379.0,74,4.072656887304619,10.940785960492498,16.77826724569668,0.06756756756756757,0.10810810810810811,0.32432432432432434,True
ranitidine,ustekinumab,T1_wellpowered,1199.0,262,9.107107470294254,79.58246594149269,191.83156684541416,0.05343511450381679,0.06870229007633588,0.09541984732824428,True
risperidone,dalteparin,T2_moderate,108.0,14,6.89495077113409,12.922265057439779,13.217643841321191,0.0,0.07142857142857142,0.2857142857142857,False
ropinirole,heparin,T2_moderate,178.0,44,3.844643751631727,10.664824713807231,11.380134916577553,0.045454545454545456,0.11363636363636363,0.29545454545454547,False
ropinirole,liraglutide,T2_moderate,115.0,19,2.3427913601656805,7.585809663808711,8.071285499548909,0.05263157894736842,0.21052631578947367,0.5789473684210527,False
ropinirole,sevelamer,T3_limited,94.0,12,5.630429822242917,10.743227327986336,13.406618997755613,0.08333333333333333,0.16666666666666666,0.16666666666666666,True
rosuvastatin,sevelamer,T2_moderate,514.0,106,3.0579333957170114,10.546491982981614,11.86705143897949,0.24528301886792453,0.3490566037735849,0.4811320754716981,True
rosuvastatin,ustekinumab,T1_wellpowered,826.0,138,2.6484545628725886,51.59988791260419,136.90462471589947,0.42028985507246375,0.43478260869565216,0.5217391304347826,True
salmeterol,citalopram,T1_wellpowered,3703.0,405,1.6391962764646124,7.791943914473591,60.86425086668067,0.454320987654321,0.6345679012345679,0.8271604938271605,False
salmeterol,sevelamer,T2_moderate,188.0,34,4.40735402743784,9.356288374303794,11.102969528894041,0.17647058823529413,0.20588235294117646,0.38235294117647056,True
salmeterol,ustekinumab,T2_moderate,171.0,40,2.0640947438860953,9.025493973702291,13.957580680656182,0.15,0.45,0.725,True
sevelamer,acyclovir,T2_moderate,547.0,103,2.196066008498831,6.86398208748084,11.282686770901984,0.17475728155339806,0.42718446601941745,0.6893203883495146,True
sevelamer,amitriptyline,T2_moderate,272.0,50,3.3979639780943494,13.370638089496484,16.430515426294278,0.22,0.32,0.4,True
sevelamer,bisoprolol,T2_moderate,396.0,89,3.0240763936413053,12.983601065042857,14.981583770586129,0.30337078651685395,0.42696629213483145,0.4943820224719101,True
sevelamer,clonazepam,T2_moderate,298.0,58,2.496930104707599,8.505280798225122,10.710863323215172,0.20689655172413793,0.39655172413793105,0.5172413793103449,True
sevelamer,clopidogrel,T1_wellpowered,929.0,197,2.527201215552667,8.207570506404872,11.75657958035752,0.2639593908629442,0.36548223350253806,0.5786802030456852,True
sevelamer,clotrimazole,EXCLUDED_clinical,77.0,12,8.318883915949417,20.006679135512737,22.458023277350183,0.0,0.08333333333333333,0.16666666666666666,True
sevelamer,finasteride,T2_moderate,158.0,29,4.14273753724315,11.569588313721141,15.32877038746008,0.06896551724137931,0.06896551724137931,0.20689655172413793,True
sevelamer,glimepiride,EXCLUDED_clinical,108.0,16,9.020340832809296,13.171854194869551,14.261794679189045,0.0,0.1875,0.25,True
sevelamer,ibuprofen,T2_moderate,280.0,49,3.2694680411482118,16.699768716122215,22.267026843197876,0.16326530612244897,0.32653061224489793,0.4489795918367347,True
sevelamer,irbesartan,T2_moderate,170.0,18,3.3695555923430702,6.903162023135066,12.645592040415456,0.16666666666666666,0.3333333333333333,0.3333333333333333,True
sevelamer,ketoconazole,T3_limited,65.0,10,9.341925752358122,15.871836727766363,18.671668525584888,0.0,0.0,0.0,True
sevelamer,lansoprazole,T2_moderate,722.0,81,2.300791735344725,13.220734160084316,25.65061634413329,0.37037037037037035,0.4567901234567901,0.6419753086419753,True
sevelamer,losartan,T1_wellpowered,873.0,155,2.1110200653268483,6.402814807154186,10.193750120381987,0.3741935483870968,0.4645161290322581,0.6258064516129033,True
sevelamer,lovastatin,T2_moderate,104.0,18,5.54911307004604,11.766813003533242,12.109736909142061,0.0,0.1111111111111111,0.2777777777777778,True
sevelamer,oxycodone,T1_wellpowered,930.0,199,2.933010637982368,10.270805324330585,13.055353242645767,0.25125628140703515,0.33668341708542715,0.5175879396984925,True
sevelamer,prednisolone,T2_moderate,223.0,46,4.080569542323646,9.777457259172031,13.688931894047588,0.10869565217391304,0.15217391304347827,0.2826086956521739,True
sevelamer,quetiapine,T2_moderate,179.0,33,4.1807162714565544,8.589736141603003,11.66800223937082,0.15151515151515152,0.2727272727272727,0.42424242424242425,True
sevelamer,temazepam,T2_moderate,201.0,38,3.8779786534028347,9.787753294674623,14.233938295505483,0.10526315789473684,0.2894736842105263,0.4473684210526316,True
sevelamer,tramadol,T2_moderate,611.0,105,2.164501193395018,10.895308721276821,11.802183197351196,0.3238095238095238,0.44761904761904764,0.6285714285714286,True
sevelamer,trazodone,T2_moderate,325.0,74,3.1279018425665917,9.692100433961308,15.392461195208943,0.17567567567567569,0.33783783783783783,0.5,True
sevelamer,tadalafil,T2_moderate,144.0,37,4.2001213661146535,9.120373350984,11.313073310861126,0.05405405405405406,0.16216216216216217,0.32432432432432434,True
sevelamer,warfarin,T2_moderate,650.0,151,3.0356960669951984,8.701031339007836,14.054090336275351,0.2052980132450331,0.32450331125827814,0.4966887417218543,True
sevelamer,doxycycline,T2_moderate,224.0,42,3.1786147980869446,15.995145069036804,17.58062778617741,0.19047619047619047,0.30952380952380953,0.5,True
sevelamer,insulin glargine,T3_trivial_inert,988.0,192,2.8429530100790816,8.843029214806654,28.01038863879057,0.1875,0.328125,0.515625,True
sevelamer,pregabalin,T3_trivial_inert,539.0,95,1.9663341235620218,6.629854793344409,13.96460706245273,0.4,0.5263157894736842,0.6526315789473685,True
sevelamer,albuterol,T2_moderate,778.0,186,2.7276193997556977,7.414731957583476,14.306569715408516,0.23118279569892472,0.3548387096774194,0.5376344086021505,True
sevelamer,sertraline,T2_moderate,503.0,106,2.784037506053911,7.463208266471318,11.320596933670323,0.22641509433962265,0.3490566037735849,0.5377358490566038,True
sildenafil,dalteparin,T2_moderate,102.0,14,4.086085386371823,11.685910569479418,12.16820966312587,0.0,0.14285714285714285,0.35714285714285715,False
sildenafil,levetiracetam,T2_moderate,519.0,147,2.763619776451747,8.44392979110824,11.76542021813569,0.1360544217687075,0.2653061224489796,0.5714285714285714,False
sildenafil,sevelamer,T2_moderate,240.0,69,4.359088043657428,9.41743672246566,10.070046446184168,0.057971014492753624,0.13043478260869565,0.3333333333333333,True
simvastatin,atenolol,T1_wellpowered,16834.0,447,1.2532137567606048,2.120720336237017,4.1624547106313505,0.7136465324384788,0.9261744966442953,0.9910514541387024,False
simvastatin,sevelamer,T1_wellpowered,872.0,175,2.3062407598898598,8.055029743049312,13.739304177184314,0.2914285714285714,0.4057142857142857,0.6171428571428571,True
sitagliptin,heparin,T2_moderate,444.0,137,3.2467690518725805,8.82006586546497,21.40409058412801,0.10218978102189781,0.25547445255474455,0.46715328467153283,False
sitagliptin,levetiracetam,T2_moderate,673.0,136,2.3067745901605057,8.871180769602432,22.349632113765754,0.23529411764705882,0.39705882352941174,0.5735294117647058,False
sitagliptin,liraglutide,EXCLUDED_clinical,1672.0,263,1.9321303426921725,7.57963811660732,13.369978769377969,0.376425855513308,0.5095057034220533,0.6768060836501901,False
sitagliptin,sevelamer,T2_moderate,169.0,22,5.148575567397884,9.886187067200824,10.722384030280514,0.13636363636363635,0.2727272727272727,0.36363636363636365,True
sitagliptin,ustekinumab,T2_moderate,390.0,57,14.310625191179112,160.10448685249426,180.9128144271908,0.17543859649122806,0.24561403508771928,0.2807017543859649,True
solifenacin,liraglutide,T2_moderate,128.0,18,2.757617622089813,12.107112888625299,13.098624465988651,0.1111111111111111,0.3888888888888889,0.5555555555555556,False
terazosin,sevelamer,T3_limited,75.0,16,5.4872849321918125,10.716681151463728,10.964893548339308,0.0,0.0,0.1875,True
tetracycline,atenolol,T2_moderate,109.0,21,3.174522346587813,9.051257512914844,11.422971335203396,0.047619047619047616,0.14285714285714285,0.47619047619047616,False
tetracycline,heparin,T3_limited,85.0,16,5.651925900724692,14.43414176833509,14.77505589382361,0.0,0.0625,0.1875,False
tetracycline,ustekinumab,T2_moderate,273.0,178,8.357470007200963,34.314229981102194,75.17091663138558,0.0056179775280898875,0.016853932584269662,0.0449438202247191,True
triamcinolone,dextromethorphan,T1_wellpowered,1107.0,382,3.847379582687057,8.026163996539943,12.51811749844493,0.07329842931937172,0.14136125654450263,0.3219895287958115,False
triamcinolone,levetiracetam,T2_moderate,609.0,128,1.8847958597444912,7.085034443911796,15.36876225885249,0.3828125,0.515625,0.6796875,False
triamcinolone,sevelamer,T2_moderate,122.0,20,3.9637013881976157,8.519903806451275,8.85113005887321,0.2,0.25,0.45,True
triamterene,dextromethorphan,T2_moderate,291.0,103,3.3548321839723823,8.457505557685062,11.072104807315556,0.02912621359223301,0.0970873786407767,0.4174757281553398,False
triamterene,levetiracetam,T2_moderate,192.0,50,2.5146351219543277,6.163439116602637,8.539573057683745,0.12,0.22,0.62,False
triamterene,liraglutide,T2_moderate,122.0,17,2.556084782750674,6.984525640368253,9.877045002911572,0.17647058823529413,0.23529411764705882,0.6470588235294118,False
triamterene,ustekinumab,T3_limited,58.0,17,12.278449103287368,20.53267044972568,22.24253372406492,0.0,0.0,0.0,True
ustekinumab,acyclovir,T3_limited,81.0,10,2.4394640336834783,6.61725787566332,7.288791007182739,0.2,0.2,0.6,True
ustekinumab,amitriptyline,T2_moderate,525.0,206,2.1040194085289547,8.420195057116208,18.735867471245992,0.2912621359223301,0.46116504854368934,0.6650485436893204,True
ustekinumab,bisoprolol,T2_moderate,648.0,145,3.6767559265534313,55.440137093693636,124.39911326773809,0.3103448275862069,0.38620689655172413,0.46206896551724136,True
ustekinumab,clopidogrel,T2_moderate,419.0,63,1.507025981599833,8.674550947311179,17.587040766868892,0.47619047619047616,0.6190476190476191,0.746031746031746,True
ustekinumab,clotrimazole,EXCLUDED_clinical,120.0,145,5.996618860401183,15.645829093883668,26.054850408573675,0.0,0.020689655172413793,0.07586206896551724,True
ustekinumab,finasteride,T3_limited,76.0,10,3.8920347050031845,8.66793697224711,9.675828708645989,0.2,0.2,0.3,True
ustekinumab,glimepiride,T2_moderate,105.0,28,3.986429165472324,10.402628245978997,11.071802268672288,0.07142857142857142,0.10714285714285714,0.35714285714285715,True
ustekinumab,ibuprofen,T1_wellpowered,4052.0,323,10.859331475614296,41.652098745730925,71.35675851440529,0.20743034055727555,0.26006191950464397,0.30030959752321984,True
ustekinumab,irbesartan,T2_moderate,332.0,70,12.512297584184076,151.16834303147417,183.1802895650275,0.11428571428571428,0.18571428571428572,0.3,True
ustekinumab,ketoconazole,T3_limited,98.0,15,4.38772493748582,11.243665772579249,11.77790617015645,0.0,0.06666666666666667,0.26666666666666666,True
ustekinumab,lansoprazole,T1_wellpowered,2316.0,282,12.757870089769405,48.20123352903221,94.57942652912098,0.15602836879432624,0.18439716312056736,0.22695035460992907,True
ustekinumab,losartan,T2_moderate,693.0,111,1.1269209357333274,6.124528409960924,7.972704296231823,0.6486486486486487,0.7207207207207207,0.8558558558558559,True
ustekinumab,quetiapine,T1_wellpowered,2765.0,241,17.292782823245393,57.9142421935066,126.12722473595402,0.07468879668049792,0.0912863070539419,0.13692946058091288,True
ustekinumab,temazepam,T2_moderate,186.0,170,6.075461528943812,21.061325395484428,25.977587806580754,0.0058823529411764705,0.029411764705882353,0.14705882352941177,True
ustekinumab,tramadol,T1_wellpowered,3130.0,310,8.984706287987962,36.643253695308616,165.72302683277275,0.23548387096774193,0.2709677419354839,0.3032258064516129,True
ustekinumab,trazodone,T2_moderate,501.0,240,7.265454290881149,23.167043182755357,55.16412721553653,0.016666666666666666,0.04583333333333333,0.12083333333333333,True
ustekinumab,perindopril,T2_moderate,233.0,74,4.371341907551283,22.387193051938095,30.335168457465645,0.08108108108108109,0.1891891891891892,0.33783783783783783,True
ustekinumab,doxycycline,T1_wellpowered,2517.0,267,11.80232840709614,42.42018038368848,115.72285020462803,0.10486891385767791,0.12734082397003746,0.18352059925093633,True
ustekinumab,insulin glargine,T3_trivial_inert,400.0,63,6.589958055318459,110.0995980022765,131.16459609592576,0.14285714285714285,0.25396825396825395,0.38095238095238093,True
ustekinumab,diphenhydramine,T1_wellpowered,1986.0,321,8.789435727917216,34.58252830915509,104.32095792929957,0.14018691588785046,0.16510903426791276,0.21495327102803738,True
ustekinumab,meloxicam,T1_wellpowered,1223.0,291,11.191318209991202,40.554041430414614,91.09740240195084,0.054982817869415807,0.08247422680412371,0.15120274914089346,True
ustekinumab,niacin,T3_limited,25.0,21,10.636843660972056,13.129055727325092,13.648156368552103,0.0,0.0,0.0,True
ustekinumab,pregabalin,T3_trivial_inert,2917.0,339,8.233698918178131,38.22415490457967,85.41148459501318,0.20943952802359883,0.24778761061946902,0.29793510324483774,True
ustekinumab,albuterol,T1_wellpowered,1096.0,296,5.886038202584791,27.82427266240078,82.7443529765486,0.12162162162162163,0.18243243243243243,0.22972972972972974,True
ustekinumab,sertraline,T2_moderate,565.0,87,1.3572060387384894,6.9675476898353415,10.284197909701211,0.5287356321839081,0.632183908045977,0.7586206896551724,True
valganciclovir,atenolol,T2_moderate,188.0,45,3.1965045644008088,9.932505026186048,10.74497612522329,0.2,0.3111111111111111,0.4666666666666667,False
valganciclovir,chlorpheniramine,T2_moderate,109.0,22,3.9635401851042116,9.501179485586867,10.719735912622973,0.045454545454545456,0.13636363636363635,0.3181818181818182,False
valganciclovir,dextromethorphan,T3_limited,62.0,13,5.706097934592254,9.30945940723142,10.319321242441443,0.0,0.0,0.0,False
valganciclovir,heparin,T2_moderate,560.0,149,2.620576842066613,8.224660340539764,19.552498439676516,0.20134228187919462,0.3221476510067114,0.5838926174496645,False
valganciclovir,levetiracetam,T2_moderate,314.0,58,2.6599234334904196,11.010524994845992,17.21239099368085,0.2413793103448276,0.3275862068965517,0.5689655172413793,False
valganciclovir,sevelamer,T2_moderate,141.0,28,4.6028996735375,10.577061456836313,13.941029448137265,0.07142857142857142,0.10714285714285714,0.21428571428571427,True
venlafaxine,liraglutide,T2_moderate,500.0,88,2.027412232286608,10.524722048620253,21.323421878199692,0.4090909090909091,0.5,0.6704545454545454,False
venlafaxine,sevelamer,T2_moderate,128.0,27,4.004235042650251,8.603015257766394,11.315694615467786,0.1111111111111111,0.25925925925925924,0.3333333333333333,True
venlafaxine,ustekinumab,T2_moderate,295.0,75,2.273334953573529,10.153008661128714,14.315061148703185,0.3466666666666667,0.4266666666666667,0.6933333333333334,True
zolpidem,dalteparin,T2_moderate,195.0,29,2.3284372178807766,7.709331305415529,8.645519352756429,0.1724137931034483,0.3793103448275862,0.6551724137931034,False
zolpidem,sevelamer,T2_moderate,479.0,125,3.9634394479864365,10.317254400799865,13.410728997279307,0.16,0.256,0.4,True
zolpidem,ustekinumab,T2_moderate,483.0,88,3.3309065997842184,113.64260157609893,153.05898843074084,0.3409090909090909,0.42045454545454547,0.4659090909090909,True
warfarin,fluconazole,POSITIVE_CONTROL,1304.0,365,2.5162607048106747,6.652764567418704,11.102591828917413,0.21643835616438356,0.3643835616438356,0.5917808219178082,False
clarithromycin,simvastatin,POSITIVE_CONTROL,1999.0,324,2.0777197088852866,7.754028102900529,37.32648354353322,0.35185185185185186,0.48148148148148145,0.7006172839506173,False
fluoxetine,tramadol,POSITIVE_CONTROL,6160.0,424,1.340213713444529,4.840985840672799,22.06135593033238,0.5919811320754716,0.7712264150943396,0.8867924528301887,False
methotrexate,trimethoprim,POSITIVE_CONTROL,12624.0,405,2.5528085245324585,18.42446708574087,72.01809341001453,0.30864197530864196,0.4222222222222222,0.5530864197530864,False
clopidogrel,omeprazole,POSITIVE_CONTROL,18870.0,461,1.211124089482875,2.086991181910554,6.007250373650019,0.7635574837310195,0.9175704989154013,0.9934924078091106,False
digoxin,amiodarone,POSITIVE_CONTROL,4815.0,425,1.9198798039032798,4.32853870858222,7.192479864412871,0.30117647058823527,0.5294117647058824,0.8094117647058824,False
lithium,hydrochlorothiazide,POSITIVE_CONTROL,915.0,269,2.040339300991836,5.87584512000898,9.228691382473974,0.2936802973977695,0.49070631970260226,0.7286245353159851,False
sildenafil,nitroglycerin,POSITIVE_CONTROL,957.0,298,2.891210342639969,8.795531703939828,35.85758325232891,0.17114093959731544,0.3053691275167785,0.540268456375839,False
warfarin,ciprofloxacin,POSITIVE_CONTROL,1964.0,377,2.2193507258173937,6.147598449615761,12.022140994724765,0.23342175066312998,0.4403183023872679,0.6870026525198939,False
colchicine,clarithromycin,POSITIVE_CONTROL,495.0,137,4.0583794973363485,16.002823850705106,59.24863183576061,0.08759124087591241,0.20437956204379562,0.35036496350364965,False
cyclosporine,fluconazole,POSITIVE_CONTROL,2730.0,383,1.953694828577077,4.752052491717428,14.198314922649935,0.360313315926893,0.5195822454308094,0.7650130548302873,False
amiodarone,simvastatin,POSITIVE_CONTROL,5032.0,399,1.8553946784987623,6.7379816152359275,17.42161211973594,0.37343358395989973,0.543859649122807,0.7694235588972431,False
